utc,monotonic_ns_start,command_id,state,latency_ms,response_hex,payload_hex
2026-10-04T12:07:42.581590+00:00,183954372992541,1,ok,1.892,244d3e030100020505,000205
2026-10-04T12:07:42.591566+00:00,183954375173291,2,ok,9.693,244d3e0402494e415616,494e4156
2026-10-04T12:07:42.601922+00:00,183954384883458,3,ok,10.339,244d3e030309010008,090100
2026-10-04T12:07:42.611921+00:00,183954395234291,4,ok,9.987,244d3e18044d373241000002010f4d414d4241463732325f323032324136,4d373241000002010f4d414d4241463732325f3230323241
2026-10-04T12:07:42.622015+00:00,183954405235083,101,ok,10.076,244d3e0b65f6033700c1800000004000ad,f6033700c1800000004000
2026-10-04T12:07:42.632100+00:00,183954415334708,106,ok,10.064,244d3e126a000000000000000000000000000000000f2750,000000000000000000000000000000000f27
2026-10-04T12:07:42.642076+00:00,183954425429375,107,ok,9.944,244d3e056b00000000006e,0000000000
2026-10-04T12:07:42.652107+00:00,183954435414416,108,ok,9.989,244d3e066c7aff56fd650120,7aff56fd6501
2026-10-04T12:07:42.662053+00:00,183954445442500,109,ok,9.908,244d3e0a6d0000000000000000000067,00000000000000000000
2026-10-04T12:07:42.672471+00:00,183954455377666,110,ok,10.388,244d3e076e0a00000000000063,0a000000000000
2026-10-04T12:07:42.682629+00:00,183954465832458,120,ok,10.092,244d3efc78e803d007dc05640000ff00000000e803d007dc05640000ff00000000e803d007dc05640000ff00000000e803d007dc05640000ff00000000e803d007dc05640000ff00000000e803d007dc05640000ff00000000e803d007dc05640000ff00000000e803d007dc05640000ff00000000e803d007dc05640000ff00000000e803d007dc05640000ff00000000e803d007dc05640000ff00000000e803d007dc05640000ff00000000e803d007dc05640000ff00000000e803d007dc05640000ff00000000e803d007dc05640000ff00000000e803d007dc05640000ff00000000e803d007dc05640000ff00000000e803d007dc05640000ff0000000084,e803d007dc05640000ff00000000e803d007dc05640000ff00000000e803d007dc05640000ff00000000e803d007dc05640000ff00000000e803d007dc05640000ff00000000e803d007dc05640000ff00000000e803d007dc05640000ff00000000e803d007dc05640000ff00000000e803d007dc05640000ff00000000e803d007dc05640000ff00000000e803d007dc05640000ff00000000e803d007dc05640000ff00000000e803d007dc05640000ff00000000e803d007dc05640000ff00000000e803d007dc05640000ff00000000e803d007dc05640000ff00000000e803d007dc05640000ff00000000e803d007dc05640000ff00000000
2026-10-04T12:07:42.692508+00:00,183954475993541,122,error_or_bad_checksum,9.806,244d21007a7a,
2026-10-04T12:07:42.702803+00:00,183954485879125,151,ok,10.222,244d3e09970001010002020001009f,000101000202000100
2026-10-04T12:07:42.712858+00:00,183954496138541,166,ok,10.013,244d3e15a60000000000001d000000000000000f270f270f270086,0000000000001d000000000000000f270f270f2700
2026-10-04T12:07:43.592473+00:00,183955378351791,1,ok,7.378,244d3e030100020505,000205
2026-10-04T12:07:43.602451+00:00,183955385901583,2,ok,9.837,244d3e0402494e415616,494e4156
2026-10-04T12:07:43.612801+00:00,183955395865708,3,ok,10.218,244d3e030309010008,090100
2026-10-04T12:07:43.623044+00:00,183955406238833,4,ok,10.096,244d3e18044d373241000002010f4d414d4241463732325f323032324136,4d373241000002010f4d414d4241463732325f3230323241
2026-10-04T12:07:43.635113+00:00,183955416521833,101,ok,11.871,244d3e0b65ea033700c1800000004000b1,ea033700c1800000004000
2026-10-04T12:07:43.643284+00:00,183955428548250,106,ok,7.994,244d3e126a000000000000000000000000000000000f2750,000000000000000000000000000000000f27
2026-10-04T12:07:43.653213+00:00,183955436842458,107,ok,9.660,244d3e056b00000000006e,0000000000
2026-10-04T12:07:43.663214+00:00,183955446710208,108,ok,9.793,244d3e066c7aff56fd660123,7aff56fd6601
2026-10-04T12:07:43.673114+00:00,183955456614291,109,ok,9.794,244d3e0a6d0000000000000000000067,00000000000000000000
2026-10-04T12:07:43.683123+00:00,183955466474083,110,ok,9.943,244d3e076e0a00000000000063,0a000000000000
2026-10-04T12:07:43.693382+00:00,183955476484916,120,ok,10.192,244d3efc78e803d007dc05640000ff00000000e803d007dc05640000ff00000000e803d007dc05640000ff00000000e803d007dc05640000ff00000000e803d007dc05640000ff00000000e803d007dc05640000ff00000000e803d007dc05640000ff00000000e803d007dc05640000ff00000000e803d007dc05640000ff00000000e803d007dc05640000ff00000000e803d007dc05640000ff00000000e803d007dc05640000ff00000000e803d007dc05640000ff00000000e803d007dc05640000ff00000000e803d007dc05640000ff00000000e803d007dc05640000ff00000000e803d007dc05640000ff00000000e803d007dc05640000ff0000000084,e803d007dc05640000ff00000000e803d007dc05640000ff00000000e803d007dc05640000ff00000000e803d007dc05640000ff00000000e803d007dc05640000ff00000000e803d007dc05640000ff00000000e803d007dc05640000ff00000000e803d007dc05640000ff00000000e803d007dc05640000ff00000000e803d007dc05640000ff00000000e803d007dc05640000ff00000000e803d007dc05640000ff00000000e803d007dc05640000ff00000000e803d007dc05640000ff00000000e803d007dc05640000ff00000000e803d007dc05640000ff00000000e803d007dc05640000ff00000000e803d007dc05640000ff00000000
2026-10-04T12:07:43.703123+00:00,183955486757291,122,error_or_bad_checksum,9.661,244d21007a7a,
2026-10-04T12:07:43.713245+00:00,183955496475875,151,ok,10.055,244d3e09970001010002020001009f,000101000202000100
2026-10-04T12:07:43.723202+00:00,183955506644250,166,ok,9.854,244d3e15a60000000000001d000000000000000f270f270f270086,0000000000001d000000000000000f270f270f2700
2026-10-04T12:07:44.591196+00:00,183956383326500,1,ok,1.163,244d3e030100020505,000205
2026-10-04T12:07:44.601515+00:00,183956384584708,2,ok,10.218,244d3e0402494e415616,494e4156
2026-10-04T12:07:44.611364+00:00,183956395013250,3,ok,9.635,244d3e030309010008,090100
2026-10-04T12:07:44.621375+00:00,183956404795458,4,ok,9.868,244d3e18044d373241000002010f4d414d4241463732325f323032324136,4d373241000002010f4d414d4241463732325f3230323241
2026-10-04T12:07:44.631638+00:00,183956414796083,101,ok,10.132,244d3e0b65ed033700c1800000004000b6,ed033700c1800000004000
2026-10-04T12:07:44.641433+00:00,183956425132250,106,ok,9.585,244d3e126a000000000000000000000000000000000f2750,000000000000000000000000000000000f27
2026-10-04T12:07:44.651519+00:00,183956434846166,107,ok,9.958,244d3e056b00000000006e,0000000000
2026-10-04T12:07:44.661534+00:00,183956444942041,108,ok,9.882,244d3e066c7aff56fd660123,7aff56fd6601
2026-10-04T12:07:44.671765+00:00,183956454931125,109,ok,10.113,244d3e0a6d0000000000000000000067,00000000000000000000
2026-10-04T12:07:44.681826+00:00,183956465203916,110,ok,9.903,244d3e076e0a00000000000063,0a000000000000
2026-10-04T12:07:44.692335+00:00,183956475948666,120,ok,9.670,244d3efc78e803d007dc05640000ff00000000e803d007dc05640000ff00000000e803d007dc05640000ff00000000e803d007dc05640000ff00000000e803d007dc05640000ff00000000e803d007dc05640000ff00000000e803d007dc05640000ff00000000e803d007dc05640000ff00000000e803d007dc05640000ff00000000e803d007dc05640000ff00000000e803d007dc05640000ff00000000e803d007dc05640000ff00000000e803d007dc05640000ff00000000e803d007dc05640000ff00000000e803d007dc05640000ff00000000e803d007dc05640000ff00000000e803d007dc05640000ff00000000e803d007dc05640000ff0000000084,e803d007dc05640000ff00000000e803d007dc05640000ff00000000e803d007dc05640000ff00000000e803d007dc05640000ff00000000e803d007dc05640000ff00000000e803d007dc05640000ff00000000e803d007dc05640000ff00000000e803d007dc05640000ff00000000e803d007dc05640000ff00000000e803d007dc05640000ff00000000e803d007dc05640000ff00000000e803d007dc05640000ff00000000e803d007dc05640000ff00000000e803d007dc05640000ff00000000e803d007dc05640000ff00000000e803d007dc05640000ff00000000e803d007dc05640000ff00000000e803d007dc05640000ff00000000
2026-10-04T12:07:44.702152+00:00,183956485786791,122,error_or_bad_checksum,9.651,244d21007a7a,
2026-10-04T12:07:44.712410+00:00,183956495578625,151,ok,10.123,244d3e09970001010002020001009f,000101000202000100
2026-10-04T12:07:44.722416+00:00,183956505804541,166,ok,9.903,244d3e15a60000000000001e000000000000000f270f270f270085,0000000000001e000000000000000f270f270f2700
2026-10-04T12:07:45.599823+00:00,183957387021666,1,ok,6.090,244d3e030100020505,000205
2026-10-04T12:07:45.609889+00:00,183957393237208,2,ok,9.935,244d3e0402494e415616,494e4156
2026-10-04T12:07:45.619882+00:00,183957403326916,3,ok,9.838,244d3e030309010008,090100
2026-10-04T12:07:45.629904+00:00,183957413306875,4,ok,9.878,244d3e18044d373241000002010f4d414d4241463732325f323032324136,4d373241000002010f4d414d4241463732325f3230323241
2026-10-04T12:07:45.643140+00:00,183957423320166,101,ok,13.101,244d3e0b65f5033700c1800000004000ae,f5033700c1800000004000
2026-10-04T12:07:45.649952+00:00,183957436758625,106,ok,6.481,244d3e126a000000000000000000000000000000000f2750,000000000000000000000000000000000f27
2026-10-04T12:07:45.660220+00:00,183957443378750,107,ok,10.134,244d3e056b00000000006e,0000000000
2026-10-04T12:07:45.670284+00:00,183957453617750,108,ok,9.955,244d3e066c7aff56fd660123,7aff56fd6601
2026-10-04T12:07:45.680458+00:00,183957463727458,109,ok,10.019,244d3e0a6d0000000000000000000067,00000000000000000000
2026-10-04T12:07:45.690430+00:00,183957473898583,110,ok,9.731,244d3e076e0a00000000000063,0a000000000000
2026-10-04T12:07:45.700854+00:00,183957483955625,120,ok,10.186,244d3efc78e803d007dc05640000ff00000000e803d007dc05640000ff00000000e803d007dc05640000ff00000000e803d007dc05640000ff00000000e803d007dc05640000ff00000000e803d007dc05640000ff00000000e803d007dc05640000ff00000000e803d007dc05640000ff00000000e803d007dc05640000ff00000000e803d007dc05640000ff00000000e803d007dc05640000ff00000000e803d007dc05640000ff00000000e803d007dc05640000ff00000000e803d007dc05640000ff00000000e803d007dc05640000ff00000000e803d007dc05640000ff00000000e803d007dc05640000ff00000000e803d007dc05640000ff0000000084,e803d007dc05640000ff00000000e803d007dc05640000ff00000000e803d007dc05640000ff00000000e803d007dc05640000ff00000000e803d007dc05640000ff00000000e803d007dc05640000ff00000000e803d007dc05640000ff00000000e803d007dc05640000ff00000000e803d007dc05640000ff00000000e803d007dc05640000ff00000000e803d007dc05640000ff00000000e803d007dc05640000ff00000000e803d007dc05640000ff00000000e803d007dc05640000ff00000000e803d007dc05640000ff00000000e803d007dc05640000ff00000000e803d007dc05640000ff00000000e803d007dc05640000ff00000000
2026-10-04T12:07:45.710675+00:00,183957494335458,122,error_or_bad_checksum,9.626,244d21007a7a,
2026-10-04T12:07:45.721025+00:00,183957504108250,151,ok,10.206,244d3e09970001010002020001009f,000101000202000100
2026-10-04T12:07:45.731211+00:00,183957514477208,166,ok,10.016,244d3e15a60000000000001e000000000000000f270f270f270085,0000000000001e000000000000000f270f270f2700
2026-10-04T12:07:46.608508+00:00,183958391816916,1,ok,9.979,244d3e030100020505,000205
2026-10-04T12:07:46.618729+00:00,183958401986333,2,ok,10.032,244d3e0402494e415616,494e4156
2026-10-04T12:07:46.628739+00:00,183958412216541,3,ok,9.813,244d3e030309010008,090100
2026-10-04T12:07:46.639147+00:00,183958422193375,4,ok,10.240,244d3e18044d373241000002010f4d414d4241463732325f323032324136,4d373241000002010f4d414d4241463732325f3230323241
2026-10-04T12:07:46.649360+00:00,183958432637875,101,ok,10.009,244d3e0b65fc033700c1800000004000a7,fc033700c1800000004000
2026-10-04T12:07:46.659492+00:00,183958442833083,106,ok,9.950,244d3e126a000000000000000000000000000000000f2750,000000000000000000000000000000000f27
2026-10-04T12:07:46.669488+00:00,183958452945583,107,ok,9.825,244d3e056b00000000006e,0000000000
2026-10-04T12:07:46.679783+00:00,183958462985875,108,ok,10.085,244d3e066c7aff56fd660123,7aff56fd6601
2026-10-04T12:07:46.689814+00:00,183958473249083,109,ok,9.853,244d3e0a6d0000000000000000000067,00000000000000000000
2026-10-04T12:07:46.700098+00:00,183958483281458,110,ok,10.107,244d3e076e0a00000000000063,0a000000000000
2026-10-04T12:07:46.710365+00:00,183958493542958,120,ok,10.110,244d3efc78e803d007dc05640000ff00000000e803d007dc05640000ff00000000e803d007dc05640000ff00000000e803d007dc05640000ff00000000e803d007dc05640000ff00000000e803d007dc05640000ff00000000e803d007dc05640000ff00000000e803d007dc05640000ff00000000e803d007dc05640000ff00000000e803d007dc05640000ff00000000e803d007dc05640000ff00000000e803d007dc05640000ff00000000e803d007dc05640000ff00000000e803d007dc05640000ff00000000e803d007dc05640000ff00000000e803d007dc05640000ff00000000e803d007dc05640000ff00000000e803d007dc05640000ff0000000084,e803d007dc05640000ff00000000e803d007dc05640000ff00000000e803d007dc05640000ff00000000e803d007dc05640000ff00000000e803d007dc05640000ff00000000e803d007dc05640000ff00000000e803d007dc05640000ff00000000e803d007dc05640000ff00000000e803d007dc05640000ff00000000e803d007dc05640000ff00000000e803d007dc05640000ff00000000e803d007dc05640000ff00000000e803d007dc05640000ff00000000e803d007dc05640000ff00000000e803d007dc05640000ff00000000e803d007dc05640000ff00000000e803d007dc05640000ff00000000e803d007dc05640000ff00000000
2026-10-04T12:07:46.720475+00:00,183958503863958,122,error_or_bad_checksum,9.896,244d21007a7a,
2026-10-04T12:07:46.730520+00:00,183958513923291,151,ok,9.885,244d3e09970001010002020001009f,000101000202000100
2026-10-04T12:07:46.740575+00:00,183958523980125,166,ok,9.886,244d3e15a60000000000001f000000000000000f270f270f270084,0000000000001f000000000000000f270f270f2700
2026-10-04T12:07:47.606848+00:00,183959392085625,1,ok,8.060,244d3e030100020505,000205
2026-10-04T12:07:47.617226+00:00,183959400210625,2,ok,10.313,244d3e0402494e415616,494e4156
2026-10-04T12:07:47.627250+00:00,183959410585333,3,ok,9.963,244d3e030309010008,090100
2026-10-04T12:07:47.637574+00:00,183959420660041,4,ok,10.186,244d3e18044d373241000002010f4d414d4241463732325f323032324136,4d373241000002010f4d414d4241463732325f3230323241
2026-10-04T12:07:47.647355+00:00,183959431036750,101,ok,9.607,244d3e0b65f9033700c1800000004000a2,f9033700c1800000004000
2026-10-04T12:07:47.657353+00:00,183959440790833,106,ok,9.856,244d3e126a000000000000000000000000000000000f2750,000000000000000000000000000000000f27
2026-10-04T12:07:47.667447+00:00,183959450763500,107,ok,9.974,244d3e056b00000000006e,0000000000
2026-10-04T12:07:47.677383+00:00,183959460893875,108,ok,9.784,244d3e066c7bff56fd660122,7bff56fd6601
2026-10-04T12:07:47.687469+00:00,183959470787000,109,ok,9.972,244d3e0a6d0000000000000000000067,00000000000000000000
2026-10-04T12:07:47.697392+00:00,183959480899791,110,ok,9.787,244d3e076e0a00000000000063,0a000000000000
2026-10-04T12:07:47.707711+00:00,183959490779708,120,ok,10.219,244d3efc78e803d007dc05640000ff00000000e803d007dc05640000ff00000000e803d007dc05640000ff00000000e803d007dc05640000ff00000000e803d007dc05640000ff00000000e803d007dc05640000ff00000000e803d007dc05640000ff00000000e803d007dc05640000ff00000000e803d007dc05640000ff00000000e803d007dc05640000ff00000000e803d007dc05640000ff00000000e803d007dc05640000ff00000000e803d007dc05640000ff00000000e803d007dc05640000ff00000000e803d007dc05640000ff00000000e803d007dc05640000ff00000000e803d007dc05640000ff00000000e803d007dc05640000ff0000000084,e803d007dc05640000ff00000000e803d007dc05640000ff00000000e803d007dc05640000ff00000000e803d007dc05640000ff00000000e803d007dc05640000ff00000000e803d007dc05640000ff00000000e803d007dc05640000ff00000000e803d007dc05640000ff00000000e803d007dc05640000ff00000000e803d007dc05640000ff00000000e803d007dc05640000ff00000000e803d007dc05640000ff00000000e803d007dc05640000ff00000000e803d007dc05640000ff00000000e803d007dc05640000ff00000000e803d007dc05640000ff00000000e803d007dc05640000ff00000000e803d007dc05640000ff00000000
2026-10-04T12:07:47.717645+00:00,183959501182833,122,error_or_bad_checksum,9.756,244d21007a7a,
2026-10-04T12:07:47.727528+00:00,183959511049958,151,ok,9.769,244d3e09970001010002020001009f,000101000202000100
2026-10-04T12:07:47.737487+00:00,183959520957125,166,ok,9.825,244d3e15a60000000000001f000000000000000f270f270f270084,0000000000001f000000000000000f270f270f2700
2026-10-04T12:07:48.604771+00:00,183960394652166,1,ok,3.412,244d3e030100020505,000205
2026-10-04T12:07:48.614919+00:00,183960398174583,2,ok,10.036,244d3e0402494e415616,494e4156
2026-10-04T12:07:48.624976+00:00,183960408385125,3,ok,9.882,244d3e030309010008,090100
2026-10-04T12:07:48.634957+00:00,183960418449916,4,ok,9.799,244d3e18044d373241000002010f4d414d4241463732325f323032324136,4d373241000002010f4d414d4241463732325f3230323241
2026-10-04T12:07:48.645021+00:00,183960428403166,101,ok,9.907,244d3e0b6504043700c180000000400058,04043700c1800000004000
2026-10-04T12:07:48.655012+00:00,183960438506291,106,ok,9.797,244d3e126a000000000000000000000000000000000f2750,000000000000000000000000000000000f27
2026-10-04T12:07:48.665251+00:00,183960448464208,107,ok,10.083,244d3e056b00000000006e,0000000000
2026-10-04T12:07:48.675357+00:00,183960458792291,108,ok,9.857,244d3e066c7bff57fd660123,7bff57fd6601
2026-10-04T12:07:48.685471+00:00,183960468829208,109,ok,9.934,244d3e0a6d0000000000000000000067,00000000000000000000
2026-10-04T12:07:48.695382+00:00,183960478937666,110,ok,9.741,244d3e076e0a00000000000063,0a000000000000
2026-10-04T12:07:48.705664+00:00,183960488789375,120,ok,10.166,244d3efc78e803d007dc05640000ff00000000e803d007dc05640000ff00000000e803d007dc05640000ff00000000e803d007dc05640000ff00000000e803d007dc05640000ff00000000e803d007dc05640000ff00000000e803d007dc05640000ff00000000e803d007dc05640000ff00000000e803d007dc05640000ff00000000e803d007dc05640000ff00000000e803d007dc05640000ff00000000e803d007dc05640000ff00000000e803d007dc05640000ff00000000e803d007dc05640000ff00000000e803d007dc05640000ff00000000e803d007dc05640000ff00000000e803d007dc05640000ff00000000e803d007dc05640000ff0000000084,e803d007dc05640000ff00000000e803d007dc05640000ff00000000e803d007dc05640000ff00000000e803d007dc05640000ff00000000e803d007dc05640000ff00000000e803d007dc05640000ff00000000e803d007dc05640000ff00000000e803d007dc05640000ff00000000e803d007dc05640000ff00000000e803d007dc05640000ff00000000e803d007dc05640000ff00000000e803d007dc05640000ff00000000e803d007dc05640000ff00000000e803d007dc05640000ff00000000e803d007dc05640000ff00000000e803d007dc05640000ff00000000e803d007dc05640000ff00000000e803d007dc05640000ff00000000
2026-10-04T12:07:48.715566+00:00,183960499148583,122,error_or_bad_checksum,9.702,244d21007a7a,
2026-10-04T12:07:48.725472+00:00,183960509051000,151,ok,9.712,244d3e09970001010002020001009f,000101000202000100
2026-10-04T12:07:48.735507+00:00,183960518932500,166,ok,9.867,244d3e15a600000000000020000000000000000f270f270f2700bb,00000000000020000000000000000f270f270f2700
2026-10-04T12:07:49.613802+00:00,183961398221958,1,ok,8.865,244d3e030100020505,000205
2026-10-04T12:07:49.623837+00:00,183961407336375,2,ok,9.790,244d3e0402494e415616,494e4156
2026-10-04T12:07:49.633806+00:00,183961417390000,3,ok,9.707,244d3e030309010008,090100
2026-10-04T12:07:49.644151+00:00,183961427251875,4,ok,10.193,244d3e18044d373241000002010f4d414d4241463732325f323032324136,4d373241000002010f4d414d4241463732325f3230323241
2026-10-04T12:07:49.654174+00:00,183961437597583,101,ok,9.870,244d3e0b65f6033700c1800000004000ad,f6033700c1800000004000
2026-10-04T12:07:49.664179+00:00,183961447622041,106,ok,9.850,244d3e126a000000000000000000000000000000000f2750,000000000000000000000000000000000f27
2026-10-04T12:07:49.674507+00:00,183961457635875,107,ok,10.164,244d3e056b00000000006e,0000000000
2026-10-04T12:07:49.684534+00:00,183961467967125,108,ok,9.860,244d3e066c7bff57fd660123,7bff57fd6601
2026-10-04T12:07:49.694501+00:00,183961477982750,109,ok,9.815,244d3e0a6d0000000000000000000067,00000000000000000000
2026-10-04T12:07:49.704582+00:00,183961487906333,110,ok,9.968,244d3e076e0a00000000000063,0a000000000000
2026-10-04T12:07:49.715244+00:00,183961498047791,120,ok,10.487,244d3efc78e803d007dc05640000ff00000000e803d007dc05640000ff00000000e803d007dc05640000ff00000000e803d007dc05640000ff00000000e803d007dc05640000ff00000000e803d007dc05640000ff00000000e803d007dc05640000ff00000000e803d007dc05640000ff00000000e803d007dc05640000ff00000000e803d007dc05640000ff00000000e803d007dc05640000ff00000000e803d007dc05640000ff00000000e803d007dc05640000ff00000000e803d007dc05640000ff00000000e803d007dc05640000ff00000000e803d007dc05640000ff00000000e803d007dc05640000ff00000000e803d007dc05640000ff0000000084,e803d007dc05640000ff00000000e803d007dc05640000ff00000000e803d007dc05640000ff00000000e803d007dc05640000ff00000000e803d007dc05640000ff00000000e803d007dc05640000ff00000000e803d007dc05640000ff00000000e803d007dc05640000ff00000000e803d007dc05640000ff00000000e803d007dc05640000ff00000000e803d007dc05640000ff00000000e803d007dc05640000ff00000000e803d007dc05640000ff00000000e803d007dc05640000ff00000000e803d007dc05640000ff00000000e803d007dc05640000ff00000000e803d007dc05640000ff00000000e803d007dc05640000ff00000000
2026-10-04T12:07:49.724467+00:00,183961508891833,122,error_or_bad_checksum,8.868,244d21007a7a,
2026-10-04T12:07:49.734452+00:00,183961517884208,151,ok,9.863,244d3e09970001010002020001009f,000101000202000100
2026-10-04T12:07:49.744302+00:00,183961527855958,166,ok,9.744,244d3e15a600000000000020000000000000000f270f270f2700bb,00000000000020000000000000000f270f270f2700
2026-10-04T12:07:50.611350+00:00,183962401001625,1,ok,3.646,244d3e030100020505,000205
2026-10-04T12:07:50.621342+00:00,183962404747083,2,ok,9.894,244d3e0402494e415616,494e4156
2026-10-04T12:07:50.631429+00:00,183962414728125,3,ok,9.997,244d3e030309010008,090100
2026-10-04T12:07:50.641724+00:00,183962424836875,4,ok,10.186,244d3e18044d373241000002010f4d414d4241463732325f323032324136,4d373241000002010f4d414d4241463732325f3230323241
2026-10-04T12:07:50.651682+00:00,183962435124333,101,ok,9.860,244d3e0b65fc033700c1800000004000a7,fc033700c1800000004000
2026-10-04T12:07:50.661781+00:00,183962445065708,106,ok,10.013,244d3e126a000000000000000000000000000000000f2750,000000000000000000000000000000000f27
2026-10-04T12:07:50.671864+00:00,183962455199625,107,ok,9.958,244d3e056b00000000006e,0000000000
2026-10-04T12:07:50.681869+00:00,183962465353166,108,ok,9.810,244d3e066c7bff57fd660123,7bff57fd6601
2026-10-04T12:07:50.691873+00:00,183962475384666,109,ok,9.785,244d3e0a6d0000000000000000000067,00000000000000000000
2026-10-04T12:07:50.701835+00:00,183962485302250,110,ok,9.831,244d3e076e0a00000000000063,0a000000000000
2026-10-04T12:07:50.712123+00:00,183962495247791,120,ok,10.173,244d3efc78e803d007dc05640000ff00000000e803d007dc05640000ff00000000e803d007dc05640000ff00000000e803d007dc05640000ff00000000e803d007dc05640000ff00000000e803d007dc05640000ff00000000e803d007dc05640000ff00000000e803d007dc05640000ff00000000e803d007dc05640000ff00000000e803d007dc05640000ff00000000e803d007dc05640000ff00000000e803d007dc05640000ff00000000e803d007dc05640000ff00000000e803d007dc05640000ff00000000e803d007dc05640000ff00000000e803d007dc05640000ff00000000e803d007dc05640000ff00000000e803d007dc05640000ff0000000084,e803d007dc05640000ff00000000e803d007dc05640000ff00000000e803d007dc05640000ff00000000e803d007dc05640000ff00000000e803d007dc05640000ff00000000e803d007dc05640000ff00000000e803d007dc05640000ff00000000e803d007dc05640000ff00000000e803d007dc05640000ff00000000e803d007dc05640000ff00000000e803d007dc05640000ff00000000e803d007dc05640000ff00000000e803d007dc05640000ff00000000e803d007dc05640000ff00000000e803d007dc05640000ff00000000e803d007dc05640000ff00000000e803d007dc05640000ff00000000e803d007dc05640000ff00000000
2026-10-04T12:07:50.721926+00:00,183962505577291,122,error_or_bad_checksum,9.636,244d21007a7a,
2026-10-04T12:07:50.732274+00:00,183962515352333,151,ok,10.218,244d3e09970001010002020001009f,000101000202000100
2026-10-04T12:07:50.742462+00:00,183962525774458,166,ok,9.986,244d3e15a600000000000020000000000000000f270f270f2700bb,00000000000020000000000000000f270f270f2700
2026-10-04T12:07:51.618422+00:00,183963406041708,1,ok,5.678,244d3e030100020505,000205
2026-10-04T12:07:51.628425+00:00,183963411822375,2,ok,9.901,244d3e0402494e415616,494e4156
2026-10-04T12:07:51.638453+00:00,183963421829958,3,ok,9.921,244d3e030309010008,090100
2026-10-04T12:07:51.648949+00:00,183963431874833,4,ok,10.075,244d3e18044d373241000002010f4d414d4241463732325f323032324136,4d373241000002010f4d414d4241463732325f3230323241
2026-10-04T12:07:51.658567+00:00,183963442829583,101,ok,9.031,244d3e0b65ee033700c1800000004000b5,ee033700c1800000004000
2026-10-04T12:07:51.668908+00:00,183963452036250,106,ok,10.163,244d3e126a000000000000000000000000000000000f2750,000000000000000000000000000000000f27
2026-10-04T12:07:51.678832+00:00,183963462372583,107,ok,9.758,244d3e056b00000000006e,0000000000
2026-10-04T12:07:51.688927+00:00,183963472246583,108,ok,9.973,244d3e066c7bff57fd660123,7bff57fd6601
2026-10-04T12:07:51.698898+00:00,183963482385166,109,ok,9.811,244d3e0a6d0000000000000000000067,00000000000000000000
2026-10-04T12:07:51.709006+00:00,183963492334833,110,ok,9.961,244d3e076e0a00000000000063,0a000000000000
2026-10-04T12:07:51.719130+00:00,183963502539916,120,ok,9.888,244d3efc78e803d007dc05640000ff00000000e803d007dc05640000ff00000000e803d007dc05640000ff00000000e803d007dc05640000ff00000000e803d007dc05640000ff00000000e803d007dc05640000ff00000000e803d007dc05640000ff00000000e803d007dc05640000ff00000000e803d007dc05640000ff00000000e803d007dc05640000ff00000000e803d007dc05640000ff00000000e803d007dc05640000ff00000000e803d007dc05640000ff00000000e803d007dc05640000ff00000000e803d007dc05640000ff00000000e803d007dc05640000ff00000000e803d007dc05640000ff00000000e803d007dc05640000ff0000000084,e803d007dc05640000ff00000000e803d007dc05640000ff00000000e803d007dc05640000ff00000000e803d007dc05640000ff00000000e803d007dc05640000ff00000000e803d007dc05640000ff00000000e803d007dc05640000ff00000000e803d007dc05640000ff00000000e803d007dc05640000ff00000000e803d007dc05640000ff00000000e803d007dc05640000ff00000000e803d007dc05640000ff00000000e803d007dc05640000ff00000000e803d007dc05640000ff00000000e803d007dc05640000ff00000000e803d007dc05640000ff00000000e803d007dc05640000ff00000000e803d007dc05640000ff00000000
2026-10-04T12:07:51.729040+00:00,183963512578291,122,error_or_bad_checksum,9.755,244d21007a7a,
2026-10-04T12:07:51.738986+00:00,183963522503041,151,ok,9.778,244d3e09970001010002020001009f,000101000202000100
2026-10-04T12:07:51.749382+00:00,183963532427208,166,ok,10.249,244d3e15a600000000000021000000000000000f270f270f2700ba,00000000000021000000000000000f270f270f2700
2026-10-04T12:07:52.616910+00:00,183964409195625,1,ok,1.010,244d3e030100020505,000205
2026-10-04T12:07:52.627087+00:00,183964410338583,2,ok,10.034,244d3e0402494e415616,494e4156
2026-10-04T12:07:52.636996+00:00,183964420561666,3,ok,9.733,244d3e030309010008,090100
2026-10-04T12:07:52.647115+00:00,183964430447916,4,ok,9.961,244d3e18044d373241000002010f4d414d4241463732325f323032324136,4d373241000002010f4d414d4241463732325f3230323241
2026-10-04T12:07:52.657161+00:00,183964440583166,101,ok,9.870,244d3e0b65fe033700c1800000004000a5,fe033700c1800000004000
2026-10-04T12:07:52.667124+00:00,183964450662291,106,ok,9.759,244d3e126a000000000000000000000000000000000f2750,000000000000000000000000000000000f27
2026-10-04T12:07:52.677099+00:00,183964460568583,107,ok,9.827,244d3e056b00000000006e,0000000000
2026-10-04T12:07:52.687155+00:00,183964470543666,108,ok,9.907,244d3e066c7bff57fd660123,7bff57fd6601
2026-10-04T12:07:52.697227+00:00,183964480631875,109,ok,9.887,244d3e0a6d0000000000000000000067,00000000000000000000
2026-10-04T12:07:52.707283+00:00,183964490685333,110,ok,9.891,244d3e076e0a00000000000063,0a000000000000
2026-10-04T12:07:52.717500+00:00,183964500721541,120,ok,10.069,244d3efc78e803d007dc05640000ff00000000e803d007dc05640000ff00000000e803d007dc05640000ff00000000e803d007dc05640000ff00000000e803d007dc05640000ff00000000e803d007dc05640000ff00000000e803d007dc05640000ff00000000e803d007dc05640000ff00000000e803d007dc05640000ff00000000e803d007dc05640000ff00000000e803d007dc05640000ff00000000e803d007dc05640000ff00000000e803d007dc05640000ff00000000e803d007dc05640000ff00000000e803d007dc05640000ff00000000e803d007dc05640000ff00000000e803d007dc05640000ff00000000e803d007dc05640000ff0000000084,e803d007dc05640000ff00000000e803d007dc05640000ff00000000e803d007dc05640000ff00000000e803d007dc05640000ff00000000e803d007dc05640000ff00000000e803d007dc05640000ff00000000e803d007dc05640000ff00000000e803d007dc05640000ff00000000e803d007dc05640000ff00000000e803d007dc05640000ff00000000e803d007dc05640000ff00000000e803d007dc05640000ff00000000e803d007dc05640000ff00000000e803d007dc05640000ff00000000e803d007dc05640000ff00000000e803d007dc05640000ff00000000e803d007dc05640000ff00000000e803d007dc05640000ff00000000
2026-10-04T12:07:52.727261+00:00,183964510977666,122,error_or_bad_checksum,9.579,244d21007a7a,
2026-10-04T12:07:52.737236+00:00,183964520698833,151,ok,9.837,244d3e09970001010002020001009f,000101000202000100
2026-10-04T12:07:52.747344+00:00,183964530666833,166,ok,9.973,244d3e15a600000000000021000000000000000f270f270f2700ba,00000000000021000000000000000f270f270f2700
2026-10-04T12:07:53.624367+00:00,183965414105750,1,ok,3.559,244d3e030100020505,000205
2026-10-04T12:07:53.634286+00:00,183965417736916,2,ok,9.860,244d3e0402494e415616,494e4156
2026-10-04T12:07:53.644329+00:00,183965427609791,3,ok,10.027,244d3e030309010008,090100
2026-10-04T12:07:53.654300+00:00,183965437669041,4,ok,9.941,244d3e18044d373241000002010f4d414d4241463732325f323032324136,4d373241000002010f4d414d4241463732325f3230323241
2026-10-04T12:07:53.664559+00:00,183965447631291,101,ok,10.239,244d3e0b65fd033700c1800000004000a6,fd033700c1800000004000
2026-10-04T12:07:53.674659+00:00,183965457883875,106,ok,10.085,244d3e126a000000000000000000000000000000000f2750,000000000000000000000000000000000f27
2026-10-04T12:07:53.684705+00:00,183965467986833,107,ok,10.028,244d3e056b00000000006e,0000000000
2026-10-04T12:07:53.694739+00:00,183965478033916,108,ok,10.013,244d3e066c7bff57fd670122,7bff57fd6701
2026-10-04T12:07:53.705093+00:00,183965488068083,109,ok,10.333,244d3e0a6d0000000000000000000067,00000000000000000000
2026-10-04T12:07:53.715056+00:00,183965498426208,110,ok,9.939,244d3e076e0a00000000000063,0a000000000000
2026-10-04T12:07:53.725345+00:00,183965508390541,120,ok,10.265,244d3efc78e803d007dc05640000ff00000000e803d007dc05640000ff00000000e803d007dc05640000ff00000000e803d007dc05640000ff00000000e803d007dc05640000ff00000000e803d007dc05640000ff00000000e803d007dc05640000ff00000000e803d007dc05640000ff00000000e803d007dc05640000ff00000000e803d007dc05640000ff00000000e803d007dc05640000ff00000000e803d007dc05640000ff00000000e803d007dc05640000ff00000000e803d007dc05640000ff00000000e803d007dc05640000ff00000000e803d007dc05640000ff00000000e803d007dc05640000ff00000000e803d007dc05640000ff0000000084,e803d007dc05640000ff00000000e803d007dc05640000ff00000000e803d007dc05640000ff00000000e803d007dc05640000ff00000000e803d007dc05640000ff00000000e803d007dc05640000ff00000000e803d007dc05640000ff00000000e803d007dc05640000ff00000000e803d007dc05640000ff00000000e803d007dc05640000ff00000000e803d007dc05640000ff00000000e803d007dc05640000ff00000000e803d007dc05640000ff00000000e803d007dc05640000ff00000000e803d007dc05640000ff00000000e803d007dc05640000ff00000000e803d007dc05640000ff00000000e803d007dc05640000ff00000000
2026-10-04T12:07:53.735118+00:00,183965518702458,122,error_or_bad_checksum,9.724,244d21007a7a,
2026-10-04T12:07:53.745449+00:00,183965528452250,151,ok,10.306,244d3e09970001010002020001009f,000101000202000100
2026-10-04T12:07:53.755860+00:00,183965538784125,166,ok,10.384,244d3e15a600000000000022000000000000000f270f270f2700b9,00000000000022000000000000000f270f270f2700
2026-10-04T12:07:54.633484+00:00,183966417316000,1,ok,9.468,244d3e030100020505,000205
2026-10-04T12:07:54.643590+00:00,183966426939958,2,ok,9.946,244d3e0402494e415616,494e4156
2026-10-04T12:07:54.653647+00:00,183966437022708,3,ok,9.909,244d3e030309010008,090100
2026-10-04T12:07:54.663636+00:00,183966447117166,4,ok,9.815,244d3e18044d373241000002010f4d414d4241463732325f323032324136,4d373241000002010f4d414d4241463732325f3230323241
2026-10-04T12:07:54.673924+00:00,183966457063916,101,ok,10.069,244d3e0b65ff033700c1800000004000a4,ff033700c1800000004000
2026-10-04T12:07:54.683963+00:00,183966467677458,106,ok,9.583,244d3e126a000000000000000000000000000000000f2750,000000000000000000000000000000000f27
2026-10-04T12:07:54.693981+00:00,183966477414333,107,ok,9.865,244d3e056b00000000006e,0000000000
2026-10-04T12:07:54.704362+00:00,183966487408541,108,ok,10.248,244d3e066c7bff57fd670122,7bff57fd6701
2026-10-04T12:07:54.714338+00:00,183966497803833,109,ok,9.831,244d3e0a6d0000000000000000000067,00000000000000000000
2026-10-04T12:07:54.724407+00:00,183966507770041,110,ok,9.932,244d3e076e0900000000000060,09000000000000
2026-10-04T12:07:54.734759+00:00,183966517840916,120,ok,10.210,244d3efc78e803d007dc05640000ff00000000e803d007dc05640000ff00000000e803d007dc05640000ff00000000e803d007dc05640000ff00000000e803d007dc05640000ff00000000e803d007dc05640000ff00000000e803d007dc05640000ff00000000e803d007dc05640000ff00000000e803d007dc05640000ff00000000e803d007dc05640000ff00000000e803d007dc05640000ff00000000e803d007dc05640000ff00000000e803d007dc05640000ff00000000e803d007dc05640000ff00000000e803d007dc05640000ff00000000e803d007dc05640000ff00000000e803d007dc05640000ff00000000e803d007dc05640000ff0000000084,e803d007dc05640000ff00000000e803d007dc05640000ff00000000e803d007dc05640000ff00000000e803d007dc05640000ff00000000e803d007dc05640000ff00000000e803d007dc05640000ff00000000e803d007dc05640000ff00000000e803d007dc05640000ff00000000e803d007dc05640000ff00000000e803d007dc05640000ff00000000e803d007dc05640000ff00000000e803d007dc05640000ff00000000e803d007dc05640000ff00000000e803d007dc05640000ff00000000e803d007dc05640000ff00000000e803d007dc05640000ff00000000e803d007dc05640000ff00000000e803d007dc05640000ff00000000
2026-10-04T12:07:54.744361+00:00,183966528281458,122,error_or_bad_checksum,9.380,244d21007a7a,
2026-10-04T12:07:54.754375+00:00,183966537760208,151,ok,9.915,244d3e09970001010002020001009f,000101000202000100
2026-10-04T12:07:54.764404+00:00,183966547785625,166,ok,9.919,244d3e15a600000000000022000000000000000f270f270f2700b9,00000000000022000000000000000f270f270f2700
2026-10-04T12:07:55.632407+00:00,183967422245875,1,ok,3.463,244d3e030100020505,000205
2026-10-04T12:07:55.642449+00:00,183967425828791,2,ok,9.917,244d3e0402494e415616,494e4156
2026-10-04T12:07:55.652670+00:00,183967435937083,3,ok,10.035,244d3e030309010008,090100
2026-10-04T12:07:55.662860+00:00,183967446085708,4,ok,10.071,244d3e18044d373241000002010f4d414d4241463732325f323032324136,4d373241000002010f4d414d4241463732325f3230323241
2026-10-04T12:07:55.672780+00:00,183967456363666,101,ok,9.718,244d3e0b65fc033700c1800000004000a7,fc033700c1800000004000
2026-10-04T12:07:55.682968+00:00,183967466199625,106,ok,10.065,244d3e126a000000000000000000000000000000000f2750,000000000000000000000000000000000f27
2026-10-04T12:07:55.692787+00:00,183967476496958,107,ok,9.593,244d3e056b00000000006e,0000000000
2026-10-04T12:07:55.702878+00:00,183967486214208,108,ok,9.963,244d3e066c7cff57fd670125,7cff57fd6701
2026-10-04T12:07:55.712872+00:00,183967496339166,109,ok,9.833,244d3e0a6d0000000000000000000067,00000000000000000000
2026-10-04T12:07:55.722938+00:00,183967506318083,110,ok,9.919,244d3e076e0a00000000000063,0a000000000000
2026-10-04T12:07:55.733529+00:00,183967516424708,120,ok,10.400,244d3efc78e803d007dc05640000ff00000000e803d007dc05640000ff00000000e803d007dc05640000ff00000000e803d007dc05640000ff00000000e803d007dc05640000ff00000000e803d007dc05640000ff00000000e803d007dc05640000ff00000000e803d007dc05640000ff00000000e803d007dc05640000ff00000000e803d007dc05640000ff00000000e803d007dc05640000ff00000000e803d007dc05640000ff00000000e803d007dc05640000ff00000000e803d007dc05640000ff00000000e803d007dc05640000ff00000000e803d007dc05640000ff00000000e803d007dc05640000ff00000000e803d007dc05640000ff0000000084,e803d007dc05640000ff00000000e803d007dc05640000ff00000000e803d007dc05640000ff00000000e803d007dc05640000ff00000000e803d007dc05640000ff00000000e803d007dc05640000ff00000000e803d007dc05640000ff00000000e803d007dc05640000ff00000000e803d007dc05640000ff00000000e803d007dc05640000ff00000000e803d007dc05640000ff00000000e803d007dc05640000ff00000000e803d007dc05640000ff00000000e803d007dc05640000ff00000000e803d007dc05640000ff00000000e803d007dc05640000ff00000000e803d007dc05640000ff00000000e803d007dc05640000ff00000000
2026-10-04T12:07:55.743240+00:00,183967527019458,122,error_or_bad_checksum,9.521,244d21007a7a,
2026-10-04T12:07:55.753296+00:00,183967536670500,151,ok,9.923,244d3e09970001010002020001009f,000101000202000100
2026-10-04T12:07:55.763242+00:00,183967546762000,166,ok,9.782,244d3e15a600000000000022000000000000000f270f270f2700b9,00000000000022000000000000000f270f270f2700
2026-10-04T12:07:56.641763+00:00,183968427229083,1,ok,7.843,244d3e030100020505,000205
2026-10-04T12:07:56.652011+00:00,183968435117000,2,ok,10.202,244d3e0402494e415616,494e4156
2026-10-04T12:07:56.662125+00:00,183968445357916,3,ok,10.080,244d3e030309010008,090100
2026-10-04T12:07:56.672132+00:00,183968455455541,4,ok,9.988,244d3e18044d373241000002010f4d414d4241463732325f323032324136,4d373241000002010f4d414d4241463732325f3230323241
2026-10-04T12:07:56.682175+00:00,183968465466583,101,ok,10.021,244d3e0b65fa033700c1800000004000a1,fa033700c1800000004000
2026-10-04T12:07:56.692247+00:00,183968475512500,106,ok,10.045,244d3e126a000000000000000000000000000000000f2750,000000000000000000000000000000000f27
2026-10-04T12:07:56.702210+00:00,183968485585125,107,ok,9.936,244d3e056b00000000006e,0000000000
2026-10-04T12:07:56.712195+00:00,183968495546875,108,ok,9.961,244d3e066c7cff57fd670125,7cff57fd6701
2026-10-04T12:07:56.722386+00:00,183968505530166,109,ok,10.166,244d3e0a6d0000000000000000000067,00000000000000000000
2026-10-04T12:07:56.732408+00:00,183968515725916,110,ok,9.992,244d3e076e0a00000000000063,0a000000000000
2026-10-04T12:07:56.742874+00:00,183968525767708,120,ok,10.417,244d3efc78e803d007dc05640000ff00000000e803d007dc05640000ff00000000e803d007dc05640000ff00000000e803d007dc05640000ff00000000e803d007dc05640000ff00000000e803d007dc05640000ff00000000e803d007dc05640000ff00000000e803d007dc05640000ff00000000e803d007dc05640000ff00000000e803d007dc05640000ff00000000e803d007dc05640000ff00000000e803d007dc05640000ff00000000e803d007dc05640000ff00000000e803d007dc05640000ff00000000e803d007dc05640000ff00000000e803d007dc05640000ff00000000e803d007dc05640000ff00000000e803d007dc05640000ff0000000084,e803d007dc05640000ff00000000e803d007dc05640000ff00000000e803d007dc05640000ff00000000e803d007dc05640000ff00000000e803d007dc05640000ff00000000e803d007dc05640000ff00000000e803d007dc05640000ff00000000e803d007dc05640000ff00000000e803d007dc05640000ff00000000e803d007dc05640000ff00000000e803d007dc05640000ff00000000e803d007dc05640000ff00000000e803d007dc05640000ff00000000e803d007dc05640000ff00000000e803d007dc05640000ff00000000e803d007dc05640000ff00000000e803d007dc05640000ff00000000e803d007dc05640000ff00000000
2026-10-04T12:07:56.752666+00:00,183968536249875,122,error_or_bad_checksum,9.727,244d21007a7a,
2026-10-04T12:07:56.762678+00:00,183968546007875,151,ok,9.982,244d3e09970001010002020001009f,000101000202000100
2026-10-04T12:07:56.772892+00:00,183968556017666,166,ok,10.181,244d3e15a600000000000023000000000000000f270f270f2700b8,00000000000023000000000000000f270f270f2700
2026-10-04T12:07:57.643132+00:00,183969432406125,1,ok,4.025,244d3e030100020505,000205
2026-10-04T12:07:57.653519+00:00,183969436575166,2,ok,10.243,244d3e0402494e415616,494e4156
2026-10-04T12:07:57.663490+00:00,183969447000750,3,ok,9.792,244d3e030309010008,090100
2026-10-04T12:07:57.673923+00:00,183969456931833,4,ok,10.289,244d3e18044d373241000002010f4d414d4241463732325f323032324136,4d373241000002010f4d414d4241463732325f3230323241
2026-10-04T12:07:57.683871+00:00,183969467413583,101,ok,9.759,244d3e0b65f8033700c1800000004000a3,f8033700c1800000004000
2026-10-04T12:07:57.694011+00:00,183969477313375,106,ok,9.997,244d3e126a000000000000000000000000000000000f2750,000000000000000000000000000000000f27
2026-10-04T12:07:57.703878+00:00,183969487492250,107,ok,9.690,244d3e056b00000000006e,0000000000
2026-10-04T12:07:57.713936+00:00,183969497308541,108,ok,9.931,244d3e066c7cff57fd670125,7cff57fd6701
2026-10-04T12:07:57.723916+00:00,183969507359000,109,ok,9.858,244d3e0a6d0000000000000000000067,00000000000000000000
2026-10-04T12:07:57.733915+00:00,183969517367541,110,ok,9.851,244d3e076e0a00000000000063,0a000000000000
2026-10-04T12:07:57.744357+00:00,183969527348625,120,ok,10.310,244d3efc78e803d007dc05640000ff00000000e803d007dc05640000ff00000000e803d007dc05640000ff00000000e803d007dc05640000ff00000000e803d007dc05640000ff00000000e803d007dc05640000ff00000000e803d007dc05640000ff00000000e803d007dc05640000ff00000000e803d007dc05640000ff00000000e803d007dc05640000ff00000000e803d007dc05640000ff00000000e803d007dc05640000ff00000000e803d007dc05640000ff00000000e803d007dc05640000ff00000000e803d007dc05640000ff00000000e803d007dc05640000ff00000000e803d007dc05640000ff00000000e803d007dc05640000ff0000000084,e803d007dc05640000ff00000000e803d007dc05640000ff00000000e803d007dc05640000ff00000000e803d007dc05640000ff00000000e803d007dc05640000ff00000000e803d007dc05640000ff00000000e803d007dc05640000ff00000000e803d007dc05640000ff00000000e803d007dc05640000ff00000000e803d007dc05640000ff00000000e803d007dc05640000ff00000000e803d007dc05640000ff00000000e803d007dc05640000ff00000000e803d007dc05640000ff00000000e803d007dc05640000ff00000000e803d007dc05640000ff00000000e803d007dc05640000ff00000000e803d007dc05640000ff00000000
2026-10-04T12:07:57.754028+00:00,183969537831625,122,error_or_bad_checksum,9.496,244d21007a7a,
2026-10-04T12:07:57.763990+00:00,183969547496333,151,ok,9.799,244d3e09970001010002020001009f,000101000202000100
2026-10-04T12:07:57.774463+00:00,183969557454791,166,ok,10.307,244d3e15a600000000000023000000000000000f270f270f2700b8,00000000000023000000000000000f270f270f2700
2026-10-04T12:07:58.641926+00:00,183970434404000,1,ok,0.822,244d3e030100020505,000205
2026-10-04T12:07:58.652435+00:00,183970435354958,2,ok,10.381,244d3e0402494e415616,494e4156
2026-10-04T12:07:58.662354+00:00,183970445897666,3,ok,9.762,244d3e030309010008,090100
2026-10-04T12:07:58.672693+00:00,183970455765000,4,ok,10.231,244d3e18044d373241000002010f4d414d4241463732325f323032324136,4d373241000002010f4d414d4241463732325f3230323241
2026-10-04T12:07:58.682738+00:00,183970466150333,101,ok,9.891,244d3e0b65f6033700c1800000004000ad,f6033700c1800000004000
2026-10-04T12:07:58.692722+00:00,183970476203458,106,ok,9.822,244d3e126a000000000000000000000000000000000f2750,000000000000000000000000000000000f27
2026-10-04T12:07:58.702756+00:00,183970486155541,107,ok,9.902,244d3e056b00000000006e,0000000000
2026-10-04T12:07:58.712862+00:00,183970496206250,108,ok,9.947,244d3e066c7cff58fd67012a,7cff58fd6701
2026-10-04T12:07:58.722774+00:00,183970506465583,109,ok,9.611,244d3e0a6d0000000000000000000067,00000000000000000000
2026-10-04T12:07:58.732862+00:00,183970516211583,110,ok,9.951,244d3e076e0a00000000000063,0a000000000000
2026-10-04T12:07:58.743274+00:00,183970526349750,120,ok,10.104,244d3efc78e803d007dc05640000ff00000000e803d007dc05640000ff00000000e803d007dc05640000ff00000000e803d007dc05640000ff00000000e803d007dc05640000ff00000000e803d007dc05640000ff00000000e803d007dc05640000ff00000000e803d007dc05640000ff00000000e803d007dc05640000ff00000000e803d007dc05640000ff00000000e803d007dc05640000ff00000000e803d007dc05640000ff00000000e803d007dc05640000ff00000000e803d007dc05640000ff00000000e803d007dc05640000ff00000000e803d007dc05640000ff00000000e803d007dc05640000ff00000000e803d007dc05640000ff0000000084,e803d007dc05640000ff00000000e803d007dc05640000ff00000000e803d007dc05640000ff00000000e803d007dc05640000ff00000000e803d007dc05640000ff00000000e803d007dc05640000ff00000000e803d007dc05640000ff00000000e803d007dc05640000ff00000000e803d007dc05640000ff00000000e803d007dc05640000ff00000000e803d007dc05640000ff00000000e803d007dc05640000ff00000000e803d007dc05640000ff00000000e803d007dc05640000ff00000000e803d007dc05640000ff00000000e803d007dc05640000ff00000000e803d007dc05640000ff00000000e803d007dc05640000ff00000000
2026-10-04T12:07:58.752872+00:00,183970536796583,122,error_or_bad_checksum,9.374,244d21007a7a,
2026-10-04T12:07:58.763206+00:00,183970546336000,151,ok,10.171,244d3e09970001010002020001009f,000101000202000100
2026-10-04T12:07:58.773252+00:00,183970556684500,166,ok,9.866,244d3e15a600000000000024000000000000000f270f270f2700bf,00000000000024000000000000000f270f270f2700
2026-10-04T12:07:59.649264+00:00,183971439360166,1,ok,3.215,244d3e030100020505,000205
2026-10-04T12:07:59.659333+00:00,183971442631041,2,ok,10.014,244d3e0402494e415616,494e4156
2026-10-04T12:07:59.669322+00:00,183971452707791,3,ok,9.926,244d3e030309010008,090100
2026-10-04T12:07:59.679659+00:00,183971462683916,4,ok,10.286,244d3e18044d373241000002010f4d414d4241463732325f323032324136,4d373241000002010f4d414d4241463732325f3230323241
2026-10-04T12:07:59.690060+00:00,183971473041083,101,ok,10.330,244d3e0b65fb033700c1800000004000a0,fb033700c1800000004000
2026-10-04T12:07:59.700024+00:00,183971483438541,106,ok,9.895,244d3e126a000000000000000000000000000000000f2750,000000000000000000000000000000000f27
2026-10-04T12:07:59.710033+00:00,183971493422375,107,ok,9.920,244d3e056b00000000006e,0000000000
2026-10-04T12:07:59.720346+00:00,183971503429416,108,ok,10.228,244d3e066c7cff58fd67012a,7cff58fd6701
2026-10-04T12:07:59.730420+00:00,183971513725708,109,ok,10.005,244d3e0a6d0000000000000000000067,00000000000000000000
2026-10-04T12:07:59.740697+00:00,183971523806458,110,ok,10.202,244d3e076e0a00000000000063,0a000000000000
2026-10-04T12:07:59.750943+00:00,183971534078416,120,ok,10.176,244d3efc78e803d007dc05640000ff00000000e803d007dc05640000ff00000000e803d007dc05640000ff00000000e803d007dc05640000ff00000000e803d007dc05640000ff00000000e803d007dc05640000ff00000000e803d007dc05640000ff00000000e803d007dc05640000ff00000000e803d007dc05640000ff00000000e803d007dc05640000ff00000000e803d007dc05640000ff00000000e803d007dc05640000ff00000000e803d007dc05640000ff00000000e803d007dc05640000ff00000000e803d007dc05640000ff00000000e803d007dc05640000ff00000000e803d007dc05640000ff00000000e803d007dc05640000ff0000000084,e803d007dc05640000ff00000000e803d007dc05640000ff00000000e803d007dc05640000ff00000000e803d007dc05640000ff00000000e803d007dc05640000ff00000000e803d007dc05640000ff00000000e803d007dc05640000ff00000000e803d007dc05640000ff00000000e803d007dc05640000ff00000000e803d007dc05640000ff00000000e803d007dc05640000ff00000000e803d007dc05640000ff00000000e803d007dc05640000ff00000000e803d007dc05640000ff00000000e803d007dc05640000ff00000000e803d007dc05640000ff00000000e803d007dc05640000ff00000000e803d007dc05640000ff00000000
2026-10-04T12:07:59.761014+00:00,183971544327458,122,error_or_bad_checksum,9.999,244d21007a7a,
2026-10-04T12:07:59.771309+00:00,183971554378833,151,ok,10.242,244d3e09970001010002020001009f,000101000202000100
2026-10-04T12:07:59.781433+00:00,183971564690291,166,ok,10.055,244d3e15a600000000000024000000000000000f270f270f2700bf,00000000000024000000000000000f270f270f2700
2026-10-04T12:08:00.657548+00:00,183972444290375,1,ok,6.556,244d3e030100020505,000205
2026-10-04T12:08:00.667558+00:00,183972450945583,2,ok,9.925,244d3e0402494e415616,494e4156
2026-10-04T12:08:00.677878+00:00,183972460921041,3,ok,10.269,244d3e030309010008,090100
2026-10-04T12:08:00.688019+00:00,183972471252250,4,ok,10.071,244d3e18044d373241000002010f4d414d4241463732325f323032324136,4d373241000002010f4d414d4241463732325f3230323241
2026-10-04T12:08:00.698333+00:00,183972481459250,101,ok,10.188,244d3e0b65fd033700c1800000004000a6,fd033700c1800000004000
2026-10-04T12:08:00.708305+00:00,183972491693583,106,ok,9.925,244d3e126a000000000000000000000000000000000f2750,000000000000000000000000000000000f27
2026-10-04T12:08:00.718557+00:00,183972501668666,107,ok,10.203,244d3e056b00000000006e,0000000000
2026-10-04T12:08:00.728626+00:00,183972511910458,108,ok,10.025,244d3e066c7cff58fd67012a,7cff58fd6701
2026-10-04T12:08:00.738637+00:00,183972522034500,109,ok,9.915,244d3e0a6d0000000000000000000067,00000000000000000000
2026-10-04T12:08:00.748706+00:00,183972532010875,110,ok,10.005,244d3e076e0a00000000000063,0a000000000000
2026-10-04T12:08:00.759097+00:00,183972542090208,120,ok,10.311,244d3efc78e803d007dc05640000ff00000000e803d007dc05640000ff00000000e803d007dc05640000ff00000000e803d007dc05640000ff00000000e803d007dc05640000ff00000000e803d007dc05640000ff00000000e803d007dc05640000ff00000000e803d007dc05640000ff00000000e803d007dc05640000ff00000000e803d007dc05640000ff00000000e803d007dc05640000ff00000000e803d007dc05640000ff00000000e803d007dc05640000ff00000000e803d007dc05640000ff00000000e803d007dc05640000ff00000000e803d007dc05640000ff00000000e803d007dc05640000ff00000000e803d007dc05640000ff0000000084,e803d007dc05640000ff00000000e803d007dc05640000ff00000000e803d007dc05640000ff00000000e803d007dc05640000ff00000000e803d007dc05640000ff00000000e803d007dc05640000ff00000000e803d007dc05640000ff00000000e803d007dc05640000ff00000000e803d007dc05640000ff00000000e803d007dc05640000ff00000000e803d007dc05640000ff00000000e803d007dc05640000ff00000000e803d007dc05640000ff00000000e803d007dc05640000ff00000000e803d007dc05640000ff00000000e803d007dc05640000ff00000000e803d007dc05640000ff00000000e803d007dc05640000ff00000000
2026-10-04T12:08:00.768752+00:00,183972552592000,122,error_or_bad_checksum,9.468,244d21007a7a,
2026-10-04T12:08:00.778774+00:00,183972562148791,151,ok,9.935,244d3e09970001010002020001009f,000101000202000100
2026-10-04T12:08:00.788992+00:00,183972572178583,166,ok,10.125,244d3e15a600000000000025000000000000000f270f270f2700be,00000000000025000000000000000f270f270f2700
2026-10-04T12:08:01.655993+00:00,183973447369625,1,ok,1.934,244d3e030100020505,000205
2026-10-04T12:08:01.665849+00:00,183973449357708,2,ok,9.800,244d3e0402494e415616,494e4156
2026-10-04T12:08:01.675868+00:00,183973459270625,3,ok,9.909,244d3e030309010008,090100
2026-10-04T12:08:01.686048+00:00,183973469242000,4,ok,10.120,244d3e18044d373241000002010f4d414d4241463732325f323032324136,4d373241000002010f4d414d4241463732325f3230323241
2026-10-04T12:08:01.696210+00:00,183973479429416,101,ok,10.094,244d3e0b65f0033700c1800000004000ab,f0033700c1800000004000
2026-10-04T12:08:01.706277+00:00,183973489605125,106,ok,9.980,244d3e126a000000000000000000000000000000000f2750,000000000000000000000000000000000f27
2026-10-04T12:08:01.716281+00:00,183973499700041,107,ok,9.891,244d3e056b00000000006e,0000000000
2026-10-04T12:08:01.726304+00:00,183973509665208,108,ok,9.953,244d3e066c7cff58fd67012a,7cff58fd6701
2026-10-04T12:08:01.736528+00:00,183973519663500,109,ok,10.181,244d3e0a6d0000000000000000000067,00000000000000000000
2026-10-04T12:08:01.746603+00:00,183973529875166,110,ok,10.044,244d3e076e0a00000000000063,0a000000000000
2026-10-04T12:08:01.756835+00:00,183973539966583,120,ok,10.184,244d3efc78e803d007dc05640000ff00000000e803d007dc05640000ff00000000e803d007dc05640000ff00000000e803d007dc05640000ff00000000e803d007dc05640000ff00000000e803d007dc05640000ff00000000e803d007dc05640000ff00000000e803d007dc05640000ff00000000e803d007dc05640000ff00000000e803d007dc05640000ff00000000e803d007dc05640000ff00000000e803d007dc05640000ff00000000e803d007dc05640000ff00000000e803d007dc05640000ff00000000e803d007dc05640000ff00000000e803d007dc05640000ff00000000e803d007dc05640000ff00000000e803d007dc05640000ff0000000084,e803d007dc05640000ff00000000e803d007dc05640000ff00000000e803d007dc05640000ff00000000e803d007dc05640000ff00000000e803d007dc05640000ff00000000e803d007dc05640000ff00000000e803d007dc05640000ff00000000e803d007dc05640000ff00000000e803d007dc05640000ff00000000e803d007dc05640000ff00000000e803d007dc05640000ff00000000e803d007dc05640000ff00000000e803d007dc05640000ff00000000e803d007dc05640000ff00000000e803d007dc05640000ff00000000e803d007dc05640000ff00000000e803d007dc05640000ff00000000e803d007dc05640000ff00000000
2026-10-04T12:08:01.766643+00:00,183973550212916,122,error_or_bad_checksum,9.744,244d21007a7a,
2026-10-04T12:08:01.776983+00:00,183973560030333,151,ok,10.266,244d3e09970001010002020001009f,000101000202000100
2026-10-04T12:08:01.786986+00:00,183973570386500,166,ok,9.913,244d3e15a600000000000025000000000000000f270f270f2700be,00000000000025000000000000000f270f270f2700
2026-10-04T12:08:02.666851+00:00,183974451414500,1,ok,8.744,244d3e030100020505,000205
2026-10-04T12:08:02.676955+00:00,183974460322000,2,ok,9.937,244d3e0402494e415616,494e4156
2026-10-04T12:08:02.687210+00:00,183974470421333,3,ok,10.095,244d3e030309010008,090100
2026-10-04T12:08:02.697279+00:00,183974480653750,4,ok,9.930,244d3e18044d373241000002010f4d414d4241463732325f323032324136,4d373241000002010f4d414d4241463732325f3230323241
2026-10-04T12:08:02.707632+00:00,183974490722916,101,ok,10.214,244d3e0b65f9033700c1800000004000a2,f9033700c1800000004000
2026-10-04T12:08:02.717633+00:00,183974501069666,106,ok,9.868,244d3e126a000000000000000000000000000000000f2750,000000000000000000000000000000000f27
2026-10-04T12:08:02.727645+00:00,183974511086000,107,ok,9.862,244d3e056b00000000006e,0000000000
2026-10-04T12:08:02.737959+00:00,183974521102250,108,ok,10.162,244d3e066c7cff58fd00004c,7cff58fd0000
2026-10-04T12:08:02.747990+00:00,183974531414708,109,ok,9.880,244d3e0a6d0000000000000000000067,00000000000000000000
2026-10-04T12:08:02.757951+00:00,183974541509166,110,ok,9.751,244d3e076e0a00000000000063,0a000000000000
2026-10-04T12:08:02.768185+00:00,183974551371458,120,ok,10.122,244d3efc78e803d007dc05640000ff00000000e803d007dc05640000ff00000000e803d007dc05640000ff00000000e803d007dc05640000ff00000000e803d007dc05640000ff00000000e803d007dc05640000ff00000000e803d007dc05640000ff00000000e803d007dc05640000ff00000000e803d007dc05640000ff00000000e803d007dc05640000ff00000000e803d007dc05640000ff00000000e803d007dc05640000ff00000000e803d007dc05640000ff00000000e803d007dc05640000ff00000000e803d007dc05640000ff00000000e803d007dc05640000ff00000000e803d007dc05640000ff00000000e803d007dc05640000ff0000000084,e803d007dc05640000ff00000000e803d007dc05640000ff00000000e803d007dc05640000ff00000000e803d007dc05640000ff00000000e803d007dc05640000ff00000000e803d007dc05640000ff00000000e803d007dc05640000ff00000000e803d007dc05640000ff00000000e803d007dc05640000ff00000000e803d007dc05640000ff00000000e803d007dc05640000ff00000000e803d007dc05640000ff00000000e803d007dc05640000ff00000000e803d007dc05640000ff00000000e803d007dc05640000ff00000000e803d007dc05640000ff00000000e803d007dc05640000ff00000000e803d007dc05640000ff00000000
2026-10-04T12:08:02.778046+00:00,183974561638500,122,error_or_bad_checksum,9.708,244d21007a7a,
2026-10-04T12:08:02.788061+00:00,183974571483458,151,ok,9.883,244d3e09970001010002020001009f,000101000202000100
2026-10-04T12:08:02.798067+00:00,183974581519708,166,ok,9.856,244d3e15a600000000000025000000000000000f270f270f2700be,00000000000025000000000000000f270f270f2700
2026-10-04T12:08:03.665113+00:00,183975454033583,1,ok,4.385,244d3e030100020505,000205
2026-10-04T12:08:03.675510+00:00,183975458555166,2,ok,10.259,244d3e0402494e415616,494e4156
2026-10-04T12:08:03.685849+00:00,183975468989958,3,ok,10.164,244d3e030309010008,090100
2026-10-04T12:08:03.695835+00:00,183975479352958,4,ok,9.788,244d3e18044d373241000002010f4d414d4241463732325f323032324136,4d373241000002010f4d414d4241463732325f3230323241
2026-10-04T12:08:03.705955+00:00,183975489293000,101,ok,9.968,244d3e0b65f0033700c1800000004000ab,f0033700c1800000004000
2026-10-04T12:08:03.716338+00:00,183975499410166,106,ok,10.230,244d3e126a000000000000000000000000000000000f2750,000000000000000000000000000000000f27
2026-10-04T12:08:03.726186+00:00,183975509813166,107,ok,9.681,244d3e056b00000000006e,0000000000
2026-10-04T12:08:03.736198+00:00,183975519634833,108,ok,9.870,244d3e066c7cff58fd00004c,7cff58fd0000
2026-10-04T12:08:03.746597+00:00,183975529644041,109,ok,10.263,244d3e0a6d0000000000000000000067,00000000000000000000
2026-10-04T12:08:03.756565+00:00,183975540036000,110,ok,9.833,244d3e076e0a00000000000063,0a000000000000
2026-10-04T12:08:03.766711+00:00,183975550021208,120,ok,10.001,244d3efc78e803d007dc05640000ff00000000e803d007dc05640000ff00000000e803d007dc05640000ff00000000e803d007dc05640000ff00000000e803d007dc05640000ff00000000e803d007dc05640000ff00000000e803d007dc05640000ff00000000e803d007dc05640000ff00000000e803d007dc05640000ff00000000e803d007dc05640000ff00000000e803d007dc05640000ff00000000e803d007dc05640000ff00000000e803d007dc05640000ff00000000e803d007dc05640000ff00000000e803d007dc05640000ff00000000e803d007dc05640000ff00000000e803d007dc05640000ff00000000e803d007dc05640000ff0000000084,e803d007dc05640000ff00000000e803d007dc05640000ff00000000e803d007dc05640000ff00000000e803d007dc05640000ff00000000e803d007dc05640000ff00000000e803d007dc05640000ff00000000e803d007dc05640000ff00000000e803d007dc05640000ff00000000e803d007dc05640000ff00000000e803d007dc05640000ff00000000e803d007dc05640000ff00000000e803d007dc05640000ff00000000e803d007dc05640000ff00000000e803d007dc05640000ff00000000e803d007dc05640000ff00000000e803d007dc05640000ff00000000e803d007dc05640000ff00000000e803d007dc05640000ff00000000
2026-10-04T12:08:03.776608+00:00,183975560154916,122,error_or_bad_checksum,9.757,244d21007a7a,
2026-10-04T12:08:03.786962+00:00,183975570074458,151,ok,10.190,244d3e09970001010002020001009f,000101000202000100
2026-10-04T12:08:03.797207+00:00,183975580412083,166,ok,10.106,244d3e15a600000000000026000000000000000f270f270f2700bd,00000000000026000000000000000f270f270f2700
2026-10-04T12:08:04.673759+00:00,183976458747791,1,ok,8.319,244d3e030100020505,000205
2026-10-04T12:08:04.683696+00:00,183976467198041,2,ok,9.809,244d3e0402494e415616,494e4156
2026-10-04T12:08:04.693777+00:00,183976477122333,3,ok,9.961,244d3e030309010008,090100
2026-10-04T12:08:04.703841+00:00,183976487218000,4,ok,9.930,244d3e18044d373241000002010f4d414d4241463732325f323032324136,4d373241000002010f4d414d4241463732325f3230323241
2026-10-04T12:08:04.713851+00:00,183976497315333,101,ok,9.844,244d3e0b65fb033700c1800000004000a0,fb033700c1800000004000
2026-10-04T12:08:04.723972+00:00,183976507304916,106,ok,9.981,244d3e126a000000000000000000000000000000000f2750,000000000000000000000000000000000f27
2026-10-04T12:08:04.734102+00:00,183976517367583,107,ok,10.048,244d3e056b00000000006e,0000000000
2026-10-04T12:08:04.744367+00:00,183976527508375,108,ok,10.175,244d3e066c7cff58fd00004c,7cff58fd0000
2026-10-04T12:08:04.754409+00:00,183976537737625,109,ok,9.987,244d3e0a6d0000000000000000000067,00000000000000000000
2026-10-04T12:08:04.764778+00:00,183976547787416,110,ok,10.303,244d3e076e0a00000000000063,0a000000000000
2026-10-04T12:08:04.775068+00:00,183976558211291,120,ok,10.166,244d3efc78e803d007dc05640000ff00000000e803d007dc05640000ff00000000e803d007dc05640000ff00000000e803d007dc05640000ff00000000e803d007dc05640000ff00000000e803d007dc05640000ff00000000e803d007dc05640000ff00000000e803d007dc05640000ff00000000e803d007dc05640000ff00000000e803d007dc05640000ff00000000e803d007dc05640000ff00000000e803d007dc05640000ff00000000e803d007dc05640000ff00000000e803d007dc05640000ff00000000e803d007dc05640000ff00000000e803d007dc05640000ff00000000e803d007dc05640000ff00000000e803d007dc05640000ff0000000084,e803d007dc05640000ff00000000e803d007dc05640000ff00000000e803d007dc05640000ff00000000e803d007dc05640000ff00000000e803d007dc05640000ff00000000e803d007dc05640000ff00000000e803d007dc05640000ff00000000e803d007dc05640000ff00000000e803d007dc05640000ff00000000e803d007dc05640000ff00000000e803d007dc05640000ff00000000e803d007dc05640000ff00000000e803d007dc05640000ff00000000e803d007dc05640000ff00000000e803d007dc05640000ff00000000e803d007dc05640000ff00000000e803d007dc05640000ff00000000e803d007dc05640000ff00000000
2026-10-04T12:08:04.784818+00:00,183976568521625,122,error_or_bad_checksum,9.606,244d21007a7a,
2026-10-04T12:08:04.795134+00:00,183976578249500,151,ok,10.196,244d3e09970001010002020001009f,000101000202000100
2026-10-04T12:08:04.805168+00:00,183976588555666,166,ok,9.923,244d3e15a600000000000026000000000000000f270f270f2700bd,00000000000026000000000000000f270f270f2700
2026-10-04T12:08:05.673224+00:00,183977463709875,1,ok,2.793,244d3e030100020505,000205
2026-10-04T12:08:05.682929+00:00,183977466755083,2,ok,9.479,244d3e0402494e415616,494e4156
2026-10-04T12:08:05.692901+00:00,183977476396958,3,ok,9.815,244d3e030309010008,090100
2026-10-04T12:08:05.702909+00:00,183977486331916,4,ok,9.884,244d3e18044d373241000002010f4d414d4241463732325f323032324136,4d373241000002010f4d414d4241463732325f3230323241
2026-10-04T12:08:05.712984+00:00,183977496352541,101,ok,9.937,244d3e0b65ef033700c1800000004000b4,ef033700c1800000004000
2026-10-04T12:08:05.722990+00:00,183977506453416,106,ok,9.845,244d3e126a000000000000000000000000000000000f2750,000000000000000000000000000000000f27
2026-10-04T12:08:05.732967+00:00,183977516422458,107,ok,9.853,244d3e056b00000000006e,0000000000
2026-10-04T12:08:05.743157+00:00,183977526425583,108,ok,9.995,244d3e066c7cff58fd00004c,7cff58fd0000
2026-10-04T12:08:05.753073+00:00,183977536661750,109,ok,9.719,244d3e0a6d0000000000000000000067,00000000000000000000
2026-10-04T12:08:05.763022+00:00,183977546542750,110,ok,9.791,244d3e076e0a00000000000063,0a000000000000
2026-10-04T12:08:05.773281+00:00,183977556458333,120,ok,10.134,244d3efc78e803d007dc05640000ff00000000e803d007dc05640000ff00000000e803d007dc05640000ff00000000e803d007dc05640000ff00000000e803d007dc05640000ff00000000e803d007dc05640000ff00000000e803d007dc05640000ff00000000e803d007dc05640000ff00000000e803d007dc05640000ff00000000e803d007dc05640000ff00000000e803d007dc05640000ff00000000e803d007dc05640000ff00000000e803d007dc05640000ff00000000e803d007dc05640000ff00000000e803d007dc05640000ff00000000e803d007dc05640000ff00000000e803d007dc05640000ff00000000e803d007dc05640000ff0000000084,e803d007dc05640000ff00000000e803d007dc05640000ff00000000e803d007dc05640000ff00000000e803d007dc05640000ff00000000e803d007dc05640000ff00000000e803d007dc05640000ff00000000e803d007dc05640000ff00000000e803d007dc05640000ff00000000e803d007dc05640000ff00000000e803d007dc05640000ff00000000e803d007dc05640000ff00000000e803d007dc05640000ff00000000e803d007dc05640000ff00000000e803d007dc05640000ff00000000e803d007dc05640000ff00000000e803d007dc05640000ff00000000e803d007dc05640000ff00000000e803d007dc05640000ff00000000
2026-10-04T12:08:05.783057+00:00,183977566735000,122,error_or_bad_checksum,9.634,244d21007a7a,
2026-10-04T12:08:05.793055+00:00,183977576491666,151,ok,9.877,244d3e09970001010002020001009f,000101000202000100
2026-10-04T12:08:05.803288+00:00,183977586471250,166,ok,10.125,244d3e15a600000000000027000000000000000f270f270f2700bc,00000000000027000000000000000f270f270f2700
2026-10-04T12:08:06.678641+00:00,183978467379750,1,ok,4.575,244d3e030100020505,000205
2026-10-04T12:08:06.688716+00:00,183978472058625,2,ok,9.969,244d3e0402494e415616,494e4156
2026-10-04T12:08:06.698701+00:00,183978482150583,3,ok,9.863,244d3e030309010008,090100
2026-10-04T12:08:06.709158+00:00,183978492135416,4,ok,10.330,244d3e18044d373241000002010f4d414d4241463732325f323032324136,4d373241000002010f4d414d4241463732325f3230323241
2026-10-04T12:08:06.719106+00:00,183978502645541,101,ok,9.768,244d3e0b65f9033700c1800000004000a2,f9033700c1800000004000
2026-10-04T12:08:06.729151+00:00,183978512570958,106,ok,9.888,244d3e126a000000000000000000000000000000000f2750,000000000000000000000000000000000f27
2026-10-04T12:08:06.739136+00:00,183978522624416,107,ok,9.821,244d3e056b00000000006e,0000000000
2026-10-04T12:08:06.749478+00:00,183978532586041,108,ok,10.201,244d3e066c7cff58fd00004c,7cff58fd0000
2026-10-04T12:08:06.759492+00:00,183978542941958,109,ok,9.850,244d3e0a6d0000000000000000000067,00000000000000000000
2026-10-04T12:08:06.769527+00:00,183978553011416,110,ok,9.824,244d3e076e0a00000000000063,0a000000000000
2026-10-04T12:08:06.779775+00:00,183978562978833,120,ok,10.104,244d3efc78e803d007dc05640000ff00000000e803d007dc05640000ff00000000e803d007dc05640000ff00000000e803d007dc05640000ff00000000e803d007dc05640000ff00000000e803d007dc05640000ff00000000e803d007dc05640000ff00000000e803d007dc05640000ff00000000e803d007dc05640000ff00000000e803d007dc05640000ff00000000e803d007dc05640000ff00000000e803d007dc05640000ff00000000e803d007dc05640000ff00000000e803d007dc05640000ff00000000e803d007dc05640000ff00000000e803d007dc05640000ff00000000e803d007dc05640000ff00000000e803d007dc05640000ff0000000084,e803d007dc05640000ff00000000e803d007dc05640000ff00000000e803d007dc05640000ff00000000e803d007dc05640000ff00000000e803d007dc05640000ff00000000e803d007dc05640000ff00000000e803d007dc05640000ff00000000e803d007dc05640000ff00000000e803d007dc05640000ff00000000e803d007dc05640000ff00000000e803d007dc05640000ff00000000e803d007dc05640000ff00000000e803d007dc05640000ff00000000e803d007dc05640000ff00000000e803d007dc05640000ff00000000e803d007dc05640000ff00000000e803d007dc05640000ff00000000e803d007dc05640000ff00000000
2026-10-04T12:08:06.789510+00:00,183978573249625,122,error_or_bad_checksum,9.572,244d21007a7a,
2026-10-04T12:08:06.799523+00:00,183978582923666,151,ok,9.912,244d3e09970001010002020001009f,000101000202000100
2026-10-04T12:08:06.809668+00:00,183978592946333,166,ok,10.024,244d3e15a600000000000027000000000000000f270f270f2700bc,00000000000027000000000000000f270f270f2700
2026-10-04T12:08:07.688204+00:00,183979471566916,1,ok,9.944,244d3e030100020505,000205
2026-10-04T12:08:07.698538+00:00,183979481673416,2,ok,10.168,244d3e0402494e415616,494e4156
2026-10-04T12:08:07.708575+00:00,183979492026166,3,ok,9.855,244d3e030309010008,090100
2026-10-04T12:08:07.718807+00:00,183979502036333,4,ok,10.085,244d3e18044d373241000002010f4d414d4241463732325f323032324136,4d373241000002010f4d414d4241463732325f3230323241
2026-10-04T12:08:07.728836+00:00,183979512220791,101,ok,9.930,244d3e0b65f7033700c1800000004000ac,f7033700c1800000004000
2026-10-04T12:08:07.739237+00:00,183979522264458,106,ok,10.284,244d3e126a000000000000000000000000000000000f2750,000000000000000000000000000000000f27
2026-10-04T12:08:07.749233+00:00,183979532702250,107,ok,9.839,244d3e056b00000000006e,0000000000
2026-10-04T12:08:07.759653+00:00,183979542724208,108,ok,10.237,244d3e066c7dff58fd00004d,7dff58fd0000
2026-10-04T12:08:07.769596+00:00,183979553119458,109,ok,9.785,244d3e0a6d0000000000000000000067,00000000000000000000
2026-10-04T12:08:07.779845+00:00,183979563048541,110,ok,10.109,244d3e076e0a00000000000063,0a000000000000
2026-10-04T12:08:07.790698+00:00,183979573272958,120,ok,10.733,244d3efc78e803d007dc05640000ff00000000e803d007dc05640000ff00000000e803d007dc05640000ff00000000e803d007dc05640000ff00000000e803d007dc05640000ff00000000e803d007dc05640000ff00000000e803d007dc05640000ff00000000e803d007dc05640000ff00000000e803d007dc05640000ff00000000e803d007dc05640000ff00000000e803d007dc05640000ff00000000e803d007dc05640000ff00000000e803d007dc05640000ff00000000e803d007dc05640000ff00000000e803d007dc05640000ff00000000e803d007dc05640000ff00000000e803d007dc05640000ff00000000e803d007dc05640000ff0000000084,e803d007dc05640000ff00000000e803d007dc05640000ff00000000e803d007dc05640000ff00000000e803d007dc05640000ff00000000e803d007dc05640000ff00000000e803d007dc05640000ff00000000e803d007dc05640000ff00000000e803d007dc05640000ff00000000e803d007dc05640000ff00000000e803d007dc05640000ff00000000e803d007dc05640000ff00000000e803d007dc05640000ff00000000e803d007dc05640000ff00000000e803d007dc05640000ff00000000e803d007dc05640000ff00000000e803d007dc05640000ff00000000e803d007dc05640000ff00000000e803d007dc05640000ff00000000
2026-10-04T12:08:07.800261+00:00,183979584234625,122,error_or_bad_checksum,9.339,244d21007a7a,
2026-10-04T12:08:07.810289+00:00,183979593678750,151,ok,9.919,244d3e09970001010002020001009f,000101000202000100
2026-10-04T12:08:07.820318+00:00,183979603738083,166,ok,9.889,244d3e15a600000000000027000000000000000f270f270f2700bc,00000000000027000000000000000f270f270f2700
2026-10-04T12:08:08.688144+00:00,183980476610291,1,ok,4.851,244d3e030100020505,000205
2026-10-04T12:08:08.698229+00:00,183980481521791,2,ok,10.026,244d3e0402494e415616,494e4156
2026-10-04T12:08:08.708273+00:00,183980491627000,3,ok,9.959,244d3e030309010008,090100
2026-10-04T12:08:08.718330+00:00,183980501723625,4,ok,9.924,244d3e18044d373241000002010f4d414d4241463732325f323032324136,4d373241000002010f4d414d4241463732325f3230323241
2026-10-04T12:08:08.728397+00:00,183980511745375,101,ok,9.963,244d3e0b65fc033700c1800000004000a7,fc033700c1800000004000
2026-10-04T12:08:08.738770+00:00,183980521829666,106,ok,9.829,244d3e126a000000000000000000000000000000000f2750,000000000000000000000000000000000f27
2026-10-04T12:08:08.748477+00:00,183980532204916,107,ok,9.586,244d3e056b00000000006e,0000000000
2026-10-04T12:08:08.758905+00:00,183980542137125,108,ok,10.082,244d3e066c7dff58fd00004d,7dff58fd0000
2026-10-04T12:08:08.768670+00:00,183980552331875,109,ok,9.653,244d3e0a6d0000000000000000000067,00000000000000000000
2026-10-04T12:08:08.778681+00:00,183980562088500,110,ok,9.908,244d3e076e0a00000000000063,0a000000000000
2026-10-04T12:08:08.788910+00:00,183980572092916,120,ok,10.132,244d3efc78e803d007dc05640000ff00000000e803d007dc05640000ff00000000e803d007dc05640000ff00000000e803d007dc05640000ff00000000e803d007dc05640000ff00000000e803d007dc05640000ff00000000e803d007dc05640000ff00000000e803d007dc05640000ff00000000e803d007dc05640000ff00000000e803d007dc05640000ff00000000e803d007dc05640000ff00000000e803d007dc05640000ff00000000e803d007dc05640000ff00000000e803d007dc05640000ff00000000e803d007dc05640000ff00000000e803d007dc05640000ff00000000e803d007dc05640000ff00000000e803d007dc05640000ff0000000084,e803d007dc05640000ff00000000e803d007dc05640000ff00000000e803d007dc05640000ff00000000e803d007dc05640000ff00000000e803d007dc05640000ff00000000e803d007dc05640000ff00000000e803d007dc05640000ff00000000e803d007dc05640000ff00000000e803d007dc05640000ff00000000e803d007dc05640000ff00000000e803d007dc05640000ff00000000e803d007dc05640000ff00000000e803d007dc05640000ff00000000e803d007dc05640000ff00000000e803d007dc05640000ff00000000e803d007dc05640000ff00000000e803d007dc05640000ff00000000e803d007dc05640000ff00000000
2026-10-04T12:08:08.798728+00:00,183980582346333,122,error_or_bad_checksum,9.696,244d21007a7a,
2026-10-04T12:08:08.808879+00:00,183980592148250,151,ok,10.036,244d3e09970001010002020001009f,000101000202000100
2026-10-04T12:08:08.818775+00:00,183980602366041,166,ok,9.724,244d3e15a600000000000028000000000000000f270f270f2700b3,00000000000028000000000000000f270f270f2700
2026-10-04T12:08:09.687908+00:00,183981478962250,1,ok,2.263,244d3e030100020505,000205
2026-10-04T12:08:09.698426+00:00,183981481300041,2,ok,10.437,244d3e0402494e415616,494e4156
2026-10-04T12:08:09.708437+00:00,183981491880166,3,ok,9.868,244d3e030309010008,090100
2026-10-04T12:08:09.718731+00:00,183981501918791,4,ok,10.128,244d3e18044d373241000002010f4d414d4241463732325f323032324136,4d373241000002010f4d414d4241463732325f3230323241
2026-10-04T12:08:09.728680+00:00,183981512151833,101,ok,9.844,244d3e0b65f3033700c1800000004000a8,f3033700c1800000004000
2026-10-04T12:08:09.739002+00:00,183981522090791,106,ok,10.226,244d3e126a000000000000000000000000000000000f2750,000000000000000000000000000000000f27
2026-10-04T12:08:09.749047+00:00,183981532437458,107,ok,9.923,244d3e056b00000000006e,0000000000
2026-10-04T12:08:09.759344+00:00,183981542492583,108,ok,10.167,244d3e066c7dff58fd00004d,7dff58fd0000
2026-10-04T12:08:09.769371+00:00,183981552774125,109,ok,9.912,244d3e0a6d0000000000000000000067,00000000000000000000
2026-10-04T12:08:09.779687+00:00,183981562795250,110,ok,10.208,244d3e076e0a00000000000063,0a000000000000
2026-10-04T12:08:09.790034+00:00,183981573111708,120,ok,10.237,244d3efc78e803d007dc05640000ff00000000e803d007dc05640000ff00000000e803d007dc05640000ff00000000e803d007dc05640000ff00000000e803d007dc05640000ff00000000e803d007dc05640000ff00000000e803d007dc05640000ff00000000e803d007dc05640000ff00000000e803d007dc05640000ff00000000e803d007dc05640000ff00000000e803d007dc05640000ff00000000e803d007dc05640000ff00000000e803d007dc05640000ff00000000e803d007dc05640000ff00000000e803d007dc05640000ff00000000e803d007dc05640000ff00000000e803d007dc05640000ff00000000e803d007dc05640000ff0000000084,e803d007dc05640000ff00000000e803d007dc05640000ff00000000e803d007dc05640000ff00000000e803d007dc05640000ff00000000e803d007dc05640000ff00000000e803d007dc05640000ff00000000e803d007dc05640000ff00000000e803d007dc05640000ff00000000e803d007dc05640000ff00000000e803d007dc05640000ff00000000e803d007dc05640000ff00000000e803d007dc05640000ff00000000e803d007dc05640000ff00000000e803d007dc05640000ff00000000e803d007dc05640000ff00000000e803d007dc05640000ff00000000e803d007dc05640000ff00000000e803d007dc05640000ff00000000
2026-10-04T12:08:09.800040+00:00,183981583493500,122,error_or_bad_checksum,9.860,244d21007a7a,
2026-10-04T12:08:09.810067+00:00,183981593459625,151,ok,9.923,244d3e09970001010002020001009f,000101000202000100
2026-10-04T12:08:09.820085+00:00,183981603493458,166,ok,9.909,244d3e15a600000000000028000000000000000f270f270f2700b3,00000000000028000000000000000f270f270f2700
2026-10-04T12:08:10.696583+00:00,183982483926416,1,ok,5.969,244d3e030100020505,000205
2026-10-04T12:08:10.706636+00:00,183982490033750,2,ok,9.913,244d3e0402494e415616,494e4156
2026-10-04T12:08:10.716911+00:00,183982500094666,3,ok,10.125,244d3e030309010008,090100
2026-10-04T12:08:10.726701+00:00,183982510393458,4,ok,9.620,244d3e18044d373241000002010f4d414d4241463732325f323032324136,4d373241000002010f4d414d4241463732325f3230323241
2026-10-04T12:08:10.736701+00:00,183982520174916,101,ok,9.837,244d3e0b650c043700c180000000400050,0c043700c1800000004000
2026-10-04T12:08:10.746727+00:00,183982530165500,106,ok,9.874,244d3e126a000000000000000000000000000000000f2750,000000000000000000000000000000000f27
2026-10-04T12:08:10.756759+00:00,183982540177958,107,ok,9.891,244d3e056b00000000006e,0000000000
2026-10-04T12:08:10.766711+00:00,183982550270208,108,ok,9.756,244d3e066c7dff58fd00004d,7dff58fd0000
2026-10-04T12:08:10.777039+00:00,183982560148958,109,ok,10.206,244d3e0a6d0000000000000000000067,00000000000000000000
2026-10-04T12:08:10.787111+00:00,183982570468708,110,ok,9.954,244d3e076e0a00000000000063,0a000000000000
2026-10-04T12:08:10.797569+00:00,183982580577166,120,ok,10.309,244d3efc78e803d007dc05640000ff00000000e803d007dc05640000ff00000000e803d007dc05640000ff00000000e803d007dc05640000ff00000000e803d007dc05640000ff00000000e803d007dc05640000ff00000000e803d007dc05640000ff00000000e803d007dc05640000ff00000000e803d007dc05640000ff00000000e803d007dc05640000ff00000000e803d007dc05640000ff00000000e803d007dc05640000ff00000000e803d007dc05640000ff00000000e803d007dc05640000ff00000000e803d007dc05640000ff00000000e803d007dc05640000ff00000000e803d007dc05640000ff00000000e803d007dc05640000ff0000000084,e803d007dc05640000ff00000000e803d007dc05640000ff00000000e803d007dc05640000ff00000000e803d007dc05640000ff00000000e803d007dc05640000ff00000000e803d007dc05640000ff00000000e803d007dc05640000ff00000000e803d007dc05640000ff00000000e803d007dc05640000ff00000000e803d007dc05640000ff00000000e803d007dc05640000ff00000000e803d007dc05640000ff00000000e803d007dc05640000ff00000000e803d007dc05640000ff00000000e803d007dc05640000ff00000000e803d007dc05640000ff00000000e803d007dc05640000ff00000000e803d007dc05640000ff00000000
2026-10-04T12:08:10.808393+00:00,183982591030041,122,error_or_bad_checksum,10.673,244d21007a7a,
2026-10-04T12:08:10.817800+00:00,183982601898958,151,ok,9.214,244d3e09970001010002020001009f,000101000202000100
2026-10-04T12:08:10.828118+00:00,183982611276125,166,ok,10.155,244d3e15a600000000000029000000000000000f270f270f2700b2,00000000000029000000000000000f270f270f2700
2026-10-04T12:08:11.698132+00:00,183983486095958,1,ok,5.351,244d3e030100020505,000205
2026-10-04T12:08:11.708213+00:00,183983491577541,2,ok,9.947,244d3e0402494e415616,494e4156
2026-10-04T12:08:11.718233+00:00,183983501672916,3,ok,9.873,244d3e030309010008,090100
2026-10-04T12:08:11.728281+00:00,183983511691625,4,ok,9.901,244d3e18044d373241000002010f4d414d4241463732325f323032324136,4d373241000002010f4d414d4241463732325f3230323241
2026-10-04T12:08:11.738286+00:00,183983521719541,101,ok,9.879,244d3e0b65f6033700c1800000004000ad,f6033700c1800000004000
2026-10-04T12:08:11.748114+00:00,183983531742916,106,ok,9.685,244d3e126a000000000000000000000000000000000f2750,000000000000000000000000000000000f27
2026-10-04T12:08:11.758426+00:00,183983541580250,107,ok,10.156,244d3e056b00000000006e,0000000000
2026-10-04T12:08:11.768403+00:00,183983551885000,108,ok,9.830,244d3e066c7dff58fd00004d,7dff58fd0000
2026-10-04T12:08:11.778396+00:00,183983561873416,109,ok,9.837,244d3e0a6d0000000000000000000067,00000000000000000000
2026-10-04T12:08:11.788391+00:00,183983571864958,110,ok,9.839,244d3e076e0a00000000000063,0a000000000000
2026-10-04T12:08:11.798640+00:00,183983581840625,120,ok,10.090,244d3efc78e803d007dc05640000ff00000000e803d007dc05640000ff00000000e803d007dc05640000ff00000000e803d007dc05640000ff00000000e803d007dc05640000ff00000000e803d007dc05640000ff00000000e803d007dc05640000ff00000000e803d007dc05640000ff00000000e803d007dc05640000ff00000000e803d007dc05640000ff00000000e803d007dc05640000ff00000000e803d007dc05640000ff00000000e803d007dc05640000ff00000000e803d007dc05640000ff00000000e803d007dc05640000ff00000000e803d007dc05640000ff00000000e803d007dc05640000ff00000000e803d007dc05640000ff0000000084,e803d007dc05640000ff00000000e803d007dc05640000ff00000000e803d007dc05640000ff00000000e803d007dc05640000ff00000000e803d007dc05640000ff00000000e803d007dc05640000ff00000000e803d007dc05640000ff00000000e803d007dc05640000ff00000000e803d007dc05640000ff00000000e803d007dc05640000ff00000000e803d007dc05640000ff00000000e803d007dc05640000ff00000000e803d007dc05640000ff00000000e803d007dc05640000ff00000000e803d007dc05640000ff00000000e803d007dc05640000ff00000000e803d007dc05640000ff00000000e803d007dc05640000ff00000000
2026-10-04T12:08:11.808473+00:00,183983592166916,122,error_or_bad_checksum,9.616,244d21007a7a,
2026-10-04T12:08:11.818477+00:00,183983601940666,151,ok,9.848,244d3e09970001010002020001009f,000101000202000100
2026-10-04T12:08:11.828413+00:00,183983611954125,166,ok,9.777,244d3e15a600000000000029000000000000000f270f270f2700b2,00000000000029000000000000000f270f270f2700
2026-10-04T12:08:12.703979+00:00,183984490600291,1,ok,6.693,244d3e030100020505,000205
2026-10-04T12:08:12.714039+00:00,183984497416916,2,ok,9.936,244d3e0402494e415616,494e4156
2026-10-04T12:08:12.724000+00:00,183984507459958,3,ok,9.859,244d3e030309010008,090100
2026-10-04T12:08:12.734180+00:00,183984517428958,4,ok,10.067,244d3e18044d373241000002010f4d414d4241463732325f323032324136,4d373241000002010f4d414d4241463732325f3230323241
2026-10-04T12:08:12.744374+00:00,183984527639750,101,ok,10.055,244d3e0b653f043700c180000000400063,3f043700c1800000004000
2026-10-04T12:08:12.754448+00:00,183984537784208,106,ok,9.987,244d3e126a000000000000000000000000000000000f2750,000000000000000000000000000000000f27
2026-10-04T12:08:12.764755+00:00,183984547823625,107,ok,10.247,244d3e056b00000000006e,0000000000
2026-10-04T12:08:12.774773+00:00,183984558227708,108,ok,9.850,244d3e066c7dff58fd01004c,7dff58fd0100
2026-10-04T12:08:12.784895+00:00,183984568263166,109,ok,9.945,244d3e0a6d0000000000000000000067,00000000000000000000
2026-10-04T12:08:12.794922+00:00,183984578370791,110,ok,9.864,244d3e076e0a00000000000063,0a000000000000
2026-10-04T12:08:12.805434+00:00,183984588424750,120,ok,10.326,244d3efc78e803d007dc05640000ff00000000e803d007dc05640000ff00000000e803d007dc05640000ff00000000e803d007dc05640000ff00000000e803d007dc05640000ff00000000e803d007dc05640000ff00000000e803d007dc05640000ff00000000e803d007dc05640000ff00000000e803d007dc05640000ff00000000e803d007dc05640000ff00000000e803d007dc05640000ff00000000e803d007dc05640000ff00000000e803d007dc05640000ff00000000e803d007dc05640000ff00000000e803d007dc05640000ff00000000e803d007dc05640000ff00000000e803d007dc05640000ff00000000e803d007dc05640000ff0000000084,e803d007dc05640000ff00000000e803d007dc05640000ff00000000e803d007dc05640000ff00000000e803d007dc05640000ff00000000e803d007dc05640000ff00000000e803d007dc05640000ff00000000e803d007dc05640000ff00000000e803d007dc05640000ff00000000e803d007dc05640000ff00000000e803d007dc05640000ff00000000e803d007dc05640000ff00000000e803d007dc05640000ff00000000e803d007dc05640000ff00000000e803d007dc05640000ff00000000e803d007dc05640000ff00000000e803d007dc05640000ff00000000e803d007dc05640000ff00000000e803d007dc05640000ff00000000
2026-10-04T12:08:12.815274+00:00,183984598925708,122,error_or_bad_checksum,9.659,244d21007a7a,
2026-10-04T12:08:12.825274+00:00,183984608769583,151,ok,9.815,244d3e09970001010002020001009f,000101000202000100
2026-10-04T12:08:12.835205+00:00,183984618759916,166,ok,9.764,244d3e15a60000000000002a000000000000000f270f270f2700b1,0000000000002a000000000000000f270f270f2700
2026-10-04T12:08:13.704717+00:00,183985492068958,1,ok,5.962,244d3e030100020505,000205
2026-10-04T12:08:13.714754+00:00,183985498169333,2,ok,9.900,244d3e0402494e415616,494e4156
2026-10-04T12:08:13.724773+00:00,183985508212125,3,ok,9.874,244d3e030309010008,090100
2026-10-04T12:08:13.734802+00:00,183985518254625,4,ok,9.862,244d3e18044d373241000002010f4d414d4241463732325f323032324136,4d373241000002010f4d414d4241463732325f3230323241
2026-10-04T12:08:13.744795+00:00,183985528272666,101,ok,9.837,244d3e0b65f7033700c1800000004000ac,f7033700c1800000004000
2026-10-04T12:08:13.754842+00:00,183985538261875,106,ok,9.892,244d3e126a000000000000000000000000000000000f2750,000000000000000000000000000000000f27
2026-10-04T12:08:13.764775+00:00,183985548321375,107,ok,9.772,244d3e056b00000000006e,0000000000
2026-10-04T12:08:13.774891+00:00,183985558199541,108,ok,10.002,244d3e066c7dff58fd01004c,7dff58fd0100
2026-10-04T12:08:13.784811+00:00,183985568384000,109,ok,9.745,244d3e0a6d0000000000000000000067,00000000000000000000
2026-10-04T12:08:13.794836+00:00,183985578241500,110,ok,9.912,244d3e076e0a00000000000063,0a000000000000
2026-10-04T12:08:13.805507+00:00,183985588265291,120,ok,10.556,244d3efc78e803d007dc05640000ff00000000e803d007dc05640000ff00000000e803d007dc05640000ff00000000e803d007dc05640000ff00000000e803d007dc05640000ff00000000e803d007dc05640000ff00000000e803d007dc05640000ff00000000e803d007dc05640000ff00000000e803d007dc05640000ff00000000e803d007dc05640000ff00000000e803d007dc05640000ff00000000e803d007dc05640000ff00000000e803d007dc05640000ff00000000e803d007dc05640000ff00000000e803d007dc05640000ff00000000e803d007dc05640000ff00000000e803d007dc05640000ff00000000e803d007dc05640000ff0000000084,e803d007dc05640000ff00000000e803d007dc05640000ff00000000e803d007dc05640000ff00000000e803d007dc05640000ff00000000e803d007dc05640000ff00000000e803d007dc05640000ff00000000e803d007dc05640000ff00000000e803d007dc05640000ff00000000e803d007dc05640000ff00000000e803d007dc05640000ff00000000e803d007dc05640000ff00000000e803d007dc05640000ff00000000e803d007dc05640000ff00000000e803d007dc05640000ff00000000e803d007dc05640000ff00000000e803d007dc05640000ff00000000e803d007dc05640000ff00000000e803d007dc05640000ff00000000
2026-10-04T12:08:13.816348+00:00,183985599009375,122,error_or_bad_checksum,10.644,244d21007a7a,
2026-10-04T12:08:13.825606+00:00,183985609845666,151,ok,9.074,244d3e09970001010002020001009f,000101000202000100
2026-10-04T12:08:13.835631+00:00,183985619073125,166,ok,9.873,244d3e15a60000000000002a000000000000000f270f270f2700b1,0000000000002a000000000000000f270f270f2700
2026-10-04T12:08:14.712382+00:00,183986496995791,1,ok,8.702,244d3e030100020505,000205
2026-10-04T12:08:14.722437+00:00,183986505849041,2,ok,9.902,244d3e0402494e415616,494e4156
2026-10-04T12:08:14.732636+00:00,183986515938500,3,ok,10.018,244d3e030309010008,090100
2026-10-04T12:08:14.742759+00:00,183986526068916,4,ok,10.007,244d3e18044d373241000002010f4d414d4241463732325f323032324136,4d373241000002010f4d414d4241463732325f3230323241
2026-10-04T12:08:14.753045+00:00,183986536236000,101,ok,10.120,244d3e0b65f1033700c1800000004000aa,f1033700c1800000004000
2026-10-04T12:08:14.763029+00:00,183986546598500,106,ok,9.750,244d3e126a000000000000000000000000000000000f2750,000000000000000000000000000000000f27
2026-10-04T12:08:14.773181+00:00,183986556460250,107,ok,10.030,244d3e056b00000000006e,0000000000
2026-10-04T12:08:14.783141+00:00,183986566689416,108,ok,9.768,244d3e066c7dff59fd01004d,7dff59fd0100
2026-10-04T12:08:14.793093+00:00,183986576613958,109,ok,9.799,244d3e0a6d0000000000000000000067,00000000000000000000
2026-10-04T12:08:14.803136+00:00,183986586537208,110,ok,9.917,244d3e076e0a00000000000063,0a000000000000
2026-10-04T12:08:14.813676+00:00,183986596592500,120,ok,10.398,244d3efc78e803d007dc05640000ff00000000e803d007dc05640000ff00000000e803d007dc05640000ff00000000e803d007dc05640000ff00000000e803d007dc05640000ff00000000e803d007dc05640000ff00000000e803d007dc05640000ff00000000e803d007dc05640000ff00000000e803d007dc05640000ff00000000e803d007dc05640000ff00000000e803d007dc05640000ff00000000e803d007dc05640000ff00000000e803d007dc05640000ff00000000e803d007dc05640000ff00000000e803d007dc05640000ff00000000e803d007dc05640000ff00000000e803d007dc05640000ff00000000e803d007dc05640000ff0000000084,e803d007dc05640000ff00000000e803d007dc05640000ff00000000e803d007dc05640000ff00000000e803d007dc05640000ff00000000e803d007dc05640000ff00000000e803d007dc05640000ff00000000e803d007dc05640000ff00000000e803d007dc05640000ff00000000e803d007dc05640000ff00000000e803d007dc05640000ff00000000e803d007dc05640000ff00000000e803d007dc05640000ff00000000e803d007dc05640000ff00000000e803d007dc05640000ff00000000e803d007dc05640000ff00000000e803d007dc05640000ff00000000e803d007dc05640000ff00000000e803d007dc05640000ff00000000
2026-10-04T12:08:14.823216+00:00,183986607177333,122,error_or_bad_checksum,9.355,244d21007a7a,
2026-10-04T12:08:14.833212+00:00,183986616681250,151,ok,9.849,244d3e09970001010002020001009f,000101000202000100
2026-10-04T12:08:14.843668+00:00,183986626660375,166,ok,10.325,244d3e15a60000000000002a000000000000000f270f270f2700b1,0000000000002a000000000000000f270f270f2700
2026-10-04T12:08:15.709541+00:00,183987501956958,1,ok,0.908,244d3e030100020505,000205
2026-10-04T12:08:15.719635+00:00,183987502918791,2,ok,10.042,244d3e0402494e415616,494e4156
2026-10-04T12:08:15.729746+00:00,183987513021541,3,ok,10.047,244d3e030309010008,090100
2026-10-04T12:08:15.739691+00:00,183987523181958,4,ok,9.836,244d3e18044d373241000002010f4d414d4241463732325f323032324136,4d373241000002010f4d414d4241463732325f3230323241
2026-10-04T12:08:15.749678+00:00,183987533066791,101,ok,9.938,244d3e0b65fa033700c1800000004000a1,fa033700c1800000004000
2026-10-04T12:08:15.759697+00:00,183987543067458,106,ok,9.956,244d3e126a000000000000000000000000000000000f2750,000000000000000000000000000000000f27
2026-10-04T12:08:15.769713+00:00,183987553080291,107,ok,9.960,244d3e056b00000000006e,0000000000
2026-10-04T12:08:15.779759+00:00,183987563084583,108,ok,10.001,244d3e066c7dff59fd01004d,7dff59fd0100
2026-10-04T12:08:15.789814+00:00,183987573128583,109,ok,10.013,244d3e0a6d0000000000000000000067,00000000000000000000
2026-10-04T12:08:15.799832+00:00,183987583192375,110,ok,9.967,244d3e076e0a00000000000063,0a000000000000
2026-10-04T12:08:15.810030+00:00,183987593226166,120,ok,10.130,244d3efc78e803d007dc05640000ff00000000e803d007dc05640000ff00000000e803d007dc05640000ff00000000e803d007dc05640000ff00000000e803d007dc05640000ff00000000e803d007dc05640000ff00000000e803d007dc05640000ff00000000e803d007dc05640000ff00000000e803d007dc05640000ff00000000e803d007dc05640000ff00000000e803d007dc05640000ff00000000e803d007dc05640000ff00000000e803d007dc05640000ff00000000e803d007dc05640000ff00000000e803d007dc05640000ff00000000e803d007dc05640000ff00000000e803d007dc05640000ff00000000e803d007dc05640000ff0000000084,e803d007dc05640000ff00000000e803d007dc05640000ff00000000e803d007dc05640000ff00000000e803d007dc05640000ff00000000e803d007dc05640000ff00000000e803d007dc05640000ff00000000e803d007dc05640000ff00000000e803d007dc05640000ff00000000e803d007dc05640000ff00000000e803d007dc05640000ff00000000e803d007dc05640000ff00000000e803d007dc05640000ff00000000e803d007dc05640000ff00000000e803d007dc05640000ff00000000e803d007dc05640000ff00000000e803d007dc05640000ff00000000e803d007dc05640000ff00000000e803d007dc05640000ff00000000
2026-10-04T12:08:15.819814+00:00,183987603444166,122,error_or_bad_checksum,9.695,244d21007a7a,
2026-10-04T12:08:15.829894+00:00,183987613197541,151,ok,10.023,244d3e09970001010002020001009f,000101000202000100
2026-10-04T12:08:15.839964+00:00,183987623281458,166,ok,10.010,244d3e15a60000000000002b000000000000000f270f270f2700b0,0000000000002b000000000000000f270f270f2700
2026-10-04T12:08:16.716365+00:00,183988507072458,1,ok,2.614,244d3e030100020505,000205
2026-10-04T12:08:16.726689+00:00,183988509771875,2,ok,10.245,244d3e0402494e415616,494e4156
2026-10-04T12:08:16.736708+00:00,183988520062291,3,ok,9.972,244d3e030309010008,090100
2026-10-04T12:08:16.746889+00:00,183988530114958,4,ok,10.091,244d3e18044d373241000002010f4d414d4241463732325f323032324136,4d373241000002010f4d414d4241463732325f3230323241
2026-10-04T12:08:16.756786+00:00,183988540364333,101,ok,9.744,244d3e0b65ec033700c1800000004000b7,ec033700c1800000004000
2026-10-04T12:08:16.766834+00:00,183988550235166,106,ok,9.920,244d3e126a000000000000000000000000000000000f2750,000000000000000000000000000000000f27
2026-10-04T12:08:16.776823+00:00,183988560297625,107,ok,9.851,244d3e056b00000000006e,0000000000
2026-10-04T12:08:16.786807+00:00,183988570225666,108,ok,9.910,244d3e066c7dff59fd01004d,7dff59fd0100
2026-10-04T12:08:16.797037+00:00,183988580189750,109,ok,10.169,244d3e0a6d0000000000000000000067,00000000000000000000
2026-10-04T12:08:16.807198+00:00,183988590481166,110,ok,10.038,244d3e076e0a00000000000063,0a000000000000
2026-10-04T12:08:16.817558+00:00,183988600651208,120,ok,10.225,244d3efc78e803d007dc05640000ff00000000e803d007dc05640000ff00000000e803d007dc05640000ff00000000e803d007dc05640000ff00000000e803d007dc05640000ff00000000e803d007dc05640000ff00000000e803d007dc05640000ff00000000e803d007dc05640000ff00000000e803d007dc05640000ff00000000e803d007dc05640000ff00000000e803d007dc05640000ff00000000e803d007dc05640000ff00000000e803d007dc05640000ff00000000e803d007dc05640000ff00000000e803d007dc05640000ff00000000e803d007dc05640000ff00000000e803d007dc05640000ff00000000e803d007dc05640000ff0000000084,e803d007dc05640000ff00000000e803d007dc05640000ff00000000e803d007dc05640000ff00000000e803d007dc05640000ff00000000e803d007dc05640000ff00000000e803d007dc05640000ff00000000e803d007dc05640000ff00000000e803d007dc05640000ff00000000e803d007dc05640000ff00000000e803d007dc05640000ff00000000e803d007dc05640000ff00000000e803d007dc05640000ff00000000e803d007dc05640000ff00000000e803d007dc05640000ff00000000e803d007dc05640000ff00000000e803d007dc05640000ff00000000e803d007dc05640000ff00000000e803d007dc05640000ff00000000
2026-10-04T12:08:16.827411+00:00,183988611070833,122,error_or_bad_checksum,9.655,244d21007a7a,
2026-10-04T12:08:16.837612+00:00,183988620896083,151,ok,10.034,244d3e09970001010002020001009f,000101000202000100
2026-10-04T12:08:16.847934+00:00,183988631095625,166,ok,10.163,244d3e15a60000000000002b000000000000000f270f270f2700b0,0000000000002b000000000000000f270f270f2700
2026-10-04T12:08:17.724382+00:00,183989508551416,1,ok,9.153,244d3e030100020505,000205
2026-10-04T12:08:17.734357+00:00,183989517788833,2,ok,9.895,244d3e0402494e415616,494e4156
2026-10-04T12:08:17.744386+00:00,183989527750958,3,ok,9.964,244d3e030309010008,090100
2026-10-04T12:08:17.754491+00:00,183989537767500,4,ok,10.047,244d3e18044d373241000002010f4d414d4241463732325f323032324136,4d373241000002010f4d414d4241463732325f3230323241
2026-10-04T12:08:17.764611+00:00,183989547950666,101,ok,9.968,244d3e0b65f8033700c1800000004000a3,f8033700c1800000004000
2026-10-04T12:08:17.774694+00:00,183989559412250,106,ok,8.599,244d3e126a000000000000000000000000000000000f2750,000000000000000000000000000000000f27
2026-10-04T12:08:17.784524+00:00,183989568195333,107,ok,9.648,244d3e056b00000000006e,0000000000
2026-10-04T12:08:17.794511+00:00,183989577965583,108,ok,9.868,244d3e066c7dff59fd01004d,7dff59fd0100
2026-10-04T12:08:17.804625+00:00,183989587952875,109,ok,9.992,244d3e0a6d0000000000000000000067,00000000000000000000
2026-10-04T12:08:17.814638+00:00,183989598104625,110,ok,9.852,244d3e076e0a00000000000063,0a000000000000
2026-10-04T12:08:17.824825+00:00,183989608130500,120,ok,10.012,244d3efc78e803d007dc05640000ff00000000e803d007dc05640000ff00000000e803d007dc05640000ff00000000e803d007dc05640000ff00000000e803d007dc05640000ff00000000e803d007dc05640000ff00000000e803d007dc05640000ff00000000e803d007dc05640000ff00000000e803d007dc05640000ff00000000e803d007dc05640000ff00000000e803d007dc05640000ff00000000e803d007dc05640000ff00000000e803d007dc05640000ff00000000e803d007dc05640000ff00000000e803d007dc05640000ff00000000e803d007dc05640000ff00000000e803d007dc05640000ff00000000e803d007dc05640000ff0000000084,e803d007dc05640000ff00000000e803d007dc05640000ff00000000e803d007dc05640000ff00000000e803d007dc05640000ff00000000e803d007dc05640000ff00000000e803d007dc05640000ff00000000e803d007dc05640000ff00000000e803d007dc05640000ff00000000e803d007dc05640000ff00000000e803d007dc05640000ff00000000e803d007dc05640000ff00000000e803d007dc05640000ff00000000e803d007dc05640000ff00000000e803d007dc05640000ff00000000e803d007dc05640000ff00000000e803d007dc05640000ff00000000e803d007dc05640000ff00000000e803d007dc05640000ff00000000
2026-10-04T12:08:17.834707+00:00,183989618342375,122,error_or_bad_checksum,9.676,244d21007a7a,
2026-10-04T12:08:17.844998+00:00,183989628278333,151,ok,10.037,244d3e09970001010002020001009f,000101000202000100
2026-10-04T12:08:17.854982+00:00,183989638495166,166,ok,9.810,244d3e15a60000000000002c000000000000000f270f270f2700b7,0000000000002c000000000000000f270f270f2700
2026-10-04T12:08:18.723002+00:00,183990513593958,1,ok,2.723,244d3e030100020505,000205
2026-10-04T12:08:18.733010+00:00,183990516497125,2,ok,9.832,244d3e0402494e415616,494e4156
2026-10-04T12:08:18.743100+00:00,183990526521041,3,ok,9.895,244d3e030309010008,090100
2026-10-04T12:08:18.753193+00:00,183990536581000,4,ok,9.927,244d3e18044d373241000002010f4d414d4241463732325f323032324136,4d373241000002010f4d414d4241463732325f3230323241
2026-10-04T12:08:18.763415+00:00,183990546652875,101,ok,10.084,244d3e0b6500043700c18000000040005c,00043700c1800000004000
2026-10-04T12:08:18.773076+00:00,183990556974500,106,ok,9.420,244d3e126a000000000000000000000000000000000f2750,000000000000000000000000000000000f27
2026-10-04T12:08:18.783059+00:00,183990566542416,107,ok,9.840,244d3e056b00000000006e,0000000000
2026-10-04T12:08:18.793389+00:00,183990576525916,108,ok,10.185,244d3e066c7dff59fd01004d,7dff59fd0100
2026-10-04T12:08:18.803492+00:00,183990586823291,109,ok,9.985,244d3e0a6d0000000000000000000067,00000000000000000000
2026-10-04T12:08:18.813822+00:00,183990596995208,110,ok,10.146,244d3e076e0a00000000000063,0a000000000000
2026-10-04T12:08:18.824118+00:00,183990607339625,120,ok,10.090,244d3efc78e803d007dc05640000ff00000000e803d007dc05640000ff00000000e803d007dc05640000ff00000000e803d007dc05640000ff00000000e803d007dc05640000ff00000000e803d007dc05640000ff00000000e803d007dc05640000ff00000000e803d007dc05640000ff00000000e803d007dc05640000ff00000000e803d007dc05640000ff00000000e803d007dc05640000ff00000000e803d007dc05640000ff00000000e803d007dc05640000ff00000000e803d007dc05640000ff00000000e803d007dc05640000ff00000000e803d007dc05640000ff00000000e803d007dc05640000ff00000000e803d007dc05640000ff0000000084,e803d007dc05640000ff00000000e803d007dc05640000ff00000000e803d007dc05640000ff00000000e803d007dc05640000ff00000000e803d007dc05640000ff00000000e803d007dc05640000ff00000000e803d007dc05640000ff00000000e803d007dc05640000ff00000000e803d007dc05640000ff00000000e803d007dc05640000ff00000000e803d007dc05640000ff00000000e803d007dc05640000ff00000000e803d007dc05640000ff00000000e803d007dc05640000ff00000000e803d007dc05640000ff00000000e803d007dc05640000ff00000000e803d007dc05640000ff00000000e803d007dc05640000ff00000000
2026-10-04T12:08:18.834085+00:00,183990617693708,122,error_or_bad_checksum,9.712,244d21007a7a,
2026-10-04T12:08:18.844205+00:00,183990627542958,151,ok,9.978,244d3e09970001010002020001009f,000101000202000100
2026-10-04T12:08:18.853869+00:00,183990637749000,166,ok,9.438,244d3e15a60000000000002c000000000000000f270f270f2700b7,0000000000002c000000000000000f270f270f2700
2026-10-04T12:08:19.732491+00:00,183991517609083,1,ok,8.189,244d3e030100020505,000205
2026-10-04T12:08:19.742545+00:00,183991526094458,2,ok,9.753,244d3e0402494e415616,494e4156
2026-10-04T12:08:19.752559+00:00,183991536241250,3,ok,9.623,244d3e030309010008,090100
2026-10-04T12:08:19.762541+00:00,183991546055250,4,ok,9.805,244d3e18044d373241000002010f4d414d4241463732325f323032324136,4d373241000002010f4d414d4241463732325f3230323241
2026-10-04T12:08:19.772577+00:00,183991556032541,101,ok,9.866,244d3e0b65fa033700c1800000004000a1,fa033700c1800000004000
2026-10-04T12:08:19.782587+00:00,183991566073208,106,ok,9.833,244d3e126a000000000000000000000000000000000f2750,000000000000000000000000000000000f27
2026-10-04T12:08:19.792520+00:00,183991576081458,107,ok,9.763,244d3e056b00000000006e,0000000000
2026-10-04T12:08:19.802546+00:00,183991585971666,108,ok,9.899,244d3e066c7dff59fd01004d,7dff59fd0100
2026-10-04T12:08:19.812573+00:00,183991595988708,109,ok,9.907,244d3e0a6d0000000000000000000067,00000000000000000000
2026-10-04T12:08:19.822597+00:00,183991606023000,110,ok,9.898,244d3e076e0a00000000000063,0a000000000000
2026-10-04T12:08:19.833750+00:00,183991616040500,120,ok,11.033,244d3efc78e803d007dc05640000ff00000000e803d007dc05640000ff00000000e803d007dc05640000ff00000000e803d007dc05640000ff00000000e803d007dc05640000ff00000000e803d007dc05640000ff00000000e803d007dc05640000ff00000000e803d007dc05640000ff00000000e803d007dc05640000ff00000000e803d007dc05640000ff00000000e803d007dc05640000ff00000000e803d007dc05640000ff00000000e803d007dc05640000ff00000000e803d007dc05640000ff00000000e803d007dc05640000ff00000000e803d007dc05640000ff00000000e803d007dc05640000ff00000000e803d007dc05640000ff0000000084,e803d007dc05640000ff00000000e803d007dc05640000ff00000000e803d007dc05640000ff00000000e803d007dc05640000ff00000000e803d007dc05640000ff00000000e803d007dc05640000ff00000000e803d007dc05640000ff00000000e803d007dc05640000ff00000000e803d007dc05640000ff00000000e803d007dc05640000ff00000000e803d007dc05640000ff00000000e803d007dc05640000ff00000000e803d007dc05640000ff00000000e803d007dc05640000ff00000000e803d007dc05640000ff00000000e803d007dc05640000ff00000000e803d007dc05640000ff00000000e803d007dc05640000ff00000000
2026-10-04T12:08:19.842633+00:00,183991627266250,122,error_or_bad_checksum,8.690,244d21007a7a,
2026-10-04T12:08:19.852638+00:00,183991636081750,151,ok,9.882,244d3e09970001010002020001009f,000101000202000100
2026-10-04T12:08:19.862861+00:00,183991646077291,166,ok,10.108,244d3e15a60000000000002d000000000000000f270f270f2700b6,0000000000002d000000000000000f270f270f2700
2026-10-04T12:08:20.731195+00:00,183992518275583,1,ok,6.240,244d3e030100020505,000205
2026-10-04T12:08:20.741270+00:00,183992524706083,2,ok,9.888,244d3e0402494e415616,494e4156
2026-10-04T12:08:20.751006+00:00,183992534726458,3,ok,9.603,244d3e030309010008,090100
2026-10-04T12:08:20.761046+00:00,183992544463208,4,ok,9.908,244d3e18044d373241000002010f4d414d4241463732325f323032324136,4d373241000002010f4d414d4241463732325f3230323241
2026-10-04T12:08:20.771016+00:00,183992554494375,101,ok,9.849,244d3e0b65fe033700c1800000004000a5,fe033700c1800000004000
2026-10-04T12:08:20.781164+00:00,183992564534083,106,ok,9.948,244d3e126a000000000000000000000000000000000f2750,000000000000000000000000000000000f27
2026-10-04T12:08:20.791064+00:00,183992574735625,107,ok,9.655,244d3e056b00000000006e,0000000000
2026-10-04T12:08:20.801100+00:00,183992584503958,108,ok,9.922,244d3e066c7dff59fd01004d,7dff59fd0100
2026-10-04T12:08:20.811426+00:00,183992594537083,109,ok,10.212,244d3e0a6d0000000000000000000067,00000000000000000000
2026-10-04T12:08:20.821506+00:00,183992604872958,110,ok,9.958,244d3e076e0a00000000000063,0a000000000000
2026-10-04T12:08:20.832144+00:00,183992614960875,120,ok,10.508,244d3efc78e803d007dc05640000ff00000000e803d007dc05640000ff00000000e803d007dc05640000ff00000000e803d007dc05640000ff00000000e803d007dc05640000ff00000000e803d007dc05640000ff00000000e803d007dc05640000ff00000000e803d007dc05640000ff00000000e803d007dc05640000ff00000000e803d007dc05640000ff00000000e803d007dc05640000ff00000000e803d007dc05640000ff00000000e803d007dc05640000ff00000000e803d007dc05640000ff00000000e803d007dc05640000ff00000000e803d007dc05640000ff00000000e803d007dc05640000ff00000000e803d007dc05640000ff0000000084,e803d007dc05640000ff00000000e803d007dc05640000ff00000000e803d007dc05640000ff00000000e803d007dc05640000ff00000000e803d007dc05640000ff00000000e803d007dc05640000ff00000000e803d007dc05640000ff00000000e803d007dc05640000ff00000000e803d007dc05640000ff00000000e803d007dc05640000ff00000000e803d007dc05640000ff00000000e803d007dc05640000ff00000000e803d007dc05640000ff00000000e803d007dc05640000ff00000000e803d007dc05640000ff00000000e803d007dc05640000ff00000000e803d007dc05640000ff00000000e803d007dc05640000ff00000000
2026-10-04T12:08:20.842068+00:00,183992625628041,122,error_or_bad_checksum,9.763,244d21007a7a,
2026-10-04T12:08:20.851812+00:00,183992635508208,151,ok,9.633,244d3e09970001010002020001009f,000101000202000100
2026-10-04T12:08:20.861827+00:00,183992645227125,166,ok,9.926,244d3e15a60000000000002d000000000000000f270f270f2700b6,0000000000002d000000000000000f270f270f2700
2026-10-04T12:08:21.739332+00:00,183993523440041,1,ok,9.213,244d3e030100020505,000205
2026-10-04T12:08:21.749348+00:00,183993532816750,2,ok,9.855,244d3e0402494e415616,494e4156
2026-10-04T12:08:21.759315+00:00,183993542840458,3,ok,9.801,244d3e030309010008,090100
2026-10-04T12:08:21.769413+00:00,183993552767750,4,ok,9.965,244d3e18044d373241000002010f4d414d4241463732325f323032324136,4d373241000002010f4d414d4241463732325f3230323241
2026-10-04T12:08:21.779594+00:00,183993562911916,101,ok,10.009,244d3e0b65f7033700c1800000004000ac,f7033700c1800000004000
2026-10-04T12:08:21.789685+00:00,183993573031875,106,ok,9.976,244d3e126a000000000000000000000000000000000f2750,000000000000000000000000000000000f27
2026-10-04T12:08:21.799961+00:00,183993583159166,107,ok,10.124,244d3e056b00000000006e,0000000000
2026-10-04T12:08:21.810029+00:00,183993593436583,108,ok,9.912,244d3e066c7dff59fd01004d,7dff59fd0100
2026-10-04T12:08:21.820070+00:00,183993603521750,109,ok,9.866,244d3e0a6d0000000000000000000067,00000000000000000000
2026-10-04T12:08:21.830105+00:00,183993613566416,110,ok,9.860,244d3e076e0a00000000000063,0a000000000000
2026-10-04T12:08:21.840435+00:00,183993623613125,120,ok,10.140,244d3efc78e803d007dc05640000ff00000000e803d007dc05640000ff00000000e803d007dc05640000ff00000000e803d007dc05640000ff00000000e803d007dc05640000ff00000000e803d007dc05640000ff00000000e803d007dc05640000ff00000000e803d007dc05640000ff00000000e803d007dc05640000ff00000000e803d007dc05640000ff00000000e803d007dc05640000ff00000000e803d007dc05640000ff00000000e803d007dc05640000ff00000000e803d007dc05640000ff00000000e803d007dc05640000ff00000000e803d007dc05640000ff00000000e803d007dc05640000ff00000000e803d007dc05640000ff0000000084,e803d007dc05640000ff00000000e803d007dc05640000ff00000000e803d007dc05640000ff00000000e803d007dc05640000ff00000000e803d007dc05640000ff00000000e803d007dc05640000ff00000000e803d007dc05640000ff00000000e803d007dc05640000ff00000000e803d007dc05640000ff00000000e803d007dc05640000ff00000000e803d007dc05640000ff00000000e803d007dc05640000ff00000000e803d007dc05640000ff00000000e803d007dc05640000ff00000000e803d007dc05640000ff00000000e803d007dc05640000ff00000000e803d007dc05640000ff00000000e803d007dc05640000ff00000000
2026-10-04T12:08:21.850159+00:00,183993633952708,122,error_or_bad_checksum,9.526,244d21007a7a,
2026-10-04T12:08:21.860168+00:00,183993643657750,151,ok,9.832,244d3e09970001010002020001009f,000101000202000100
2026-10-04T12:08:21.870409+00:00,183993653767000,166,ok,9.963,244d3e15a60000000000002d000000000000000f270f270f2700b6,0000000000002d000000000000000f270f270f2700
2026-10-04T12:08:22.736318+00:00,183994526474166,1,ok,3.164,244d3e030100020505,000205
2026-10-04T12:08:22.746651+00:00,183994529805916,2,ok,10.173,244d3e0402494e415616,494e4156
2026-10-04T12:08:22.756996+00:00,183994540096125,3,ok,10.220,244d3e030309010008,090100
2026-10-04T12:08:22.766991+00:00,183994550530958,4,ok,9.782,244d3e18044d373241000002010f4d414d4241463732325f323032324136,4d373241000002010f4d414d4241463732325f3230323241
2026-10-04T12:08:22.777487+00:00,183994560483000,101,ok,10.325,244d3e0b65fb033700c1800000004000a0,fb033700c1800000004000
2026-10-04T12:08:22.787392+00:00,183994571138666,106,ok,9.573,244d3e126a000000000000000000000000000000000f2750,000000000000000000000000000000000f27
2026-10-04T12:08:22.797569+00:00,183994580911458,107,ok,9.986,244d3e056b00000000006e,0000000000
2026-10-04T12:08:22.807670+00:00,183994590996625,108,ok,9.996,244d3e066c7dff59fd02004e,7dff59fd0200
2026-10-04T12:08:22.817712+00:00,183994601230958,109,ok,9.803,244d3e0a6d0000000000000000000067,00000000000000000000
2026-10-04T12:08:22.827690+00:00,183994611308583,110,ok,9.708,244d3e076e0a00000000000063,0a000000000000
2026-10-04T12:08:22.837981+00:00,183994621125083,120,ok,10.178,244d3efc78e803d007dc05640000ff00000000e803d007dc05640000ff00000000e803d007dc05640000ff00000000e803d007dc05640000ff00000000e803d007dc05640000ff00000000e803d007dc05640000ff00000000e803d007dc05640000ff00000000e803d007dc05640000ff00000000e803d007dc05640000ff00000000e803d007dc05640000ff00000000e803d007dc05640000ff00000000e803d007dc05640000ff00000000e803d007dc05640000ff00000000e803d007dc05640000ff00000000e803d007dc05640000ff00000000e803d007dc05640000ff00000000e803d007dc05640000ff00000000e803d007dc05640000ff0000000084,e803d007dc05640000ff00000000e803d007dc05640000ff00000000e803d007dc05640000ff00000000e803d007dc05640000ff00000000e803d007dc05640000ff00000000e803d007dc05640000ff00000000e803d007dc05640000ff00000000e803d007dc05640000ff00000000e803d007dc05640000ff00000000e803d007dc05640000ff00000000e803d007dc05640000ff00000000e803d007dc05640000ff00000000e803d007dc05640000ff00000000e803d007dc05640000ff00000000e803d007dc05640000ff00000000e803d007dc05640000ff00000000e803d007dc05640000ff00000000e803d007dc05640000ff00000000
2026-10-04T12:08:22.847702+00:00,183994631496458,122,error_or_bad_checksum,9.531,244d21007a7a,
2026-10-04T12:08:22.857799+00:00,183994641159458,151,ok,9.961,244d3e09970001010002020001009f,000101000202000100
2026-10-04T12:08:22.867745+00:00,183994651311333,166,ok,9.764,244d3e15a60000000000002e000000000000000f270f270f2700b5,0000000000002e000000000000000f270f270f2700
2026-10-04T12:08:23.744246+00:00,183995531571583,1,ok,5.998,244d3e030100020505,000205
2026-10-04T12:08:23.754443+00:00,183995537728708,2,ok,10.033,244d3e0402494e415616,494e4156
2026-10-04T12:08:23.764749+00:00,183995547974916,3,ok,10.051,244d3e030309010008,090100
2026-10-04T12:08:23.774641+00:00,183995558279500,4,ok,9.686,244d3e18044d373241000002010f4d414d4241463732325f323032324136,4d373241000002010f4d414d4241463732325f3230323241
2026-10-04T12:08:23.784986+00:00,183995568349250,101,ok,9.958,244d3e0b65f5033700c1800000004000ae,f5033700c1800000004000
2026-10-04T12:08:23.795312+00:00,183995578475916,106,ok,10.164,244d3e126a000000000000000000000000000000000f2750,000000000000000000000000000000000f27
2026-10-04T12:08:23.805292+00:00,183995588741750,107,ok,9.879,244d3e056b00000000006e,0000000000
2026-10-04T12:08:23.816018+00:00,183995598733875,108,ok,10.611,244d3e066c7eff59fd02004d,7eff59fd0200
2026-10-04T12:08:23.825671+00:00,183995609487625,109,ok,9.505,244d3e0a6d0000000000000000000067,00000000000000000000
2026-10-04T12:08:23.836028+00:00,183995619164166,110,ok,10.187,244d3e076e0a00000000000063,0a000000000000
2026-10-04T12:08:23.846723+00:00,183995629507666,120,ok,10.541,244d3efc78e803d007dc05640000ff00000000e803d007dc05640000ff00000000e803d007dc05640000ff00000000e803d007dc05640000ff00000000e803d007dc05640000ff00000000e803d007dc05640000ff00000000e803d007dc05640000ff00000000e803d007dc05640000ff00000000e803d007dc05640000ff00000000e803d007dc05640000ff00000000e803d007dc05640000ff00000000e803d007dc05640000ff00000000e803d007dc05640000ff00000000e803d007dc05640000ff00000000e803d007dc05640000ff00000000e803d007dc05640000ff00000000e803d007dc05640000ff00000000e803d007dc05640000ff0000000084,e803d007dc05640000ff00000000e803d007dc05640000ff00000000e803d007dc05640000ff00000000e803d007dc05640000ff00000000e803d007dc05640000ff00000000e803d007dc05640000ff00000000e803d007dc05640000ff00000000e803d007dc05640000ff00000000e803d007dc05640000ff00000000e803d007dc05640000ff00000000e803d007dc05640000ff00000000e803d007dc05640000ff00000000e803d007dc05640000ff00000000e803d007dc05640000ff00000000e803d007dc05640000ff00000000e803d007dc05640000ff00000000e803d007dc05640000ff00000000e803d007dc05640000ff00000000
2026-10-04T12:08:23.856311+00:00,183995640302458,122,error_or_bad_checksum,9.335,244d21007a7a,
2026-10-04T12:08:23.866405+00:00,183995649763833,151,ok,9.961,244d3e09970001010002020001009f,000101000202000100
2026-10-04T12:08:23.876772+00:00,183995659915041,166,ok,10.178,244d3e15a60000000000002e000000000000000f270f270f2700b5,0000000000002e000000000000000f270f270f2700
2026-10-04T12:08:24.743019+00:00,183996533711541,1,ok,2.641,244d3e030100020505,000205
2026-10-04T12:08:24.753077+00:00,183996536414083,2,ok,9.993,244d3e0402494e415616,494e4156
2026-10-04T12:08:24.763150+00:00,183996546519541,3,ok,9.959,244d3e030309010008,090100
2026-10-04T12:08:24.774526+00:00,183996556589125,4,ok,11.163,244d3e18044d373241000002010f4d414d4241463732325f323032324136,4d373241000002010f4d414d4241463732325f3230323241
2026-10-04T12:08:24.783528+00:00,183996568088333,101,ok,8.764,244d3e0b65ec033700c1800000004000b7,ec033700c1800000004000
2026-10-04T12:08:24.793852+00:00,183996577014166,106,ok,10.160,244d3e126a000000000000000000000000000000000f2750,000000000000000000000000000000000f27
2026-10-04T12:08:24.803828+00:00,183996587344000,107,ok,9.814,244d3e056b00000000006e,0000000000
2026-10-04T12:08:24.813786+00:00,183996597241458,108,ok,9.880,244d3e066c7eff59fd02004d,7eff59fd0200
2026-10-04T12:08:24.823881+00:00,183996607165791,109,ok,10.041,244d3e0a6d0000000000000000000067,00000000000000000000
2026-10-04T12:08:24.834306+00:00,183996617413916,110,ok,10.213,244d3e076e0a00000000000063,0a000000000000
2026-10-04T12:08:24.844507+00:00,183996627813625,120,ok,10.024,244d3efc78e803d007dc05640000ff00000000e803d007dc05640000ff00000000e803d007dc05640000ff00000000e803d007dc05640000ff00000000e803d007dc05640000ff00000000e803d007dc05640000ff00000000e803d007dc05640000ff00000000e803d007dc05640000ff00000000e803d007dc05640000ff00000000e803d007dc05640000ff00000000e803d007dc05640000ff00000000e803d007dc05640000ff00000000e803d007dc05640000ff00000000e803d007dc05640000ff00000000e803d007dc05640000ff00000000e803d007dc05640000ff00000000e803d007dc05640000ff00000000e803d007dc05640000ff0000000084,e803d007dc05640000ff00000000e803d007dc05640000ff00000000e803d007dc05640000ff00000000e803d007dc05640000ff00000000e803d007dc05640000ff00000000e803d007dc05640000ff00000000e803d007dc05640000ff00000000e803d007dc05640000ff00000000e803d007dc05640000ff00000000e803d007dc05640000ff00000000e803d007dc05640000ff00000000e803d007dc05640000ff00000000e803d007dc05640000ff00000000e803d007dc05640000ff00000000e803d007dc05640000ff00000000e803d007dc05640000ff00000000e803d007dc05640000ff00000000e803d007dc05640000ff00000000
2026-10-04T12:08:24.854545+00:00,183996637964458,122,error_or_bad_checksum,9.911,244d21007a7a,
2026-10-04T12:08:24.864669+00:00,183996647945750,151,ok,10.054,244d3e09970001010002020001009f,000101000202000100
2026-10-04T12:08:24.874643+00:00,183996658117833,166,ok,9.853,244d3e15a60000000000002f000000000000000f270f270f2700b4,0000000000002f000000000000000f270f270f2700
2026-10-04T12:08:25.755040+00:00,183997538674000,1,ok,9.689,244d3e030100020505,000205
2026-10-04T12:08:25.765417+00:00,183997548532500,2,ok,10.211,244d3e0402494e415616,494e4156
2026-10-04T12:08:25.775726+00:00,183997558972916,3,ok,10.077,244d3e030309010008,090100
2026-10-04T12:08:25.785751+00:00,183997569222625,4,ok,9.852,244d3e18044d373241000002010f4d414d4241463732325f323032324136,4d373241000002010f4d414d4241463732325f3230323241
2026-10-04T12:08:25.795739+00:00,183997579246083,101,ok,9.821,244d3e0b65fc033700c1800000004000a7,fc033700c1800000004000
2026-10-04T12:08:25.805726+00:00,183997589211541,106,ok,9.843,244d3e126a000000000000000000000000000000000f2750,000000000000000000000000000000000f27
2026-10-04T12:08:25.815839+00:00,183997599204666,107,ok,9.956,244d3e056b00000000006e,0000000000
2026-10-04T12:08:25.825791+00:00,183997609357791,108,ok,9.763,244d3e066c7eff59fd02004d,7eff59fd0200
2026-10-04T12:08:25.835881+00:00,183997619252916,109,ok,9.952,244d3e0a6d0000000000000000000067,00000000000000000000
2026-10-04T12:08:25.845835+00:00,183997629392625,110,ok,9.769,244d3e076e0a00000000000063,0a000000000000
2026-10-04T12:08:25.856495+00:00,183997639307958,120,ok,10.516,244d3efc78e803d007dc05640000ff00000000e803d007dc05640000ff00000000e803d007dc05640000ff00000000e803d007dc05640000ff00000000e803d007dc05640000ff00000000e803d007dc05640000ff00000000e803d007dc05640000ff00000000e803d007dc05640000ff00000000e803d007dc05640000ff00000000e803d007dc05640000ff00000000e803d007dc05640000ff00000000e803d007dc05640000ff00000000e803d007dc05640000ff00000000e803d007dc05640000ff00000000e803d007dc05640000ff00000000e803d007dc05640000ff00000000e803d007dc05640000ff00000000e803d007dc05640000ff0000000084,e803d007dc05640000ff00000000e803d007dc05640000ff00000000e803d007dc05640000ff00000000e803d007dc05640000ff00000000e803d007dc05640000ff00000000e803d007dc05640000ff00000000e803d007dc05640000ff00000000e803d007dc05640000ff00000000e803d007dc05640000ff00000000e803d007dc05640000ff00000000e803d007dc05640000ff00000000e803d007dc05640000ff00000000e803d007dc05640000ff00000000e803d007dc05640000ff00000000e803d007dc05640000ff00000000e803d007dc05640000ff00000000e803d007dc05640000ff00000000e803d007dc05640000ff00000000
2026-10-04T12:08:25.866225+00:00,183997649993541,122,error_or_bad_checksum,9.557,244d21007a7a,
2026-10-04T12:08:25.876100+00:00,183997659697833,151,ok,9.737,244d3e09970001010002020001009f,000101000202000100
2026-10-04T12:08:25.886136+00:00,183997669497583,166,ok,9.976,244d3e15a60000000000002f000000000000000f270f270f2700b4,0000000000002f000000000000000f270f270f2700
2026-10-04T12:08:26.755621+00:00,183998543669416,1,ok,5.284,244d3e030100020505,000205
2026-10-04T12:08:26.765687+00:00,183998549016625,2,ok,10.006,244d3e0402494e415616,494e4156
2026-10-04T12:08:26.776005+00:00,183998559076500,3,ok,10.266,244d3e030309010008,090100
2026-10-04T12:08:26.786022+00:00,183998569385541,4,ok,9.975,244d3e18044d373241000002010f4d414d4241463732325f323032324136,4d373241000002010f4d414d4241463732325f3230323241
2026-10-04T12:08:26.796273+00:00,183998579388875,101,ok,10.224,244d3e0b65ee033700c1800000004000b5,ee033700c1800000004000
2026-10-04T12:08:26.806347+00:00,183998589634750,106,ok,10.052,244d3e126a000000000000000000000000000000000f2750,000000000000000000000000000000000f27
2026-10-04T12:08:26.816646+00:00,183998599709000,107,ok,10.277,244d3e056b00000000006e,0000000000
2026-10-04T12:08:26.826645+00:00,183998610008791,108,ok,9.977,244d3e066c7eff59fd02004d,7eff59fd0200
2026-10-04T12:08:26.836718+00:00,183998620006541,109,ok,10.050,244d3e0a6d0000000000000000000067,00000000000000000000
2026-10-04T12:08:26.846756+00:00,183998630087458,110,ok,10.007,244d3e076e0a00000000000063,0a000000000000
2026-10-04T12:08:26.856981+00:00,183998640134041,120,ok,10.185,244d3efc78e803d007dc05640000ff00000000e803d007dc05640000ff00000000e803d007dc05640000ff00000000e803d007dc05640000ff00000000e803d007dc05640000ff00000000e803d007dc05640000ff00000000e803d007dc05640000ff00000000e803d007dc05640000ff00000000e803d007dc05640000ff00000000e803d007dc05640000ff00000000e803d007dc05640000ff00000000e803d007dc05640000ff00000000e803d007dc05640000ff00000000e803d007dc05640000ff00000000e803d007dc05640000ff00000000e803d007dc05640000ff00000000e803d007dc05640000ff00000000e803d007dc05640000ff0000000084,e803d007dc05640000ff00000000e803d007dc05640000ff00000000e803d007dc05640000ff00000000e803d007dc05640000ff00000000e803d007dc05640000ff00000000e803d007dc05640000ff00000000e803d007dc05640000ff00000000e803d007dc05640000ff00000000e803d007dc05640000ff00000000e803d007dc05640000ff00000000e803d007dc05640000ff00000000e803d007dc05640000ff00000000e803d007dc05640000ff00000000e803d007dc05640000ff00000000e803d007dc05640000ff00000000e803d007dc05640000ff00000000e803d007dc05640000ff00000000e803d007dc05640000ff00000000
2026-10-04T12:08:26.866752+00:00,183998650379500,122,error_or_bad_checksum,9.711,244d21007a7a,
2026-10-04T12:08:26.876788+00:00,183998660127125,151,ok,9.999,244d3e09970001010002020001009f,000101000202000100
2026-10-04T12:08:26.886805+00:00,183998670164000,166,ok,9.980,244d3e15a60000000000002f000000000000000f270f270f2700b4,0000000000002f000000000000000f270f270f2700
2026-10-04T12:08:27.764980+00:00,183999548780541,1,ok,9.523,244d3e030100020505,000205
2026-10-04T12:08:27.774939+00:00,183999558606458,2,ok,9.660,244d3e0402494e415616,494e4156
2026-10-04T12:08:27.785252+00:00,183999568439375,3,ok,10.140,244d3e030309010008,090100
2026-10-04T12:08:27.795572+00:00,183999578737333,4,ok,10.164,244d3e18044d373241000002010f4d414d4241463732325f323032324136,4d373241000002010f4d414d4241463732325f3230323241
2026-10-04T12:08:27.805558+00:00,183999589035041,101,ok,9.851,244d3e0b65ff033700c1800000004000a4,ff033700c1800000004000
2026-10-04T12:08:27.815672+00:00,183999599039666,106,ok,9.961,244d3e126a000000000000000000000000000000000f2750,000000000000000000000000000000000f27
2026-10-04T12:08:27.825813+00:00,183999609198916,107,ok,9.940,244d3e056b00000000006e,0000000000
2026-10-04T12:08:27.835614+00:00,183999619318625,108,ok,9.626,244d3e066c7eff59fd02004d,7eff59fd0200
2026-10-04T12:08:27.845777+00:00,183999629077250,109,ok,10.024,244d3e0a6d0000000000000000000067,00000000000000000000
2026-10-04T12:08:27.855786+00:00,183999639285208,110,ok,9.831,244d3e076e0a00000000000063,0a000000000000
2026-10-04T12:08:27.865946+00:00,183999649250833,120,ok,10.001,244d3efc78e803d007dc05640000ff00000000e803d007dc05640000ff00000000e803d007dc05640000ff00000000e803d007dc05640000ff00000000e803d007dc05640000ff00000000e803d007dc05640000ff00000000e803d007dc05640000ff00000000e803d007dc05640000ff00000000e803d007dc05640000ff00000000e803d007dc05640000ff00000000e803d007dc05640000ff00000000e803d007dc05640000ff00000000e803d007dc05640000ff00000000e803d007dc05640000ff00000000e803d007dc05640000ff00000000e803d007dc05640000ff00000000e803d007dc05640000ff00000000e803d007dc05640000ff0000000084,e803d007dc05640000ff00000000e803d007dc05640000ff00000000e803d007dc05640000ff00000000e803d007dc05640000ff00000000e803d007dc05640000ff00000000e803d007dc05640000ff00000000e803d007dc05640000ff00000000e803d007dc05640000ff00000000e803d007dc05640000ff00000000e803d007dc05640000ff00000000e803d007dc05640000ff00000000e803d007dc05640000ff00000000e803d007dc05640000ff00000000e803d007dc05640000ff00000000e803d007dc05640000ff00000000e803d007dc05640000ff00000000e803d007dc05640000ff00000000e803d007dc05640000ff00000000
2026-10-04T12:08:27.875761+00:00,183999659489333,122,error_or_bad_checksum,9.602,244d21007a7a,
2026-10-04T12:08:27.885769+00:00,183999669234958,151,ok,9.858,244d3e09970001010002020001009f,000101000202000100
2026-10-04T12:08:27.895684+00:00,183999679305958,166,ok,9.715,244d3e15a600000000000030000000000000000f270f270f2700ab,00000000000030000000000000000f270f270f2700
2026-10-04T12:08:28.762493+00:00,184000551123625,1,ok,4.704,244d3e030100020505,000205
2026-10-04T12:08:28.772563+00:00,184000555922000,2,ok,9.974,244d3e0402494e415616,494e4156
2026-10-04T12:08:28.782590+00:00,184000565984958,3,ok,9.930,244d3e030309010008,090100
2026-10-04T12:08:28.792932+00:00,184000576073333,4,ok,10.185,244d3e18044d373241000002010f4d414d4241463732325f323032324136,4d373241000002010f4d414d4241463732325f3230323241
2026-10-04T12:08:28.802962+00:00,184000586403333,101,ok,9.888,244d3e0b65ed033700c1800000004000b6,ed033700c1800000004000
2026-10-04T12:08:28.813027+00:00,184000596449708,106,ok,9.914,244d3e126a000000000000000000000000000000000f2750,000000000000000000000000000000000f27
2026-10-04T12:08:28.822851+00:00,184000606428250,107,ok,9.761,244d3e056b00000000006e,0000000000
2026-10-04T12:08:28.833361+00:00,184000616230833,108,ok,10.459,244d3e066c7eff59fd02004d,7eff59fd0200
2026-10-04T12:08:28.843321+00:00,184000626892041,109,ok,9.764,244d3e0a6d0000000000000000000067,00000000000000000000
2026-10-04T12:08:28.853615+00:00,184000636723416,110,ok,10.227,244d3e076e0a00000000000063,0a000000000000
2026-10-04T12:08:28.864135+00:00,184000647046291,120,ok,10.422,244d3efc78e803d007dc05640000ff00000000e803d007dc05640000ff00000000e803d007dc05640000ff00000000e803d007dc05640000ff00000000e803d007dc05640000ff00000000e803d007dc05640000ff00000000e803d007dc05640000ff00000000e803d007dc05640000ff00000000e803d007dc05640000ff00000000e803d007dc05640000ff00000000e803d007dc05640000ff00000000e803d007dc05640000ff00000000e803d007dc05640000ff00000000e803d007dc05640000ff00000000e803d007dc05640000ff00000000e803d007dc05640000ff00000000e803d007dc05640000ff00000000e803d007dc05640000ff0000000084,e803d007dc05640000ff00000000e803d007dc05640000ff00000000e803d007dc05640000ff00000000e803d007dc05640000ff00000000e803d007dc05640000ff00000000e803d007dc05640000ff00000000e803d007dc05640000ff00000000e803d007dc05640000ff00000000e803d007dc05640000ff00000000e803d007dc05640000ff00000000e803d007dc05640000ff00000000e803d007dc05640000ff00000000e803d007dc05640000ff00000000e803d007dc05640000ff00000000e803d007dc05640000ff00000000e803d007dc05640000ff00000000e803d007dc05640000ff00000000e803d007dc05640000ff00000000
2026-10-04T12:08:28.874309+00:00,184000657572250,122,error_or_bad_checksum,10.042,244d21007a7a,
2026-10-04T12:08:28.884210+00:00,184000667878041,151,ok,9.663,244d3e09970001010002020001009f,000101000202000100
2026-10-04T12:08:28.894305+00:00,184000677645208,166,ok,9.995,244d3e15a600000000000030000000000000000f270f270f2700ab,00000000000030000000000000000f270f270f2700
2026-10-04T12:08:29.764038+00:00,184001551641333,1,ok,5.734,244d3e030100020505,000205
2026-10-04T12:08:29.774356+00:00,184001557437041,2,ok,10.259,244d3e0402494e415616,494e4156
2026-10-04T12:08:29.784722+00:00,184001567738666,3,ok,10.325,244d3e030309010008,090100
2026-10-04T12:08:29.794700+00:00,184001578095750,4,ok,9.944,244d3e18044d373241000002010f4d414d4241463732325f323032324136,4d373241000002010f4d414d4241463732325f3230323241
2026-10-04T12:08:29.804694+00:00,184001588093166,101,ok,9.943,244d3e0b65fb033700c1800000004000a0,fb033700c1800000004000
2026-10-04T12:08:29.815392+00:00,184001598070958,106,ok,10.412,244d3e126a000000000000000000000000000000000f2750,000000000000000000000000000000000f27
2026-10-04T12:08:29.825513+00:00,184001608948250,107,ok,9.896,244d3e056b00000000006e,0000000000
2026-10-04T12:08:29.835421+00:00,184001618961041,108,ok,9.794,244d3e066c7eff59fd02004d,7eff59fd0200
2026-10-04T12:08:29.845742+00:00,184001628876416,109,ok,10.206,244d3e0a6d0000000000000000000067,00000000000000000000
2026-10-04T12:08:29.855836+00:00,184001639130416,110,ok,10.038,244d3e076e0a00000000000063,0a000000000000
2026-10-04T12:08:29.866397+00:00,184001649296916,120,ok,10.431,244d3efc78e803d007dc05640000ff00000000e803d007dc05640000ff00000000e803d007dc05640000ff00000000e803d007dc05640000ff00000000e803d007dc05640000ff00000000e803d007dc05640000ff00000000e803d007dc05640000ff00000000e803d007dc05640000ff00000000e803d007dc05640000ff00000000e803d007dc05640000ff00000000e803d007dc05640000ff00000000e803d007dc05640000ff00000000e803d007dc05640000ff00000000e803d007dc05640000ff00000000e803d007dc05640000ff00000000e803d007dc05640000ff00000000e803d007dc05640000ff00000000e803d007dc05640000ff0000000084,e803d007dc05640000ff00000000e803d007dc05640000ff00000000e803d007dc05640000ff00000000e803d007dc05640000ff00000000e803d007dc05640000ff00000000e803d007dc05640000ff00000000e803d007dc05640000ff00000000e803d007dc05640000ff00000000e803d007dc05640000ff00000000e803d007dc05640000ff00000000e803d007dc05640000ff00000000e803d007dc05640000ff00000000e803d007dc05640000ff00000000e803d007dc05640000ff00000000e803d007dc05640000ff00000000e803d007dc05640000ff00000000e803d007dc05640000ff00000000e803d007dc05640000ff00000000
2026-10-04T12:08:29.876123+00:00,184001659912208,122,error_or_bad_checksum,9.548,244d21007a7a,
2026-10-04T12:08:29.886120+00:00,184001669535791,151,ok,9.921,244d3e09970001010002020001009f,000101000202000100
2026-10-04T12:08:29.896243+00:00,184001679534875,166,ok,10.040,244d3e15a600000000000031000000000000000f270f270f2700aa,00000000000031000000000000000f270f270f2700
2026-10-04T12:08:30.772253+00:00,184002556676250,1,ok,8.916,244d3e030100020505,000205
2026-10-04T12:08:30.782331+00:00,184002565651083,2,ok,10.021,244d3e0402494e415616,494e4156
2026-10-04T12:08:30.792358+00:00,184002575714083,3,ok,9.985,244d3e030309010008,090100
2026-10-04T12:08:30.802361+00:00,184002585725750,4,ok,9.979,244d3e18044d373241000002010f4d414d4241463732325f323032324136,4d373241000002010f4d414d4241463732325f3230323241
2026-10-04T12:08:30.812378+00:00,184002595736708,101,ok,9.983,244d3e0b65ed033700c1800000004000b6,ed033700c1800000004000
2026-10-04T12:08:30.822473+00:00,184002605771375,106,ok,10.043,244d3e126a000000000000000000000000000000000f2750,000000000000000000000000000000000f27
2026-10-04T12:08:30.832746+00:00,184002615880791,107,ok,10.202,244d3e056b00000000006e,0000000000
2026-10-04T12:08:30.842831+00:00,184002626265291,108,ok,9.898,244d3e066c7eff59fd03004c,7eff59fd0300
2026-10-04T12:08:30.852812+00:00,184002636329750,109,ok,9.818,244d3e0a6d0000000000000000000067,00000000000000000000
2026-10-04T12:08:30.863126+00:00,184002646241083,110,ok,10.225,244d3e076e0a00000000000063,0a000000000000
2026-10-04T12:08:30.873505+00:00,184002656528791,120,ok,10.319,244d3efc78e803d007dc05640000ff00000000e803d007dc05640000ff00000000e803d007dc05640000ff00000000e803d007dc05640000ff00000000e803d007dc05640000ff00000000e803d007dc05640000ff00000000e803d007dc05640000ff00000000e803d007dc05640000ff00000000e803d007dc05640000ff00000000e803d007dc05640000ff00000000e803d007dc05640000ff00000000e803d007dc05640000ff00000000e803d007dc05640000ff00000000e803d007dc05640000ff00000000e803d007dc05640000ff00000000e803d007dc05640000ff00000000e803d007dc05640000ff00000000e803d007dc05640000ff0000000084,e803d007dc05640000ff00000000e803d007dc05640000ff00000000e803d007dc05640000ff00000000e803d007dc05640000ff00000000e803d007dc05640000ff00000000e803d007dc05640000ff00000000e803d007dc05640000ff00000000e803d007dc05640000ff00000000e803d007dc05640000ff00000000e803d007dc05640000ff00000000e803d007dc05640000ff00000000e803d007dc05640000ff00000000e803d007dc05640000ff00000000e803d007dc05640000ff00000000e803d007dc05640000ff00000000e803d007dc05640000ff00000000e803d007dc05640000ff00000000e803d007dc05640000ff00000000
2026-10-04T12:08:30.883416+00:00,184002666904375,122,error_or_bad_checksum,9.854,244d21007a7a,
2026-10-04T12:08:30.893487+00:00,184002676790541,151,ok,10.034,244d3e09970001010002020001009f,000101000202000100
2026-10-04T12:08:30.903573+00:00,184002686934708,166,ok,9.973,244d3e15a600000000000031000000000000000f270f270f2700aa,00000000000031000000000000000f270f270f2700
2026-10-04T12:08:31.771514+00:00,184003561875583,1,ok,2.969,244d3e030100020505,000205
2026-10-04T12:08:31.782103+00:00,184003564991166,2,ok,10.445,244d3e0402494e415616,494e4156
2026-10-04T12:08:31.791922+00:00,184003575626875,3,ok,9.625,244d3e030309010008,090100
2026-10-04T12:08:31.802278+00:00,184003585426041,4,ok,10.173,244d3e18044d373241000002010f4d414d4241463732325f323032324136,4d373241000002010f4d414d4241463732325f3230323241
2026-10-04T12:08:31.812290+00:00,184003595808166,101,ok,9.813,244d3e0b65fc033700c1800000004000a7,fc033700c1800000004000
2026-10-04T12:08:31.822331+00:00,184003605829833,106,ok,9.830,244d3e126a000000000000000000000000000000000f2750,000000000000000000000000000000000f27
2026-10-04T12:08:31.832335+00:00,184003615865500,107,ok,9.801,244d3e056b00000000006e,0000000000
2026-10-04T12:08:31.842480+00:00,184003625798958,108,ok,10.005,244d3e066c7eff59fd03004c,7eff59fd0300
2026-10-04T12:08:31.852347+00:00,184003636038666,109,ok,9.643,244d3e0a6d0000000000000000000067,00000000000000000000
2026-10-04T12:08:31.862290+00:00,184003645815041,110,ok,9.815,244d3e076e0a00000000000063,0a000000000000
2026-10-04T12:08:31.872685+00:00,184003655696208,120,ok,10.325,244d3efc78e803d007dc05640000ff00000000e803d007dc05640000ff00000000e803d007dc05640000ff00000000e803d007dc05640000ff00000000e803d007dc05640000ff00000000e803d007dc05640000ff00000000e803d007dc05640000ff00000000e803d007dc05640000ff00000000e803d007dc05640000ff00000000e803d007dc05640000ff00000000e803d007dc05640000ff00000000e803d007dc05640000ff00000000e803d007dc05640000ff00000000e803d007dc05640000ff00000000e803d007dc05640000ff00000000e803d007dc05640000ff00000000e803d007dc05640000ff00000000e803d007dc05640000ff0000000084,e803d007dc05640000ff00000000e803d007dc05640000ff00000000e803d007dc05640000ff00000000e803d007dc05640000ff00000000e803d007dc05640000ff00000000e803d007dc05640000ff00000000e803d007dc05640000ff00000000e803d007dc05640000ff00000000e803d007dc05640000ff00000000e803d007dc05640000ff00000000e803d007dc05640000ff00000000e803d007dc05640000ff00000000e803d007dc05640000ff00000000e803d007dc05640000ff00000000e803d007dc05640000ff00000000e803d007dc05640000ff00000000e803d007dc05640000ff00000000e803d007dc05640000ff00000000
2026-10-04T12:08:31.882396+00:00,184003666200958,122,error_or_bad_checksum,9.523,244d21007a7a,
2026-10-04T12:08:31.892626+00:00,184003675907333,151,ok,10.059,244d3e09970001010002020001009f,000101000202000100
2026-10-04T12:08:31.902699+00:00,184003686025708,166,ok,10.009,244d3e15a600000000000032000000000000000f270f270f2700a9,00000000000032000000000000000f270f270f2700
2026-10-04T12:08:32.781285+00:00,184004565885208,1,ok,8.737,244d3e030100020505,000205
2026-10-04T12:08:32.791692+00:00,184004574736416,2,ok,10.288,244d3e0402494e415616,494e4156
2026-10-04T12:08:32.801754+00:00,184004585225333,3,ok,9.858,244d3e030309010008,090100
2026-10-04T12:08:32.811727+00:00,184004595263916,4,ok,9.795,244d3e18044d373241000002010f4d414d4241463732325f323032324136,4d373241000002010f4d414d4241463732325f3230323241
2026-10-04T12:08:32.821776+00:00,184004605217916,101,ok,9.891,244d3e0b65fb033700c1800000004000a0,fb033700c1800000004000
2026-10-04T12:08:32.831740+00:00,184004615220833,106,ok,9.832,244d3e126a000000000000000000000000000000000f2750,000000000000000000000000000000000f27
2026-10-04T12:08:32.841703+00:00,184004625188416,107,ok,9.854,244d3e056b00000000006e,0000000000
2026-10-04T12:08:32.851680+00:00,184004635117083,108,ok,9.904,244d3e066c7eff59fd03004c,7eff59fd0300
2026-10-04T12:08:32.861997+00:00,184004645084708,109,ok,10.254,244d3e0a6d0000000000000000000067,00000000000000000000
2026-10-04T12:08:32.872008+00:00,184004655394500,110,ok,9.957,244d3e076e0a00000000000063,0a000000000000
2026-10-04T12:08:32.882344+00:00,184004665391708,120,ok,10.294,244d3efc78e803d007dc05640000ff00000000e803d007dc05640000ff00000000e803d007dc05640000ff00000000e803d007dc05640000ff00000000e803d007dc05640000ff00000000e803d007dc05640000ff00000000e803d007dc05640000ff00000000e803d007dc05640000ff00000000e803d007dc05640000ff00000000e803d007dc05640000ff00000000e803d007dc05640000ff00000000e803d007dc05640000ff00000000e803d007dc05640000ff00000000e803d007dc05640000ff00000000e803d007dc05640000ff00000000e803d007dc05640000ff00000000e803d007dc05640000ff00000000e803d007dc05640000ff0000000084,e803d007dc05640000ff00000000e803d007dc05640000ff00000000e803d007dc05640000ff00000000e803d007dc05640000ff00000000e803d007dc05640000ff00000000e803d007dc05640000ff00000000e803d007dc05640000ff00000000e803d007dc05640000ff00000000e803d007dc05640000ff00000000e803d007dc05640000ff00000000e803d007dc05640000ff00000000e803d007dc05640000ff00000000e803d007dc05640000ff00000000e803d007dc05640000ff00000000e803d007dc05640000ff00000000e803d007dc05640000ff00000000e803d007dc05640000ff00000000e803d007dc05640000ff00000000
2026-10-04T12:08:32.892125+00:00,184004675757041,122,error_or_bad_checksum,9.711,244d21007a7a,
2026-10-04T12:08:32.902125+00:00,184004685504916,151,ok,9.962,244d3e09970001010002020001009f,000101000202000100
2026-10-04T12:08:32.912117+00:00,184004695514625,166,ok,9.946,244d3e15a600000000000032000000000000000f270f270f2700a9,00000000000032000000000000000f270f270f2700
2026-10-04T12:08:33.778217+00:00,184005570540958,1,ok,1.016,244d3e030100020505,000205
2026-10-04T12:08:33.788347+00:00,184005571616375,2,ok,10.076,244d3e0402494e415616,494e4156
2026-10-04T12:08:33.798341+00:00,184005581735500,3,ok,9.946,244d3e030309010008,090100
2026-10-04T12:08:33.808772+00:00,184005591887458,4,ok,10.215,244d3e18044d373241000002010f4d414d4241463732325f323032324136,4d373241000002010f4d414d4241463732325f3230323241
2026-10-04T12:08:33.818802+00:00,184005602285083,101,ok,9.846,244d3e0b65f0033700c1800000004000ab,f0033700c1800000004000
2026-10-04T12:08:33.829003+00:00,184005612308333,106,ok,10.036,244d3e126a000000000000000000000000000000000f2750,000000000000000000000000000000000f27
2026-10-04T12:08:33.839102+00:00,184005622416791,107,ok,10.024,244d3e056b00000000006e,0000000000
2026-10-04T12:08:33.849353+00:00,184005632531291,108,ok,10.163,244d3e066c7eff59fd03004c,7eff59fd0300
2026-10-04T12:08:33.859351+00:00,184005642764750,109,ok,9.929,244d3e0a6d0000000000000000000067,00000000000000000000
2026-10-04T12:08:33.869469+00:00,184005652765583,110,ok,10.037,244d3e076e0a00000000000063,0a000000000000
2026-10-04T12:08:33.879718+00:00,184005663616625,120,ok,9.435,244d3efc78e803d007dc05640000ff00000000e803d007dc05640000ff00000000e803d007dc05640000ff00000000e803d007dc05640000ff00000000e803d007dc05640000ff00000000e803d007dc05640000ff00000000e803d007dc05640000ff00000000e803d007dc05640000ff00000000e803d007dc05640000ff00000000e803d007dc05640000ff00000000e803d007dc05640000ff00000000e803d007dc05640000ff00000000e803d007dc05640000ff00000000e803d007dc05640000ff00000000e803d007dc05640000ff00000000e803d007dc05640000ff00000000e803d007dc05640000ff00000000e803d007dc05640000ff0000000084,e803d007dc05640000ff00000000e803d007dc05640000ff00000000e803d007dc05640000ff00000000e803d007dc05640000ff00000000e803d007dc05640000ff00000000e803d007dc05640000ff00000000e803d007dc05640000ff00000000e803d007dc05640000ff00000000e803d007dc05640000ff00000000e803d007dc05640000ff00000000e803d007dc05640000ff00000000e803d007dc05640000ff00000000e803d007dc05640000ff00000000e803d007dc05640000ff00000000e803d007dc05640000ff00000000e803d007dc05640000ff00000000e803d007dc05640000ff00000000e803d007dc05640000ff00000000
2026-10-04T12:08:33.889655+00:00,184005673749750,122,error_or_bad_checksum,9.239,244d21007a7a,
2026-10-04T12:08:33.900007+00:00,184005683188041,151,ok,10.159,244d3e09970001010002020001009f,000101000202000100
2026-10-04T12:08:33.909553+00:00,184005693434875,166,ok,9.454,244d3e15a600000000000032000000000000000f270f270f2700a9,00000000000032000000000000000f270f270f2700
2026-10-04T12:08:34.784737+00:00,184006575672875,1,ok,2.402,244d3e030100020505,000205
2026-10-04T12:08:34.794786+00:00,184006578189250,2,ok,9.939,244d3e0402494e415616,494e4156
2026-10-04T12:08:34.804897+00:00,184006588208875,3,ok,10.027,244d3e030309010008,090100
2026-10-04T12:08:34.814998+00:00,184006598369250,4,ok,9.964,244d3e18044d373241000002010f4d414d4241463732325f323032324136,4d373241000002010f4d414d4241463732325f3230323241
2026-10-04T12:08:34.825155+00:00,184006608616541,101,ok,9.881,244d3e0b65fe033700c1800000004000a5,fe033700c1800000004000
2026-10-04T12:08:34.835230+00:00,184006618571750,106,ok,9.996,244d3e126a000000000000000000000000000000000f2750,000000000000000000000000000000000f27
2026-10-04T12:08:34.844845+00:00,184006628707166,107,ok,9.479,244d3e056b00000000006e,0000000000
2026-10-04T12:08:34.855147+00:00,184006638257125,108,ok,10.230,244d3e066c7eff59fd03004c,7eff59fd0300
2026-10-04T12:08:34.864978+00:00,184006648596916,109,ok,9.717,244d3e0a6d0000000000000000000067,00000000000000000000
2026-10-04T12:08:34.874948+00:00,184006658425541,110,ok,9.865,244d3e076e0a00000000000063,0a000000000000
2026-10-04T12:08:34.885290+00:00,184006668357875,120,ok,10.275,244d3efc78e803d007dc05640000ff00000000e803d007dc05640000ff00000000e803d007dc05640000ff00000000e803d007dc05640000ff00000000e803d007dc05640000ff00000000e803d007dc05640000ff00000000e803d007dc05640000ff00000000e803d007dc05640000ff00000000e803d007dc05640000ff00000000e803d007dc05640000ff00000000e803d007dc05640000ff00000000e803d007dc05640000ff00000000e803d007dc05640000ff00000000e803d007dc05640000ff00000000e803d007dc05640000ff00000000e803d007dc05640000ff00000000e803d007dc05640000ff00000000e803d007dc05640000ff0000000084,e803d007dc05640000ff00000000e803d007dc05640000ff00000000e803d007dc05640000ff00000000e803d007dc05640000ff00000000e803d007dc05640000ff00000000e803d007dc05640000ff00000000e803d007dc05640000ff00000000e803d007dc05640000ff00000000e803d007dc05640000ff00000000e803d007dc05640000ff00000000e803d007dc05640000ff00000000e803d007dc05640000ff00000000e803d007dc05640000ff00000000e803d007dc05640000ff00000000e803d007dc05640000ff00000000e803d007dc05640000ff00000000e803d007dc05640000ff00000000e803d007dc05640000ff00000000
2026-10-04T12:08:34.895016+00:00,184006678716666,122,error_or_bad_checksum,9.636,244d21007a7a,
2026-10-04T12:08:34.905318+00:00,184006688459833,151,ok,10.198,244d3e09970001010002020001009f,000101000202000100
2026-10-04T12:08:34.915363+00:00,184006698791375,166,ok,9.913,244d3e15a600000000000033000000000000000f270f270f2700a8,00000000000033000000000000000f270f270f2700
2026-10-04T12:08:35.793614+00:00,184007579533750,1,ok,7.419,244d3e030100020505,000205
2026-10-04T12:08:35.803702+00:00,184007587062041,2,ok,9.975,244d3e0402494e415616,494e4156
2026-10-04T12:08:35.813721+00:00,184007597204208,3,ok,9.852,244d3e030309010008,090100
2026-10-04T12:08:35.824079+00:00,184007607225375,4,ok,10.189,244d3e18044d373241000002010f4d414d4241463732325f323032324136,4d373241000002010f4d414d4241463732325f3230323241
2026-10-04T12:08:35.834112+00:00,184007617592583,101,ok,9.851,244d3e0b65ea033700c1800000004000b1,ea033700c1800000004000
2026-10-04T12:08:35.844455+00:00,184007627617208,106,ok,10.166,244d3e126a000000000000000000000000000000000f2750,000000000000000000000000000000000f27
2026-10-04T12:08:35.854584+00:00,184007637961833,107,ok,9.959,244d3e056b00000000006e,0000000000
2026-10-04T12:08:35.864431+00:00,184007648071625,108,ok,9.693,244d3e066c7eff59fd03004c,7eff59fd0300
2026-10-04T12:08:35.874497+00:00,184007657926333,109,ok,9.905,244d3e0a6d0000000000000000000067,00000000000000000000
2026-10-04T12:08:35.884726+00:00,184007668014791,110,ok,10.053,244d3e076e0a00000000000063,0a000000000000
2026-10-04T12:08:35.894983+00:00,184007678182958,120,ok,10.139,244d3efc78e803d007dc05640000ff00000000e803d007dc05640000ff00000000e803d007dc05640000ff00000000e803d007dc05640000ff00000000e803d007dc05640000ff00000000e803d007dc05640000ff00000000e803d007dc05640000ff00000000e803d007dc05640000ff00000000e803d007dc05640000ff00000000e803d007dc05640000ff00000000e803d007dc05640000ff00000000e803d007dc05640000ff00000000e803d007dc05640000ff00000000e803d007dc05640000ff00000000e803d007dc05640000ff00000000e803d007dc05640000ff00000000e803d007dc05640000ff00000000e803d007dc05640000ff0000000084,e803d007dc05640000ff00000000e803d007dc05640000ff00000000e803d007dc05640000ff00000000e803d007dc05640000ff00000000e803d007dc05640000ff00000000e803d007dc05640000ff00000000e803d007dc05640000ff00000000e803d007dc05640000ff00000000e803d007dc05640000ff00000000e803d007dc05640000ff00000000e803d007dc05640000ff00000000e803d007dc05640000ff00000000e803d007dc05640000ff00000000e803d007dc05640000ff00000000e803d007dc05640000ff00000000e803d007dc05640000ff00000000e803d007dc05640000ff00000000e803d007dc05640000ff00000000
2026-10-04T12:08:35.904803+00:00,184007688439458,122,error_or_bad_checksum,9.703,244d21007a7a,
2026-10-04T12:08:35.915194+00:00,184007698240666,151,ok,10.295,244d3e09970001010002020001009f,000101000202000100
2026-10-04T12:08:35.925073+00:00,184007708645583,166,ok,9.772,244d3e15a600000000000033000000000000000f270f270f2700a8,00000000000033000000000000000f270f270f2700
2026-10-04T12:08:36.792182+00:00,184008583053458,1,ok,2.460,244d3e030100020505,000205
2026-10-04T12:08:36.802311+00:00,184008585679125,2,ok,9.969,244d3e0402494e415616,494e4156
2026-10-04T12:08:36.812590+00:00,184008595795958,3,ok,10.128,244d3e030309010008,090100
2026-10-04T12:08:36.822641+00:00,184008606138791,4,ok,9.838,244d3e18044d373241000002010f4d414d4241463732325f323032324136,4d373241000002010f4d414d4241463732325f3230323241
2026-10-04T12:08:36.832583+00:00,184008616144416,101,ok,9.778,244d3e0b6500043700c18000000040005c,00043700c1800000004000
2026-10-04T12:08:36.842911+00:00,184008626054416,106,ok,10.195,244d3e126a000000000000000000000000000000000f2750,000000000000000000000000000000000f27
2026-10-04T12:08:36.852990+00:00,184008636381083,107,ok,9.941,244d3e056b00000000006e,0000000000
2026-10-04T12:08:36.863006+00:00,184008646494708,108,ok,9.845,244d3e066c7eff59fd03004c,7eff59fd0300
2026-10-04T12:08:36.872961+00:00,184008656508166,109,ok,9.793,244d3e0a6d0000000000000000000067,00000000000000000000
2026-10-04T12:08:36.882994+00:00,184008666429750,110,ok,9.903,244d3e076e0a00000000000063,0a000000000000
2026-10-04T12:08:36.893363+00:00,184008676464625,120,ok,10.234,244d3efc78e803d007dc05640000ff00000000e803d007dc05640000ff00000000e803d007dc05640000ff00000000e803d007dc05640000ff00000000e803d007dc05640000ff00000000e803d007dc05640000ff00000000e803d007dc05640000ff00000000e803d007dc05640000ff00000000e803d007dc05640000ff00000000e803d007dc05640000ff00000000e803d007dc05640000ff00000000e803d007dc05640000ff00000000e803d007dc05640000ff00000000e803d007dc05640000ff00000000e803d007dc05640000ff00000000e803d007dc05640000ff00000000e803d007dc05640000ff00000000e803d007dc05640000ff0000000084,e803d007dc05640000ff00000000e803d007dc05640000ff00000000e803d007dc05640000ff00000000e803d007dc05640000ff00000000e803d007dc05640000ff00000000e803d007dc05640000ff00000000e803d007dc05640000ff00000000e803d007dc05640000ff00000000e803d007dc05640000ff00000000e803d007dc05640000ff00000000e803d007dc05640000ff00000000e803d007dc05640000ff00000000e803d007dc05640000ff00000000e803d007dc05640000ff00000000e803d007dc05640000ff00000000e803d007dc05640000ff00000000e803d007dc05640000ff00000000e803d007dc05640000ff00000000
2026-10-04T12:08:36.903002+00:00,184008686851791,122,error_or_bad_checksum,9.489,244d21007a7a,
2026-10-04T12:08:36.913512+00:00,184008696460750,151,ok,10.384,244d3e09970001010002020001009f,000101000202000100
2026-10-04T12:08:36.923088+00:00,184008707013625,166,ok,9.415,244d3e15a600000000000034000000000000000f270f270f2700af,00000000000034000000000000000f270f270f2700
2026-10-04T12:08:37.802287+00:00,184009588064041,1,ok,7.562,244d3e030100020505,000205
2026-10-04T12:08:37.812298+00:00,184009595756791,2,ok,9.882,244d3e0402494e415616,494e4156
2026-10-04T12:08:37.822372+00:00,184009605757791,3,ok,9.955,244d3e030309010008,090100
2026-10-04T12:08:37.832438+00:00,184009615848750,4,ok,9.926,244d3e18044d373241000002010f4d414d4241463732325f323032324136,4d373241000002010f4d414d4241463732325f3230323241
2026-10-04T12:08:37.842400+00:00,184009625954291,101,ok,9.786,244d3e0b65ea033700c1800000004000b1,ea033700c1800000004000
2026-10-04T12:08:37.852691+00:00,184009635868375,106,ok,10.164,244d3e126a000000000000000000000000000000000f2750,000000000000000000000000000000000f27
2026-10-04T12:08:37.862730+00:00,184009646146500,107,ok,9.924,244d3e056b00000000006e,0000000000
2026-10-04T12:08:37.872794+00:00,184009656195583,108,ok,9.939,244d3e066c7eff5afd03004f,7eff5afd0300
2026-10-04T12:08:37.882828+00:00,184009666253541,109,ok,9.912,244d3e0a6d0000000000000000000067,00000000000000000000
2026-10-04T12:08:37.892872+00:00,184009676335958,110,ok,9.852,244d3e076e0a00000000000063,0a000000000000
2026-10-04T12:08:37.903005+00:00,184009686398875,120,ok,9.945,244d3efc78e803d007dc05640000ff00000000e803d007dc05640000ff00000000e803d007dc05640000ff00000000e803d007dc05640000ff00000000e803d007dc05640000ff00000000e803d007dc05640000ff00000000e803d007dc05640000ff00000000e803d007dc05640000ff00000000e803d007dc05640000ff00000000e803d007dc05640000ff00000000e803d007dc05640000ff00000000e803d007dc05640000ff00000000e803d007dc05640000ff00000000e803d007dc05640000ff00000000e803d007dc05640000ff00000000e803d007dc05640000ff00000000e803d007dc05640000ff00000000e803d007dc05640000ff0000000084,e803d007dc05640000ff00000000e803d007dc05640000ff00000000e803d007dc05640000ff00000000e803d007dc05640000ff00000000e803d007dc05640000ff00000000e803d007dc05640000ff00000000e803d007dc05640000ff00000000e803d007dc05640000ff00000000e803d007dc05640000ff00000000e803d007dc05640000ff00000000e803d007dc05640000ff00000000e803d007dc05640000ff00000000e803d007dc05640000ff00000000e803d007dc05640000ff00000000e803d007dc05640000ff00000000e803d007dc05640000ff00000000e803d007dc05640000ff00000000e803d007dc05640000ff00000000
2026-10-04T12:08:37.912798+00:00,184009696497250,122,error_or_bad_checksum,9.641,244d21007a7a,
2026-10-04T12:08:37.922908+00:00,184009706256208,151,ok,9.989,244d3e09970001010002020001009f,000101000202000100
2026-10-04T12:08:37.933258+00:00,184009716419541,166,ok,10.175,244d3e15a600000000000034000000000000000f270f270f2700af,00000000000034000000000000000f270f270f2700
2026-10-04T12:08:38.799209+00:00,184010591797416,1,ok,0.760,244d3e030100020505,000205
2026-10-04T12:08:38.809333+00:00,184010592589666,2,ok,10.092,244d3e0402494e415616,494e4156
2026-10-04T12:08:38.819252+00:00,184010602710833,3,ok,9.892,244d3e030309010008,090100
2026-10-04T12:08:38.829706+00:00,184010612628958,4,ok,10.425,244d3e18044d373241000002010f4d414d4241463732325f323032324136,4d373241000002010f4d414d4241463732325f3230323241
2026-10-04T12:08:38.839674+00:00,184010623096125,101,ok,9.927,244d3e0b65eb033700c1800000004000b0,eb033700c1800000004000
2026-10-04T12:08:38.849945+00:00,184010633068083,106,ok,10.226,244d3e126a000000000000000000000000000000000f2750,000000000000000000000000000000000f27
2026-10-04T12:08:38.859976+00:00,184010643342708,107,ok,9.981,244d3e056b00000000006e,0000000000
2026-10-04T12:08:38.869996+00:00,184010653357708,108,ok,9.989,244d3e066c7eff5afd03004f,7eff5afd0300
2026-10-04T12:08:38.880380+00:00,184010663370583,109,ok,10.356,244d3e0a6d0000000000000000000067,00000000000000000000
2026-10-04T12:08:38.890355+00:00,184010673796791,110,ok,9.907,244d3e076e0a00000000000063,0a000000000000
2026-10-04T12:08:38.900958+00:00,184010683756083,120,ok,10.550,244d3efc78e803d007dc05640000ff00000000e803d007dc05640000ff00000000e803d007dc05640000ff00000000e803d007dc05640000ff00000000e803d007dc05640000ff00000000e803d007dc05640000ff00000000e803d007dc05640000ff00000000e803d007dc05640000ff00000000e803d007dc05640000ff00000000e803d007dc05640000ff00000000e803d007dc05640000ff00000000e803d007dc05640000ff00000000e803d007dc05640000ff00000000e803d007dc05640000ff00000000e803d007dc05640000ff00000000e803d007dc05640000ff00000000e803d007dc05640000ff00000000e803d007dc05640000ff0000000084,e803d007dc05640000ff00000000e803d007dc05640000ff00000000e803d007dc05640000ff00000000e803d007dc05640000ff00000000e803d007dc05640000ff00000000e803d007dc05640000ff00000000e803d007dc05640000ff00000000e803d007dc05640000ff00000000e803d007dc05640000ff00000000e803d007dc05640000ff00000000e803d007dc05640000ff00000000e803d007dc05640000ff00000000e803d007dc05640000ff00000000e803d007dc05640000ff00000000e803d007dc05640000ff00000000e803d007dc05640000ff00000000e803d007dc05640000ff00000000e803d007dc05640000ff00000000
2026-10-04T12:08:38.910788+00:00,184010694365000,122,error_or_bad_checksum,9.763,244d21007a7a,
2026-10-04T12:08:38.920754+00:00,184010704213208,151,ok,9.889,244d3e09970001010002020001009f,000101000202000100
2026-10-04T12:08:38.931110+00:00,184010714153916,166,ok,10.303,244d3e15a600000000000035000000000000000f270f270f2700ae,00000000000035000000000000000f270f270f2700
2026-10-04T12:08:39.807379+00:00,184011595022541,1,ok,5.696,244d3e030100020505,000205
2026-10-04T12:08:39.817238+00:00,184011600847166,2,ok,9.740,244d3e0402494e415616,494e4156
2026-10-04T12:08:39.827223+00:00,184011610644666,3,ok,9.927,244d3e030309010008,090100
2026-10-04T12:08:39.837293+00:00,184011620626083,4,ok,10.014,244d3e18044d373241000002010f4d414d4241463732325f323032324136,4d373241000002010f4d414d4241463732325f3230323241
2026-10-04T12:08:39.847291+00:00,184011630713000,101,ok,9.927,244d3e0b65f0033700c1800000004000ab,f0033700c1800000004000
2026-10-04T12:08:39.857449+00:00,184011640691083,106,ok,10.100,244d3e126a000000000000000000000000000000000f2750,000000000000000000000000000000000f27
2026-10-04T12:08:39.867342+00:00,184011650931291,107,ok,9.760,244d3e056b00000000006e,0000000000
2026-10-04T12:08:39.877389+00:00,184011660745791,108,ok,9.988,244d3e066c7eff5afd03004f,7eff5afd0300
2026-10-04T12:08:39.887482+00:00,184011670821791,109,ok,10.002,244d3e0a6d0000000000000000000067,00000000000000000000
2026-10-04T12:08:39.897434+00:00,184011680946833,110,ok,9.831,244d3e076e0a00000000000063,0a000000000000
2026-10-04T12:08:39.907654+00:00,184011690860500,120,ok,10.138,244d3efc78e803d007dc05640000ff00000000e803d007dc05640000ff00000000e803d007dc05640000ff00000000e803d007dc05640000ff00000000e803d007dc05640000ff00000000e803d007dc05640000ff00000000e803d007dc05640000ff00000000e803d007dc05640000ff00000000e803d007dc05640000ff00000000e803d007dc05640000ff00000000e803d007dc05640000ff00000000e803d007dc05640000ff00000000e803d007dc05640000ff00000000e803d007dc05640000ff00000000e803d007dc05640000ff00000000e803d007dc05640000ff00000000e803d007dc05640000ff00000000e803d007dc05640000ff0000000084,e803d007dc05640000ff00000000e803d007dc05640000ff00000000e803d007dc05640000ff00000000e803d007dc05640000ff00000000e803d007dc05640000ff00000000e803d007dc05640000ff00000000e803d007dc05640000ff00000000e803d007dc05640000ff00000000e803d007dc05640000ff00000000e803d007dc05640000ff00000000e803d007dc05640000ff00000000e803d007dc05640000ff00000000e803d007dc05640000ff00000000e803d007dc05640000ff00000000e803d007dc05640000ff00000000e803d007dc05640000ff00000000e803d007dc05640000ff00000000e803d007dc05640000ff00000000
2026-10-04T12:08:39.917513+00:00,184011701115375,122,error_or_bad_checksum,9.745,244d21007a7a,
2026-10-04T12:08:39.927467+00:00,184011710933291,151,ok,9.882,244d3e09970001010002020001009f,000101000202000100
2026-10-04T12:08:39.937499+00:00,184011720870416,166,ok,9.980,244d3e15a600000000000035000000000000000f270f270f2700ae,00000000000035000000000000000f270f270f2700
2026-10-04T12:08:40.812555+00:00,184012600253000,1,ok,5.641,244d3e030100020505,000205
2026-10-04T12:08:40.822612+00:00,184012606048791,2,ok,9.902,244d3e0402494e415616,494e4156
2026-10-04T12:08:40.832616+00:00,184012616115708,3,ok,9.837,244d3e030309010008,090100
2026-10-04T12:08:40.842659+00:00,184012626142708,4,ok,9.854,244d3e18044d373241000002010f4d414d4241463732325f323032324136,4d373241000002010f4d414d4241463732325f3230323241
2026-10-04T12:08:40.852884+00:00,184012636176166,101,ok,10.052,244d3e0b65ea033700c1800000004000b1,ea033700c1800000004000
2026-10-04T12:08:40.862963+00:00,184012646363458,106,ok,9.940,244d3e126a000000000000000000000000000000000f2750,000000000000000000000000000000000f27
2026-10-04T12:08:40.872975+00:00,184012656460625,107,ok,9.857,244d3e056b00000000006e,0000000000
2026-10-04T12:08:40.882975+00:00,184012666434000,108,ok,9.884,244d3e066c7eff5afd03004f,7eff5afd0300
2026-10-04T12:08:40.893005+00:00,184012676455708,109,ok,9.892,244d3e0a6d0000000000000000000067,00000000000000000000
2026-10-04T12:08:40.903383+00:00,184012686464958,110,ok,10.257,244d3e076e0a00000000000063,0a000000000000
2026-10-04T12:08:40.913618+00:00,184012696899250,120,ok,10.059,244d3efc78e803d007dc05640000ff00000000e803d007dc05640000ff00000000e803d007dc05640000ff00000000e803d007dc05640000ff00000000e803d007dc05640000ff00000000e803d007dc05640000ff00000000e803d007dc05640000ff00000000e803d007dc05640000ff00000000e803d007dc05640000ff00000000e803d007dc05640000ff00000000e803d007dc05640000ff00000000e803d007dc05640000ff00000000e803d007dc05640000ff00000000e803d007dc05640000ff00000000e803d007dc05640000ff00000000e803d007dc05640000ff00000000e803d007dc05640000ff00000000e803d007dc05640000ff0000000084,e803d007dc05640000ff00000000e803d007dc05640000ff00000000e803d007dc05640000ff00000000e803d007dc05640000ff00000000e803d007dc05640000ff00000000e803d007dc05640000ff00000000e803d007dc05640000ff00000000e803d007dc05640000ff00000000e803d007dc05640000ff00000000e803d007dc05640000ff00000000e803d007dc05640000ff00000000e803d007dc05640000ff00000000e803d007dc05640000ff00000000e803d007dc05640000ff00000000e803d007dc05640000ff00000000e803d007dc05640000ff00000000e803d007dc05640000ff00000000e803d007dc05640000ff00000000
2026-10-04T12:08:40.923199+00:00,184012707152333,122,error_or_bad_checksum,9.389,244d21007a7a,
2026-10-04T12:08:40.933391+00:00,184012716650333,151,ok,10.084,244d3e09970001010002020001009f,000101000202000100
2026-10-04T12:08:40.943260+00:00,184012726854791,166,ok,9.750,244d3e15a600000000000035000000000000000f270f270f2700ae,00000000000035000000000000000f270f270f2700
2026-10-04T12:08:41.821160+00:00,184013605216125,1,ok,9.284,244d3e030100020505,000205
2026-10-04T12:08:41.831045+00:00,184013614629333,2,ok,9.762,244d3e0402494e415616,494e4156
2026-10-04T12:08:41.841257+00:00,184013624497000,3,ok,10.098,244d3e030309010008,090100
2026-10-04T12:08:41.851409+00:00,184013634755041,4,ok,9.990,244d3e18044d373241000002010f4d414d4241463732325f323032324136,4d373241000002010f4d414d4241463732325f3230323241
2026-10-04T12:08:41.861133+00:00,184013644923250,101,ok,9.558,244d3e0b65fe033700c1800000004000a5,fe033700c1800000004000
2026-10-04T12:08:41.871473+00:00,184013654549750,106,ok,10.271,244d3e126a000000000000000000000000000000000f2750,000000000000000000000000000000000f27
2026-10-04T12:08:41.881551+00:00,184013664889458,107,ok,10.006,244d3e056b00000000006e,0000000000
2026-10-04T12:08:41.891797+00:00,184013674989250,108,ok,10.155,244d3e066c7eff5afd040048,7eff5afd0400
2026-10-04T12:08:41.901815+00:00,184013685224625,109,ok,9.939,244d3e0a6d0000000000000000000067,00000000000000000000
2026-10-04T12:08:41.911800+00:00,184013695234458,110,ok,9.915,244d3e076e0a00000000000063,0a000000000000
2026-10-04T12:08:41.922305+00:00,184013705213041,120,ok,10.442,244d3efc78e803d007dc05640000ff00000000e803d007dc05640000ff00000000e803d007dc05640000ff00000000e803d007dc05640000ff00000000e803d007dc05640000ff00000000e803d007dc05640000ff00000000e803d007dc05640000ff00000000e803d007dc05640000ff00000000e803d007dc05640000ff00000000e803d007dc05640000ff00000000e803d007dc05640000ff00000000e803d007dc05640000ff00000000e803d007dc05640000ff00000000e803d007dc05640000ff00000000e803d007dc05640000ff00000000e803d007dc05640000ff00000000e803d007dc05640000ff00000000e803d007dc05640000ff0000000084,e803d007dc05640000ff00000000e803d007dc05640000ff00000000e803d007dc05640000ff00000000e803d007dc05640000ff00000000e803d007dc05640000ff00000000e803d007dc05640000ff00000000e803d007dc05640000ff00000000e803d007dc05640000ff00000000e803d007dc05640000ff00000000e803d007dc05640000ff00000000e803d007dc05640000ff00000000e803d007dc05640000ff00000000e803d007dc05640000ff00000000e803d007dc05640000ff00000000e803d007dc05640000ff00000000e803d007dc05640000ff00000000e803d007dc05640000ff00000000e803d007dc05640000ff00000000
2026-10-04T12:08:41.932201+00:00,184013715736750,122,error_or_bad_checksum,9.813,244d21007a7a,
2026-10-04T12:08:41.942200+00:00,184013725615291,151,ok,9.934,244d3e09970001010002020001009f,000101000202000100
2026-10-04T12:08:41.952515+00:00,184013735612166,166,ok,10.254,244d3e15a600000000000036000000000000000f270f270f2700ad,00000000000036000000000000000f270f270f2700
2026-10-04T12:08:42.817763+00:00,184014609893791,1,ok,1.210,244d3e030100020505,000205
2026-10-04T12:08:42.827858+00:00,184014611240750,2,ok,9.960,244d3e0402494e415616,494e4156
2026-10-04T12:08:42.838180+00:00,184014621348625,3,ok,10.180,244d3e030309010008,090100
2026-10-04T12:08:42.848217+00:00,184014631605791,4,ok,9.960,244d3e18044d373241000002010f4d414d4241463732325f323032324136,4d373241000002010f4d414d4241463732325f3230323241
2026-10-04T12:08:42.858508+00:00,184014641657958,101,ok,10.197,244d3e0b6502043700c18000000040005e,02043700c1800000004000
2026-10-04T12:08:42.868544+00:00,184014651948250,106,ok,9.943,244d3e126a000000000000000000000000000000000f2750,000000000000000000000000000000000f27
2026-10-04T12:08:42.878775+00:00,184014661988791,107,ok,10.138,244d3e056b00000000006e,0000000000
2026-10-04T12:08:42.888707+00:00,184014672167625,108,ok,9.888,244d3e066c7eff5afd040048,7eff5afd0400
2026-10-04T12:08:42.898587+00:00,184014682106875,109,ok,9.824,244d3e0a6d0000000000000000000067,00000000000000000000
2026-10-04T12:08:42.908585+00:00,184014692063666,110,ok,9.867,244d3e076e0a00000000000063,0a000000000000
2026-10-04T12:08:42.918922+00:00,184014702041500,120,ok,10.231,244d3efc78e803d007dc05640000ff00000000e803d007dc05640000ff00000000e803d007dc05640000ff00000000e803d007dc05640000ff00000000e803d007dc05640000ff00000000e803d007dc05640000ff00000000e803d007dc05640000ff00000000e803d007dc05640000ff00000000e803d007dc05640000ff00000000e803d007dc05640000ff00000000e803d007dc05640000ff00000000e803d007dc05640000ff00000000e803d007dc05640000ff00000000e803d007dc05640000ff00000000e803d007dc05640000ff00000000e803d007dc05640000ff00000000e803d007dc05640000ff00000000e803d007dc05640000ff0000000084,e803d007dc05640000ff00000000e803d007dc05640000ff00000000e803d007dc05640000ff00000000e803d007dc05640000ff00000000e803d007dc05640000ff00000000e803d007dc05640000ff00000000e803d007dc05640000ff00000000e803d007dc05640000ff00000000e803d007dc05640000ff00000000e803d007dc05640000ff00000000e803d007dc05640000ff00000000e803d007dc05640000ff00000000e803d007dc05640000ff00000000e803d007dc05640000ff00000000e803d007dc05640000ff00000000e803d007dc05640000ff00000000e803d007dc05640000ff00000000e803d007dc05640000ff00000000
2026-10-04T12:08:42.928674+00:00,184014712337375,122,error_or_bad_checksum,9.681,244d21007a7a,
2026-10-04T12:08:42.938975+00:00,184014722122291,151,ok,10.200,244d3e09970001010002020001009f,000101000202000100
2026-10-04T12:08:42.948964+00:00,184014732417250,166,ok,9.894,244d3e15a600000000000036000000000000000f270f270f2700ad,00000000000036000000000000000f270f270f2700
2026-10-04T12:08:43.826071+00:00,184015613049500,1,ok,6.364,244d3e030100020505,000205
2026-10-04T12:08:43.836166+00:00,184015619561000,2,ok,9.944,244d3e0402494e415616,494e4156
2026-10-04T12:08:43.846169+00:00,184015629694833,3,ok,9.816,244d3e030309010008,090100
2026-10-04T12:08:43.856252+00:00,184015639674708,4,ok,9.916,244d3e18044d373241000002010f4d414d4241463732325f323032324136,4d373241000002010f4d414d4241463732325f3230323241
2026-10-04T12:08:43.866773+00:00,184015649728041,101,ok,10.390,244d3e0b65e9033700c1800000004000b2,e9033700c1800000004000
2026-10-04T12:08:43.876172+00:00,184015660462750,106,ok,9.056,244d3e126a000000000000000000000000000000000f2750,000000000000000000000000000000000f27
2026-10-04T12:08:43.886261+00:00,184015669640916,107,ok,9.968,244d3e056b00000000006e,0000000000
2026-10-04T12:08:43.896268+00:00,184015679708708,108,ok,9.909,244d3e066c7eff5afd040048,7eff5afd0400
2026-10-04T12:08:43.906254+00:00,184015689702375,109,ok,9.899,244d3e0a6d0000000000000000000067,00000000000000000000
2026-10-04T12:08:43.916259+00:00,184015699733250,110,ok,9.876,244d3e076e0a00000000000063,0a000000000000
2026-10-04T12:08:43.926469+00:00,184015709682125,120,ok,10.138,244d3efc78e803d007dc05640000ff00000000e803d007dc05640000ff00000000e803d007dc05640000ff00000000e803d007dc05640000ff00000000e803d007dc05640000ff00000000e803d007dc05640000ff00000000e803d007dc05640000ff00000000e803d007dc05640000ff00000000e803d007dc05640000ff00000000e803d007dc05640000ff00000000e803d007dc05640000ff00000000e803d007dc05640000ff00000000e803d007dc05640000ff00000000e803d007dc05640000ff00000000e803d007dc05640000ff00000000e803d007dc05640000ff00000000e803d007dc05640000ff00000000e803d007dc05640000ff0000000084,e803d007dc05640000ff00000000e803d007dc05640000ff00000000e803d007dc05640000ff00000000e803d007dc05640000ff00000000e803d007dc05640000ff00000000e803d007dc05640000ff00000000e803d007dc05640000ff00000000e803d007dc05640000ff00000000e803d007dc05640000ff00000000e803d007dc05640000ff00000000e803d007dc05640000ff00000000e803d007dc05640000ff00000000e803d007dc05640000ff00000000e803d007dc05640000ff00000000e803d007dc05640000ff00000000e803d007dc05640000ff00000000e803d007dc05640000ff00000000e803d007dc05640000ff00000000
2026-10-04T12:08:43.936263+00:00,184015719927000,122,error_or_bad_checksum,9.688,244d21007a7a,
2026-10-04T12:08:43.946619+00:00,184015729664916,151,ok,10.301,244d3e09970001010002020001009f,000101000202000100
2026-10-04T12:08:43.956846+00:00,184015740076041,166,ok,10.115,244d3e15a600000000000037000000000000000f270f270f2700ac,00000000000037000000000000000f270f270f2700
2026-10-04T12:08:44.823946+00:00,184016616749041,1,ok,0.543,244d3e030100020505,000205
2026-10-04T12:08:44.834043+00:00,184016617399000,2,ok,9.991,244d3e0402494e415616,494e4156
2026-10-04T12:08:44.844055+00:00,184016627500625,3,ok,9.900,244d3e030309010008,090100
2026-10-04T12:08:44.854473+00:00,184016637545041,4,ok,10.271,244d3e18044d373241000002010f4d414d4241463732325f323032324136,4d373241000002010f4d414d4241463732325f3230323241
2026-10-04T12:08:44.864714+00:00,184016647968958,101,ok,10.092,244d3e0b65fe033700c1800000004000a5,fe033700c1800000004000
2026-10-04T12:08:44.874732+00:00,184016658188875,106,ok,9.890,244d3e126a000000000000000000000000000000000f2750,000000000000000000000000000000000f27
2026-10-04T12:08:44.884746+00:00,184016668221791,107,ok,9.871,244d3e056b00000000006e,0000000000
2026-10-04T12:08:44.895156+00:00,184016678212250,108,ok,10.290,244d3e066c7eff5afd040048,7eff5afd0400
2026-10-04T12:08:44.905148+00:00,184016688627125,109,ok,9.868,244d3e0a6d0000000000000000000067,00000000000000000000
2026-10-04T12:08:44.915191+00:00,184016698618875,110,ok,9.918,244d3e076e0a00000000000063,0a000000000000
2026-10-04T12:08:44.925919+00:00,184016708753250,120,ok,10.510,244d3efc78e803d007dc05640000ff00000000e803d007dc05640000ff00000000e803d007dc05640000ff00000000e803d007dc05640000ff00000000e803d007dc05640000ff00000000e803d007dc05640000ff00000000e803d007dc05640000ff00000000e803d007dc05640000ff00000000e803d007dc05640000ff00000000e803d007dc05640000ff00000000e803d007dc05640000ff00000000e803d007dc05640000ff00000000e803d007dc05640000ff00000000e803d007dc05640000ff00000000e803d007dc05640000ff00000000e803d007dc05640000ff00000000e803d007dc05640000ff00000000e803d007dc05640000ff0000000084,e803d007dc05640000ff00000000e803d007dc05640000ff00000000e803d007dc05640000ff00000000e803d007dc05640000ff00000000e803d007dc05640000ff00000000e803d007dc05640000ff00000000e803d007dc05640000ff00000000e803d007dc05640000ff00000000e803d007dc05640000ff00000000e803d007dc05640000ff00000000e803d007dc05640000ff00000000e803d007dc05640000ff00000000e803d007dc05640000ff00000000e803d007dc05640000ff00000000e803d007dc05640000ff00000000e803d007dc05640000ff00000000e803d007dc05640000ff00000000e803d007dc05640000ff00000000
2026-10-04T12:08:44.935209+00:00,184016719548916,122,error_or_bad_checksum,9.005,244d21007a7a,
2026-10-04T12:08:44.945184+00:00,184016728687625,151,ok,9.843,244d3e09970001010002020001009f,000101000202000100
2026-10-04T12:08:44.955352+00:00,184016738658291,166,ok,10.037,244d3e15a600000000000037000000000000000f270f270f2700ac,00000000000037000000000000000f270f270f2700
2026-10-04T12:08:45.833436+00:00,184017616841458,1,ok,9.935,244d3e030100020505,000205
2026-10-04T12:08:45.843059+00:00,184017626985833,2,ok,9.419,244d3e0402494e415616,494e4156
2026-10-04T12:08:45.852899+00:00,184017636616750,3,ok,9.632,244d3e030309010008,090100
2026-10-04T12:08:45.863025+00:00,184017646365583,4,ok,10.008,244d3e18044d373241000002010f4d414d4241463732325f323032324136,4d373241000002010f4d414d4241463732325f3230323241
2026-10-04T12:08:45.872971+00:00,184017656511083,101,ok,9.809,244d3e0b6501043700c18000000040005d,01043700c1800000004000
2026-10-04T12:08:45.883010+00:00,184017666452833,106,ok,9.904,244d3e126a000000000000000000000000000000000f2750,000000000000000000000000000000000f27
2026-10-04T12:08:45.893126+00:00,184017676495625,107,ok,9.976,244d3e056b00000000006e,0000000000
2026-10-04T12:08:45.903334+00:00,184017686614458,108,ok,10.067,244d3e066cc2ff94fd05003b,c2ff94fd0500
2026-10-04T12:08:45.913437+00:00,184017696810208,109,ok,9.975,244d3e0a6d0000000000000000000067,00000000000000000000
2026-10-04T12:08:45.923492+00:00,184017706935708,110,ok,9.903,244d3e076e0a00000000000063,0a000000000000
2026-10-04T12:08:45.933893+00:00,184017716997291,120,ok,10.242,244d3efc78e803d007dc05640000ff00000000e803d007dc05640000ff00000000e803d007dc05640000ff00000000e803d007dc05640000ff00000000e803d007dc05640000ff00000000e803d007dc05640000ff00000000e803d007dc05640000ff00000000e803d007dc05640000ff00000000e803d007dc05640000ff00000000e803d007dc05640000ff00000000e803d007dc05640000ff00000000e803d007dc05640000ff00000000e803d007dc05640000ff00000000e803d007dc05640000ff00000000e803d007dc05640000ff00000000e803d007dc05640000ff00000000e803d007dc05640000ff00000000e803d007dc05640000ff0000000084,e803d007dc05640000ff00000000e803d007dc05640000ff00000000e803d007dc05640000ff00000000e803d007dc05640000ff00000000e803d007dc05640000ff00000000e803d007dc05640000ff00000000e803d007dc05640000ff00000000e803d007dc05640000ff00000000e803d007dc05640000ff00000000e803d007dc05640000ff00000000e803d007dc05640000ff00000000e803d007dc05640000ff00000000e803d007dc05640000ff00000000e803d007dc05640000ff00000000e803d007dc05640000ff00000000e803d007dc05640000ff00000000e803d007dc05640000ff00000000e803d007dc05640000ff00000000
2026-10-04T12:08:45.943429+00:00,184017727415750,122,error_or_bad_checksum,9.359,244d21007a7a,
2026-10-04T12:08:45.953523+00:00,184017736902666,151,ok,9.966,244d3e09970001010002020001009f,000101000202000100
2026-10-04T12:08:45.963221+00:00,184017747025875,166,ok,9.542,244d3e15a600000000000037000000000000000f270f270f2700ac,00000000000037000000000000000f270f270f2700
2026-10-04T12:08:46.828704+00:00,184018618293416,1,ok,3.757,244d3e030100020505,000205
2026-10-04T12:08:46.838777+00:00,184018622178291,2,ok,9.944,244d3e0402494e415616,494e4156
2026-10-04T12:08:46.848771+00:00,184018632296916,3,ok,9.822,244d3e030309010008,090100
2026-10-04T12:08:46.858849+00:00,184018642249375,4,ok,9.948,244d3e18044d373241000002010f4d414d4241463732325f323032324136,4d373241000002010f4d414d4241463732325f3230323241
2026-10-04T12:08:46.868836+00:00,184018652318875,101,ok,9.863,244d3e0b65fb033700c1800000004000a0,fb033700c1800000004000
2026-10-04T12:08:46.879161+00:00,184018662365083,106,ok,10.142,244d3e126a000000000000000000000000000000000f2750,000000000000000000000000000000000f27
2026-10-04T12:08:46.889127+00:00,184018672677041,107,ok,9.796,244d3e056b00000000006e,0000000000
2026-10-04T12:08:46.899594+00:00,184018682601375,108,ok,10.335,244d3e066cc3ff93fd05003d,c3ff93fd0500
2026-10-04T12:08:46.909464+00:00,184018693115916,109,ok,9.700,244d3e0a6d0000000000000000000067,00000000000000000000
2026-10-04T12:08:46.919814+00:00,184018702921166,110,ok,10.246,244d3e076e0a00000000000063,0a000000000000
2026-10-04T12:08:46.930013+00:00,184018713243583,120,ok,10.124,244d3efc78e803d007dc05640000ff00000000e803d007dc05640000ff00000000e803d007dc05640000ff00000000e803d007dc05640000ff00000000e803d007dc05640000ff00000000e803d007dc05640000ff00000000e803d007dc05640000ff00000000e803d007dc05640000ff00000000e803d007dc05640000ff00000000e803d007dc05640000ff00000000e803d007dc05640000ff00000000e803d007dc05640000ff00000000e803d007dc05640000ff00000000e803d007dc05640000ff00000000e803d007dc05640000ff00000000e803d007dc05640000ff00000000e803d007dc05640000ff00000000e803d007dc05640000ff0000000084,e803d007dc05640000ff00000000e803d007dc05640000ff00000000e803d007dc05640000ff00000000e803d007dc05640000ff00000000e803d007dc05640000ff00000000e803d007dc05640000ff00000000e803d007dc05640000ff00000000e803d007dc05640000ff00000000e803d007dc05640000ff00000000e803d007dc05640000ff00000000e803d007dc05640000ff00000000e803d007dc05640000ff00000000e803d007dc05640000ff00000000e803d007dc05640000ff00000000e803d007dc05640000ff00000000e803d007dc05640000ff00000000e803d007dc05640000ff00000000e803d007dc05640000ff00000000
2026-10-04T12:08:46.940142+00:00,184018723444875,122,error_or_bad_checksum,10.050,244d21007a7a,
2026-10-04T12:08:46.950153+00:00,184018733567500,151,ok,9.939,244d3e09970001010002020001009f,000101000202000100
2026-10-04T12:08:46.960125+00:00,184018743585958,166,ok,9.893,244d3e15a600000000000038000000000000000f270f270f2700a3,00000000000038000000000000000f270f270f2700
2026-10-04T12:08:47.836956+00:00,184019622754041,1,ok,7.552,244d3e030100020505,000205
2026-10-04T12:08:47.846961+00:00,184019630428666,2,ok,9.882,244d3e0402494e415616,494e4156
2026-10-04T12:08:47.857088+00:00,184019640421833,3,ok,10.015,244d3e030309010008,090100
2026-10-04T12:08:47.867049+00:00,184019650571250,4,ok,9.828,244d3e18044d373241000002010f4d414d4241463732325f323032324136,4d373241000002010f4d414d4241463732325f3230323241
2026-10-04T12:08:47.877158+00:00,184019660522916,101,ok,9.971,244d3e0b65ec033700c1800000004000b7,ec033700c1800000004000
2026-10-04T12:08:47.887103+00:00,184019670684416,106,ok,9.768,244d3e126a000000000000000000000000000000000f2750,000000000000000000000000000000000f27
2026-10-04T12:08:47.897101+00:00,184019680580291,107,ok,9.869,244d3e056b00000000006e,0000000000
2026-10-04T12:08:47.907304+00:00,184019690592750,108,ok,10.055,244d3e066cc2ff93fd05003c,c2ff93fd0500
2026-10-04T12:08:47.917456+00:00,184019700823541,109,ok,9.984,244d3e0a6d0000000000000000000067,00000000000000000000
2026-10-04T12:08:47.927446+00:00,184019710919541,110,ok,9.882,244d3e076e0a00000000000063,0a000000000000
2026-10-04T12:08:47.937966+00:00,184019720859375,120,ok,10.464,244d3efc78e803d007dc05640000ff00000000e803d007dc05640000ff00000000e803d007dc05640000ff00000000e803d007dc05640000ff00000000e803d007dc05640000ff00000000e803d007dc05640000ff00000000e803d007dc05640000ff00000000e803d007dc05640000ff00000000e803d007dc05640000ff00000000e803d007dc05640000ff00000000e803d007dc05640000ff00000000e803d007dc05640000ff00000000e803d007dc05640000ff00000000e803d007dc05640000ff00000000e803d007dc05640000ff00000000e803d007dc05640000ff00000000e803d007dc05640000ff00000000e803d007dc05640000ff0000000084,e803d007dc05640000ff00000000e803d007dc05640000ff00000000e803d007dc05640000ff00000000e803d007dc05640000ff00000000e803d007dc05640000ff00000000e803d007dc05640000ff00000000e803d007dc05640000ff00000000e803d007dc05640000ff00000000e803d007dc05640000ff00000000e803d007dc05640000ff00000000e803d007dc05640000ff00000000e803d007dc05640000ff00000000e803d007dc05640000ff00000000e803d007dc05640000ff00000000e803d007dc05640000ff00000000e803d007dc05640000ff00000000e803d007dc05640000ff00000000e803d007dc05640000ff00000000
2026-10-04T12:08:47.947784+00:00,184019731390958,122,error_or_bad_checksum,9.749,244d21007a7a,
2026-10-04T12:08:47.958149+00:00,184019741199916,151,ok,10.300,244d3e09970001010002020001009f,000101000202000100
2026-10-04T12:08:47.968185+00:00,184019751695708,166,ok,9.816,244d3e15a600000000000038000000000000000f270f270f2700a3,00000000000038000000000000000f270f270f2700
2026-10-04T12:08:48.834867+00:00,184020625266125,1,ok,2.945,244d3e030100020505,000205
2026-10-04T12:08:48.844969+00:00,184020628373500,2,ok,9.946,244d3e0402494e415616,494e4156
2026-10-04T12:08:48.855342+00:00,184020638444875,3,ok,10.249,244d3e030309010008,090100
2026-10-04T12:08:48.865294+00:00,184020648808083,4,ok,9.838,244d3e18044d373241000002010f4d414d4241463732325f323032324136,4d373241000002010f4d414d4241463732325f3230323241
2026-10-04T12:08:48.875608+00:00,184020658735583,101,ok,10.220,244d3e0b6520043700c18000000040007c,20043700c1800000004000
2026-10-04T12:08:48.885618+00:00,184020669089666,106,ok,9.880,244d3e126a000000000000000000000000000000000f2750,000000000000000000000000000000000f27
2026-10-04T12:08:48.896014+00:00,184020679103625,107,ok,10.261,244d3e056b00000000006e,0000000000
2026-10-04T12:08:48.906128+00:00,184020689487791,108,ok,9.986,244d3e066cc2ff92fd05003d,c2ff92fd0500
2026-10-04T12:08:48.916025+00:00,184020699641375,109,ok,9.732,244d3e0a6d0000000000000000000067,00000000000000000000
2026-10-04T12:08:48.926054+00:00,184020709518583,110,ok,9.879,244d3e076e0a00000000000063,0a000000000000
2026-10-04T12:08:48.936301+00:00,184020719531125,120,ok,10.121,244d3efc78e803d007dc05640000ff00000000e803d007dc05640000ff00000000e803d007dc05640000ff00000000e803d007dc05640000ff00000000e803d007dc05640000ff00000000e803d007dc05640000ff00000000e803d007dc05640000ff00000000e803d007dc05640000ff00000000e803d007dc05640000ff00000000e803d007dc05640000ff00000000e803d007dc05640000ff00000000e803d007dc05640000ff00000000e803d007dc05640000ff00000000e803d007dc05640000ff00000000e803d007dc05640000ff00000000e803d007dc05640000ff00000000e803d007dc05640000ff00000000e803d007dc05640000ff0000000084,e803d007dc05640000ff00000000e803d007dc05640000ff00000000e803d007dc05640000ff00000000e803d007dc05640000ff00000000e803d007dc05640000ff00000000e803d007dc05640000ff00000000e803d007dc05640000ff00000000e803d007dc05640000ff00000000e803d007dc05640000ff00000000e803d007dc05640000ff00000000e803d007dc05640000ff00000000e803d007dc05640000ff00000000e803d007dc05640000ff00000000e803d007dc05640000ff00000000e803d007dc05640000ff00000000e803d007dc05640000ff00000000e803d007dc05640000ff00000000e803d007dc05640000ff00000000
2026-10-04T12:08:48.946073+00:00,184020729796375,122,error_or_bad_checksum,9.626,244d21007a7a,
2026-10-04T12:08:48.956123+00:00,184020739580625,151,ok,9.893,244d3e09970001010002020001009f,000101000202000100
2026-10-04T12:08:48.966207+00:00,184020749597041,166,ok,9.958,244d3e15a600000000000039000000000000000f270f270f2700a2,00000000000039000000000000000f270f270f2700
2026-10-04T12:08:49.846260+00:00,184021629150166,1,ok,10.459,244d3e030100020505,000205
2026-10-04T12:08:49.856645+00:00,184021639743708,2,ok,10.233,244d3e0402494e415616,494e4156
2026-10-04T12:08:49.866555+00:00,184021650180000,3,ok,9.727,244d3e030309010008,090100
2026-10-04T12:08:49.876459+00:00,184021660052958,4,ok,9.759,244d3e18044d373241000002010f4d414d4241463732325f323032324136,4d373241000002010f4d414d4241463732325f3230323241
2026-10-04T12:08:49.886491+00:00,184021669946625,101,ok,9.900,244d3e0b65f3033700c1800000004000a8,f3033700c1800000004000
2026-10-04T12:08:49.896642+00:00,184021679911333,106,ok,10.080,244d3e126a000000000000000000000000000000000f2750,000000000000000000000000000000000f27
2026-10-04T12:08:49.906660+00:00,184021690100000,107,ok,9.906,244d3e056b00000000006e,0000000000
2026-10-04T12:08:49.916542+00:00,184021700078833,108,ok,9.820,244d3e066cc1ff92fd05003e,c1ff92fd0500
2026-10-04T12:08:49.926688+00:00,184021709947833,109,ok,10.096,244d3e0a6d0000000000000000000067,00000000000000000000
2026-10-04T12:08:49.936667+00:00,184021720096833,110,ok,9.927,244d3e076e0a00000000000063,0a000000000000
2026-10-04T12:08:49.947273+00:00,184021730076083,120,ok,10.552,244d3efc78e803d007dc05640000ff00000000e803d007dc05640000ff00000000e803d007dc05640000ff00000000e803d007dc05640000ff00000000e803d007dc05640000ff00000000e803d007dc05640000ff00000000e803d007dc05640000ff00000000e803d007dc05640000ff00000000e803d007dc05640000ff00000000e803d007dc05640000ff00000000e803d007dc05640000ff00000000e803d007dc05640000ff00000000e803d007dc05640000ff00000000e803d007dc05640000ff00000000e803d007dc05640000ff00000000e803d007dc05640000ff00000000e803d007dc05640000ff00000000e803d007dc05640000ff0000000084,e803d007dc05640000ff00000000e803d007dc05640000ff00000000e803d007dc05640000ff00000000e803d007dc05640000ff00000000e803d007dc05640000ff00000000e803d007dc05640000ff00000000e803d007dc05640000ff00000000e803d007dc05640000ff00000000e803d007dc05640000ff00000000e803d007dc05640000ff00000000e803d007dc05640000ff00000000e803d007dc05640000ff00000000e803d007dc05640000ff00000000e803d007dc05640000ff00000000e803d007dc05640000ff00000000e803d007dc05640000ff00000000e803d007dc05640000ff00000000e803d007dc05640000ff00000000
2026-10-04T12:08:49.957036+00:00,184021740709416,122,error_or_bad_checksum,9.679,244d21007a7a,
2026-10-04T12:08:49.967057+00:00,184021750488625,151,ok,9.923,244d3e09970001010002020001009f,000101000202000100
2026-10-04T12:08:49.977376+00:00,184021760462000,166,ok,10.268,244d3e15a600000000000039000000000000000f270f270f2700a2,00000000000039000000000000000f270f270f2700
2026-10-04T12:08:50.843825+00:00,184022634171916,1,ok,3.000,244d3e030100020505,000205
2026-10-04T12:08:50.853993+00:00,184022637312000,2,ok,10.026,244d3e0402494e415616,494e4156
2026-10-04T12:08:50.864109+00:00,184022647517291,3,ok,9.927,244d3e030309010008,090100
2026-10-04T12:08:50.874010+00:00,184022657713791,4,ok,9.643,244d3e18044d373241000002010f4d414d4241463732325f323032324136,4d373241000002010f4d414d4241463732325f3230323241
2026-10-04T12:08:50.884112+00:00,184022667507583,101,ok,9.957,244d3e0b65fd033700c1800000004000a6,fd033700c1800000004000
2026-10-04T12:08:50.894246+00:00,184022677589916,106,ok,10.010,244d3e126a000000000000000000000000000000000f2750,000000000000000000000000000000000f27
2026-10-04T12:08:50.904247+00:00,184022687716250,107,ok,9.883,244d3e056b00000000006e,0000000000
2026-10-04T12:08:50.914342+00:00,184022697716416,108,ok,9.979,244d3e066cc1ff91fd05003d,c1ff91fd0500
2026-10-04T12:08:50.924353+00:00,184022707841375,109,ok,9.863,244d3e0a6d0000000000000000000067,00000000000000000000
2026-10-04T12:08:50.934341+00:00,184022717863000,110,ok,9.834,244d3e076e0a00000000000063,0a000000000000
2026-10-04T12:08:50.944535+00:00,184022727784666,120,ok,10.110,244d3efc78e803d007dc05640000ff00000000e803d007dc05640000ff00000000e803d007dc05640000ff00000000e803d007dc05640000ff00000000e803d007dc05640000ff00000000e803d007dc05640000ff00000000e803d007dc05640000ff00000000e803d007dc05640000ff00000000e803d007dc05640000ff00000000e803d007dc05640000ff00000000e803d007dc05640000ff00000000e803d007dc05640000ff00000000e803d007dc05640000ff00000000e803d007dc05640000ff00000000e803d007dc05640000ff00000000e803d007dc05640000ff00000000e803d007dc05640000ff00000000e803d007dc05640000ff0000000084,e803d007dc05640000ff00000000e803d007dc05640000ff00000000e803d007dc05640000ff00000000e803d007dc05640000ff00000000e803d007dc05640000ff00000000e803d007dc05640000ff00000000e803d007dc05640000ff00000000e803d007dc05640000ff00000000e803d007dc05640000ff00000000e803d007dc05640000ff00000000e803d007dc05640000ff00000000e803d007dc05640000ff00000000e803d007dc05640000ff00000000e803d007dc05640000ff00000000e803d007dc05640000ff00000000e803d007dc05640000ff00000000e803d007dc05640000ff00000000e803d007dc05640000ff00000000
2026-10-04T12:08:50.954361+00:00,184022737966041,122,error_or_bad_checksum,9.756,244d21007a7a,
2026-10-04T12:08:50.964448+00:00,184022747762791,151,ok,10.042,244d3e09970001010002020001009f,000101000202000100
2026-10-04T12:08:50.974451+00:00,184022757923583,166,ok,9.881,244d3e15a60000000000003a000000000000000f270f270f2700a1,0000000000003a000000000000000f270f270f2700
2026-10-04T12:08:51.851096+00:00,184023638372875,1,ok,6.068,244d3e030100020505,000205
2026-10-04T12:08:51.860973+00:00,184023644631958,2,ok,9.691,244d3e0402494e415616,494e4156
2026-10-04T12:08:51.871000+00:00,184023654485333,3,ok,9.867,244d3e030309010008,090100
2026-10-04T12:08:51.880954+00:00,184023664474375,4,ok,9.835,244d3e18044d373241000002010f4d414d4241463732325f323032324136,4d373241000002010f4d414d4241463732325f3230323241
2026-10-04T12:08:51.890972+00:00,184023674423666,101,ok,9.902,244d3e0b65e9033700c1800000004000b2,e9033700c1800000004000
2026-10-04T12:08:51.901084+00:00,184023684477500,106,ok,9.961,244d3e126a000000000000000000000000000000000f2750,000000000000000000000000000000000f27
2026-10-04T12:08:51.910993+00:00,184023694553833,107,ok,9.799,244d3e056b00000000006e,0000000000
2026-10-04T12:08:51.921120+00:00,184023704399458,108,ok,10.072,244d3e066cc1ff91fd05003d,c1ff91fd0500
2026-10-04T12:08:51.931081+00:00,184023714611083,109,ok,9.830,244d3e0a6d0000000000000000000067,00000000000000000000
2026-10-04T12:08:51.941257+00:00,184023724503083,110,ok,10.113,244d3e076e0a00000000000063,0a000000000000
2026-10-04T12:08:51.951552+00:00,184023734683041,120,ok,10.230,244d3efc78e803d007dc05640000ff00000000e803d007dc05640000ff00000000e803d007dc05640000ff00000000e803d007dc05640000ff00000000e803d007dc05640000ff00000000e803d007dc05640000ff00000000e803d007dc05640000ff00000000e803d007dc05640000ff00000000e803d007dc05640000ff00000000e803d007dc05640000ff00000000e803d007dc05640000ff00000000e803d007dc05640000ff00000000e803d007dc05640000ff00000000e803d007dc05640000ff00000000e803d007dc05640000ff00000000e803d007dc05640000ff00000000e803d007dc05640000ff00000000e803d007dc05640000ff0000000084,e803d007dc05640000ff00000000e803d007dc05640000ff00000000e803d007dc05640000ff00000000e803d007dc05640000ff00000000e803d007dc05640000ff00000000e803d007dc05640000ff00000000e803d007dc05640000ff00000000e803d007dc05640000ff00000000e803d007dc05640000ff00000000e803d007dc05640000ff00000000e803d007dc05640000ff00000000e803d007dc05640000ff00000000e803d007dc05640000ff00000000e803d007dc05640000ff00000000e803d007dc05640000ff00000000e803d007dc05640000ff00000000e803d007dc05640000ff00000000e803d007dc05640000ff00000000
2026-10-04T12:08:51.961406+00:00,184023744965875,122,error_or_bad_checksum,9.797,244d21007a7a,
2026-10-04T12:08:51.971523+00:00,184023754859041,151,ok,10.012,244d3e09970001010002020001009f,000101000202000100
2026-10-04T12:08:51.981531+00:00,184023764996000,166,ok,9.890,244d3e15a60000000000003a000000000000000f270f270f2700a1,0000000000003a000000000000000f270f270f2700
2026-10-04T12:08:52.860270+00:00,184024642532500,1,ok,11.091,244d3e030100020505,000205
2026-10-04T12:08:52.869238+00:00,184024653793250,2,ok,8.800,244d3e0402494e415616,494e4156
2026-10-04T12:08:52.879293+00:00,184024662712583,3,ok,9.935,244d3e030309010008,090100
2026-10-04T12:08:52.889246+00:00,184024672772625,4,ok,9.826,244d3e18044d373241000002010f4d414d4241463732325f323032324136,4d373241000002010f4d414d4241463732325f3230323241
2026-10-04T12:08:52.899683+00:00,184024682749250,101,ok,10.283,244d3e0b65f0033700c1800000004000ab,f0033700c1800000004000
2026-10-04T12:08:52.909598+00:00,184024693208125,106,ok,9.746,244d3e126a000000000000000000000000000000000f2750,000000000000000000000000000000000f27
2026-10-04T12:08:52.919878+00:00,184024703072250,107,ok,10.161,244d3e056b00000000006e,0000000000
2026-10-04T12:08:52.929979+00:00,184024713343416,108,ok,9.977,244d3e066cc1ff91fd05003d,c1ff91fd0500
2026-10-04T12:08:52.940092+00:00,184024723496541,109,ok,9.940,244d3e0a6d0000000000000000000067,00000000000000000000
2026-10-04T12:08:52.950031+00:00,184024733611208,110,ok,9.770,244d3e076e0a00000000000063,0a000000000000
2026-10-04T12:08:52.960294+00:00,184024743545750,120,ok,10.104,244d3efc78e803d007dc05640000ff00000000e803d007dc05640000ff00000000e803d007dc05640000ff00000000e803d007dc05640000ff00000000e803d007dc05640000ff00000000e803d007dc05640000ff00000000e803d007dc05640000ff00000000e803d007dc05640000ff00000000e803d007dc05640000ff00000000e803d007dc05640000ff00000000e803d007dc05640000ff00000000e803d007dc05640000ff00000000e803d007dc05640000ff00000000e803d007dc05640000ff00000000e803d007dc05640000ff00000000e803d007dc05640000ff00000000e803d007dc05640000ff00000000e803d007dc05640000ff0000000084,e803d007dc05640000ff00000000e803d007dc05640000ff00000000e803d007dc05640000ff00000000e803d007dc05640000ff00000000e803d007dc05640000ff00000000e803d007dc05640000ff00000000e803d007dc05640000ff00000000e803d007dc05640000ff00000000e803d007dc05640000ff00000000e803d007dc05640000ff00000000e803d007dc05640000ff00000000e803d007dc05640000ff00000000e803d007dc05640000ff00000000e803d007dc05640000ff00000000e803d007dc05640000ff00000000e803d007dc05640000ff00000000e803d007dc05640000ff00000000e803d007dc05640000ff00000000
2026-10-04T12:08:52.969983+00:00,184024753809625,122,error_or_bad_checksum,9.528,244d21007a7a,
2026-10-04T12:08:52.980035+00:00,184024763448208,151,ok,9.940,244d3e09970001010002020001009f,000101000202000100
2026-10-04T12:08:52.990326+00:00,184024773507375,166,ok,10.170,244d3e15a60000000000003a000000000000000f270f270f2700a1,0000000000003a000000000000000f270f270f2700
2026-10-04T12:08:53.855938+00:00,184025643617541,1,ok,5.675,244d3e030100020505,000205
2026-10-04T12:08:53.866031+00:00,184025649422916,2,ok,9.959,244d3e0402494e415616,494e4156
2026-10-04T12:08:53.875924+00:00,184025659549833,3,ok,9.730,244d3e030309010008,090100
2026-10-04T12:08:53.885993+00:00,184025669411916,4,ok,9.936,244d3e18044d373241000002010f4d414d4241463732325f323032324136,4d373241000002010f4d414d4241463732325f3230323241
2026-10-04T12:08:53.896053+00:00,184025679461333,101,ok,9.947,244d3e0b65fc033700c1800000004000a7,fc033700c1800000004000
2026-10-04T12:08:53.906333+00:00,184025689504666,106,ok,10.182,244d3e126a000000000000000000000000000000000f2750,000000000000000000000000000000000f27
2026-10-04T12:08:53.916322+00:00,184025699828791,107,ok,9.846,244d3e056b00000000006e,0000000000
2026-10-04T12:08:53.926347+00:00,184025709839166,108,ok,9.863,244d3e066cc1ff91fd06003e,c1ff91fd0600
2026-10-04T12:08:53.936408+00:00,184025719811541,109,ok,9.950,244d3e0a6d0000000000000000000067,00000000000000000000
2026-10-04T12:08:53.946404+00:00,184025729896875,110,ok,9.863,244d3e076e0a00000000000063,0a000000000000
2026-10-04T12:08:53.956659+00:00,184025739898583,120,ok,10.115,244d3efc78e803d007dc05640000ff00000000e803d007dc05640000ff00000000e803d007dc05640000ff00000000e803d007dc05640000ff00000000e803d007dc05640000ff00000000e803d007dc05640000ff00000000e803d007dc05640000ff00000000e803d007dc05640000ff00000000e803d007dc05640000ff00000000e803d007dc05640000ff00000000e803d007dc05640000ff00000000e803d007dc05640000ff00000000e803d007dc05640000ff00000000e803d007dc05640000ff00000000e803d007dc05640000ff00000000e803d007dc05640000ff00000000e803d007dc05640000ff00000000e803d007dc05640000ff0000000084,e803d007dc05640000ff00000000e803d007dc05640000ff00000000e803d007dc05640000ff00000000e803d007dc05640000ff00000000e803d007dc05640000ff00000000e803d007dc05640000ff00000000e803d007dc05640000ff00000000e803d007dc05640000ff00000000e803d007dc05640000ff00000000e803d007dc05640000ff00000000e803d007dc05640000ff00000000e803d007dc05640000ff00000000e803d007dc05640000ff00000000e803d007dc05640000ff00000000e803d007dc05640000ff00000000e803d007dc05640000ff00000000e803d007dc05640000ff00000000e803d007dc05640000ff00000000
2026-10-04T12:08:53.966433+00:00,184025750154833,122,error_or_bad_checksum,9.632,244d21007a7a,
2026-10-04T12:08:53.976496+00:00,184025759932375,151,ok,9.901,244d3e09970001010002020001009f,000101000202000100
2026-10-04T12:08:53.986623+00:00,184025769960625,166,ok,10.012,244d3e15a60000000000003b000000000000000f270f270f2700a0,0000000000003b000000000000000f270f270f2700
2026-10-04T12:08:54.855642+00:00,184026646672416,1,ok,2.326,244d3e030100020505,000205
2026-10-04T12:08:54.865727+00:00,184026649122083,2,ok,9.960,244d3e0402494e415616,494e4156
2026-10-04T12:08:54.875731+00:00,184026659487958,3,ok,9.600,244d3e030309010008,090100
2026-10-04T12:08:54.885838+00:00,184026669223708,4,ok,9.966,244d3e18044d373241000002010f4d414d4241463732325f323032324136,4d373241000002010f4d414d4241463732325f3230323241
2026-10-04T12:08:54.896037+00:00,184026679383666,101,ok,10.009,244d3e0b65fb033700c1800000004000a0,fb033700c1800000004000
2026-10-04T12:08:54.905760+00:00,184026689511791,106,ok,9.603,244d3e126a000000000000000000000000000000000f2750,000000000000000000000000000000000f27
2026-10-04T12:08:54.916139+00:00,184026699280000,107,ok,10.214,244d3e056b00000000006e,0000000000
2026-10-04T12:08:54.925978+00:00,184026709668666,108,ok,9.667,244d3e066c99ff82fd650117,99ff82fd6501
2026-10-04T12:08:54.935820+00:00,184026719430875,109,ok,9.750,244d3e0a6d0000000000000000000067,00000000000000000000
2026-10-04T12:08:54.945830+00:00,184026729265708,110,ok,9.926,244d3e076e0a00000000000063,0a000000000000
2026-10-04T12:08:54.956411+00:00,184026739246291,120,ok,10.528,244d3efc78e803d007dc05640000ff00000000e803d007dc05640000ff00000000e803d007dc05640000ff00000000e803d007dc05640000ff00000000e803d007dc05640000ff00000000e803d007dc05640000ff00000000e803d007dc05640000ff00000000e803d007dc05640000ff00000000e803d007dc05640000ff00000000e803d007dc05640000ff00000000e803d007dc05640000ff00000000e803d007dc05640000ff00000000e803d007dc05640000ff00000000e803d007dc05640000ff00000000e803d007dc05640000ff00000000e803d007dc05640000ff00000000e803d007dc05640000ff00000000e803d007dc05640000ff0000000084,e803d007dc05640000ff00000000e803d007dc05640000ff00000000e803d007dc05640000ff00000000e803d007dc05640000ff00000000e803d007dc05640000ff00000000e803d007dc05640000ff00000000e803d007dc05640000ff00000000e803d007dc05640000ff00000000e803d007dc05640000ff00000000e803d007dc05640000ff00000000e803d007dc05640000ff00000000e803d007dc05640000ff00000000e803d007dc05640000ff00000000e803d007dc05640000ff00000000e803d007dc05640000ff00000000e803d007dc05640000ff00000000e803d007dc05640000ff00000000e803d007dc05640000ff00000000
2026-10-04T12:08:54.966201+00:00,184026749843000,122,error_or_bad_checksum,9.716,244d21007a7a,
2026-10-04T12:08:54.976387+00:00,184026759675000,151,ok,10.074,244d3e09970001010002020001009f,000101000202000100
2026-10-04T12:08:54.986545+00:00,184026769797500,166,ok,10.111,244d3e15a60000000000003b000000000000000f270f270f2700a0,0000000000003b000000000000000f270f270f2700
2026-10-04T12:08:55.864258+00:00,184027647512708,1,ok,10.102,244d3e030100020505,000205
2026-10-04T12:08:55.875104+00:00,184027657728083,2,ok,10.726,244d3e0402494e415616,494e4156
2026-10-04T12:08:55.884626+00:00,184027668696458,3,ok,9.251,244d3e030309010008,090100
2026-10-04T12:08:55.894659+00:00,184027678096250,4,ok,9.919,244d3e18044d373241000002010f4d414d4241463732325f323032324136,4d373241000002010f4d414d4241463732325f3230323241
2026-10-04T12:08:55.904934+00:00,184027688136000,101,ok,10.155,244d3e0b65fe033700c1800000004000a5,fe033700c1800000004000
2026-10-04T12:08:55.914967+00:00,184027698377375,106,ok,9.950,244d3e126a000000000000000000000000000000000f2750,000000000000000000000000000000000f27
2026-10-04T12:08:55.925243+00:00,184027708505666,107,ok,10.099,244d3e056b00000000006e,0000000000
2026-10-04T12:08:55.935233+00:00,184027718668958,108,ok,9.928,244d3e066cb8ffa3fe600111,b8ffa3fe6001
2026-10-04T12:08:55.945275+00:00,184027728640000,109,ok,10.000,244d3e0a6d0000000000000000000067,00000000000000000000
2026-10-04T12:08:55.955318+00:00,184027738682708,110,ok,9.999,244d3e076e0a00000000000063,0a000000000000
2026-10-04T12:08:55.965722+00:00,184027748751208,120,ok,10.329,244d3efc78e803d007dc05640000ff00000000e803d007dc05640000ff00000000e803d007dc05640000ff00000000e803d007dc05640000ff00000000e803d007dc05640000ff00000000e803d007dc05640000ff00000000e803d007dc05640000ff00000000e803d007dc05640000ff00000000e803d007dc05640000ff00000000e803d007dc05640000ff00000000e803d007dc05640000ff00000000e803d007dc05640000ff00000000e803d007dc05640000ff00000000e803d007dc05640000ff00000000e803d007dc05640000ff00000000e803d007dc05640000ff00000000e803d007dc05640000ff00000000e803d007dc05640000ff0000000084,e803d007dc05640000ff00000000e803d007dc05640000ff00000000e803d007dc05640000ff00000000e803d007dc05640000ff00000000e803d007dc05640000ff00000000e803d007dc05640000ff00000000e803d007dc05640000ff00000000e803d007dc05640000ff00000000e803d007dc05640000ff00000000e803d007dc05640000ff00000000e803d007dc05640000ff00000000e803d007dc05640000ff00000000e803d007dc05640000ff00000000e803d007dc05640000ff00000000e803d007dc05640000ff00000000e803d007dc05640000ff00000000e803d007dc05640000ff00000000e803d007dc05640000ff00000000
2026-10-04T12:08:55.975691+00:00,184027759228125,122,error_or_bad_checksum,9.818,244d21007a7a,
2026-10-04T12:08:55.985690+00:00,184027769159875,151,ok,9.888,244d3e09970001010002020001009f,000101000202000100
2026-10-04T12:08:55.995792+00:00,184027779161583,166,ok,9.992,244d3e15a60000000000003c000000000000000f270f270f2700a7,0000000000003c000000000000000f270f270f2700
2026-10-04T12:08:56.862174+00:00,184028652310708,1,ok,3.222,244d3e030100020505,000205
2026-10-04T12:08:56.872524+00:00,184028655635708,2,ok,10.247,244d3e0402494e415616,494e4156
2026-10-04T12:08:56.882584+00:00,184028666016041,3,ok,9.919,244d3e030309010008,090100
2026-10-04T12:08:56.892685+00:00,184028676122083,4,ok,9.920,244d3e18044d373241000002010f4d414d4241463732325f323032324136,4d373241000002010f4d414d4241463732325f3230323241
2026-10-04T12:08:56.902563+00:00,184028686295708,101,ok,9.626,244d3e0b65fe033700c1800000004000a5,fe033700c1800000004000
2026-10-04T12:08:56.912718+00:00,184028696041500,106,ok,10.032,244d3e126a000000000000000000000000000000000f2750,000000000000000000000000000000000f27
2026-10-04T12:08:56.922645+00:00,184028706233875,107,ok,9.768,244d3e056b00000000006e,0000000000
2026-10-04T12:08:56.932871+00:00,184028716133458,108,ok,10.065,244d3e066c3dff3bfe580134,3dff3bfe5801
2026-10-04T12:08:56.942665+00:00,184028726489791,109,ok,9.531,244d3e0a6d0000000000000000000067,00000000000000000000
2026-10-04T12:08:56.952970+00:00,184028736147416,110,ok,10.181,244d3e076e0a00000000000063,0a000000000000
2026-10-04T12:08:56.963271+00:00,184028746477333,120,ok,10.151,244d3efc78e803d007dc05640000ff00000000e803d007dc05640000ff00000000e803d007dc05640000ff00000000e803d007dc05640000ff00000000e803d007dc05640000ff00000000e803d007dc05640000ff00000000e803d007dc05640000ff00000000e803d007dc05640000ff00000000e803d007dc05640000ff00000000e803d007dc05640000ff00000000e803d007dc05640000ff00000000e803d007dc05640000ff00000000e803d007dc05640000ff00000000e803d007dc05640000ff00000000e803d007dc05640000ff00000000e803d007dc05640000ff00000000e803d007dc05640000ff00000000e803d007dc05640000ff0000000084,e803d007dc05640000ff00000000e803d007dc05640000ff00000000e803d007dc05640000ff00000000e803d007dc05640000ff00000000e803d007dc05640000ff00000000e803d007dc05640000ff00000000e803d007dc05640000ff00000000e803d007dc05640000ff00000000e803d007dc05640000ff00000000e803d007dc05640000ff00000000e803d007dc05640000ff00000000e803d007dc05640000ff00000000e803d007dc05640000ff00000000e803d007dc05640000ff00000000e803d007dc05640000ff00000000e803d007dc05640000ff00000000e803d007dc05640000ff00000000e803d007dc05640000ff00000000
2026-10-04T12:08:56.973532+00:00,184028756759291,122,error_or_bad_checksum,10.130,244d21007a7a,
2026-10-04T12:08:56.983370+00:00,184028767024541,151,ok,9.679,244d3e09970001010002020001009f,000101000202000100
2026-10-04T12:08:56.993747+00:00,184028776883416,166,ok,10.222,244d3e15a60000000000003c000000000000000f270f270f2700a7,0000000000003c000000000000000f270f270f2700
2026-10-04T12:08:57.870417+00:00,184029656992291,1,ok,6.780,244d3e030100020505,000205
2026-10-04T12:08:57.880758+00:00,184029663892333,2,ok,10.224,244d3e0402494e415616,494e4156
2026-10-04T12:08:57.890441+00:00,184029674227791,3,ok,9.575,244d3e030309010008,090100
2026-10-04T12:08:57.900463+00:00,184029683877833,4,ok,9.951,244d3e18044d373241000002010f4d414d4241463732325f323032324136,4d373241000002010f4d414d4241463732325f3230323241
2026-10-04T12:08:57.910453+00:00,184029693876791,101,ok,9.943,244d3e0b65fa033700c1800000004000a1,fa033700c1800000004000
2026-10-04T12:08:57.920546+00:00,184029703857583,106,ok,10.053,244d3e126a000000000000000000000000000000000f2750,000000000000000000000000000000000f27
2026-10-04T12:08:57.930841+00:00,184029713977333,107,ok,10.229,244d3e056b00000000006e,0000000000
2026-10-04T12:08:57.940919+00:00,184029724252541,108,ok,10.027,244d3e066c00ff0afe530133,00ff0afe5301
2026-10-04T12:08:57.950937+00:00,184029734391958,109,ok,9.904,244d3e0a6d0000000000000000000067,00000000000000000000
2026-10-04T12:08:57.961242+00:00,184029744420000,110,ok,10.182,244d3e076e0a00000000000063,0a000000000000
2026-10-04T12:08:57.971586+00:00,184029754707125,120,ok,10.235,244d3efc78e803d007dc05640000ff00000000e803d007dc05640000ff00000000e803d007dc05640000ff00000000e803d007dc05640000ff00000000e803d007dc05640000ff00000000e803d007dc05640000ff00000000e803d007dc05640000ff00000000e803d007dc05640000ff00000000e803d007dc05640000ff00000000e803d007dc05640000ff00000000e803d007dc05640000ff00000000e803d007dc05640000ff00000000e803d007dc05640000ff00000000e803d007dc05640000ff00000000e803d007dc05640000ff00000000e803d007dc05640000ff00000000e803d007dc05640000ff00000000e803d007dc05640000ff0000000084,e803d007dc05640000ff00000000e803d007dc05640000ff00000000e803d007dc05640000ff00000000e803d007dc05640000ff00000000e803d007dc05640000ff00000000e803d007dc05640000ff00000000e803d007dc05640000ff00000000e803d007dc05640000ff00000000e803d007dc05640000ff00000000e803d007dc05640000ff00000000e803d007dc05640000ff00000000e803d007dc05640000ff00000000e803d007dc05640000ff00000000e803d007dc05640000ff00000000e803d007dc05640000ff00000000e803d007dc05640000ff00000000e803d007dc05640000ff00000000e803d007dc05640000ff00000000
2026-10-04T12:08:57.981726+00:00,184029765114416,122,error_or_bad_checksum,9.970,244d21007a7a,
2026-10-04T12:08:57.991704+00:00,184029775213708,151,ok,9.844,244d3e09970001010002020001009f,000101000202000100
2026-10-04T12:08:58.001688+00:00,184029785284250,166,ok,9.757,244d3e15a60000000000003c000000000000000f270f270f2700a7,0000000000003c000000000000000f270f270f2700
2026-10-04T12:08:58.876892+00:00,184030659890875,1,ok,10.361,244d3e030100020505,000205
2026-10-04T12:08:58.886848+00:00,184030670331208,2,ok,9.883,244d3e0402494e415616,494e4156
2026-10-04T12:08:58.897178+00:00,184030680260625,3,ok,10.284,244d3e030309010008,090100
2026-10-04T12:08:58.907267+00:00,184030690578916,4,ok,10.053,244d3e18044d373241000002010f4d414d4241463732325f323032324136,4d373241000002010f4d414d4241463732325f3230323241
2026-10-04T12:08:58.917209+00:00,184030700711041,101,ok,9.867,244d3e0b65f7033700c1800000004000ac,f7033700c1800000004000
2026-10-04T12:08:58.927260+00:00,184030710614666,106,ok,10.011,244d3e126a000000000000000000000000000000000f2750,000000000000000000000000000000000f27
2026-10-04T12:08:58.937348+00:00,184030720711291,107,ok,9.995,244d3e056b00000000006e,0000000000
2026-10-04T12:08:58.947484+00:00,184030730837750,108,ok,10.005,244d3e066c35ffd2fd5801d6,35ffd2fd5801
2026-10-04T12:08:58.957378+00:00,184030740977750,109,ok,9.760,244d3e0a6d0000000000000000000067,00000000000000000000
2026-10-04T12:08:58.967397+00:00,184030750890333,110,ok,9.869,244d3e076e0a00000000000063,0a000000000000
2026-10-04T12:08:58.977893+00:00,184030760871291,120,ok,10.383,244d3efc78e803d007dc05640000ff00000000e803d007dc05640000ff00000000e803d007dc05640000ff00000000e803d007dc05640000ff00000000e803d007dc05640000ff00000000e803d007dc05640000ff00000000e803d007dc05640000ff00000000e803d007dc05640000ff00000000e803d007dc05640000ff00000000e803d007dc05640000ff00000000e803d007dc05640000ff00000000e803d007dc05640000ff00000000e803d007dc05640000ff00000000e803d007dc05640000ff00000000e803d007dc05640000ff00000000e803d007dc05640000ff00000000e803d007dc05640000ff00000000e803d007dc05640000ff0000000084,e803d007dc05640000ff00000000e803d007dc05640000ff00000000e803d007dc05640000ff00000000e803d007dc05640000ff00000000e803d007dc05640000ff00000000e803d007dc05640000ff00000000e803d007dc05640000ff00000000e803d007dc05640000ff00000000e803d007dc05640000ff00000000e803d007dc05640000ff00000000e803d007dc05640000ff00000000e803d007dc05640000ff00000000e803d007dc05640000ff00000000e803d007dc05640000ff00000000e803d007dc05640000ff00000000e803d007dc05640000ff00000000e803d007dc05640000ff00000000e803d007dc05640000ff00000000
2026-10-04T12:08:58.987729+00:00,184030771385708,122,error_or_bad_checksum,9.703,244d21007a7a,
2026-10-04T12:08:58.997800+00:00,184030781216416,151,ok,9.943,244d3e09970001010002020001009f,000101000202000100
2026-10-04T12:08:59.008107+00:00,184030791282333,166,ok,10.183,244d3e15a60000000000003d000000000000000f270f270f2700a6,0000000000003d000000000000000f270f270f2700
2026-10-04T12:08:59.876357+00:00,184031660195583,1,ok,9.522,244d3e030100020505,000205
2026-10-04T12:08:59.886355+00:00,184031669841208,2,ok,9.875,244d3e0402494e415616,494e4156
2026-10-04T12:08:59.896417+00:00,184031679831916,3,ok,9.938,244d3e030309010008,090100
2026-10-04T12:08:59.906912+00:00,184031689946208,4,ok,10.323,244d3e18044d373241000002010f4d414d4241463732325f323032324136,4d373241000002010f4d414d4241463732325f3230323241
2026-10-04T12:08:59.916813+00:00,184031700507083,101,ok,9.662,244d3e0b65f9033700c1800000004000a2,f9033700c1800000004000
2026-10-04T12:08:59.926830+00:00,184031710352875,106,ok,9.834,244d3e126a000000000000000000000000000000000f2750,000000000000000000000000000000000f27
2026-10-04T12:08:59.937115+00:00,184031720352958,107,ok,10.122,244d3e056b00000000006e,0000000000
2026-10-04T12:08:59.947218+00:00,184031730608375,108,ok,9.967,244d3e066ca6ffc9fd670161,a6ffc9fd6701
2026-10-04T12:08:59.957309+00:00,184031740707375,109,ok,9.963,244d3e0a6d0000000000000000000067,00000000000000000000
2026-10-04T12:08:59.967535+00:00,184031750790625,110,ok,10.053,244d3e076e0a00000000000063,0a000000000000
2026-10-04T12:08:59.977729+00:00,184031761205416,120,ok,9.884,244d3efc78e803d007dc05640000ff00000000e803d007dc05640000ff00000000e803d007dc05640000ff00000000e803d007dc05640000ff00000000e803d007dc05640000ff00000000e803d007dc05640000ff00000000e803d007dc05640000ff00000000e803d007dc05640000ff00000000e803d007dc05640000ff00000000e803d007dc05640000ff00000000e803d007dc05640000ff00000000e803d007dc05640000ff00000000e803d007dc05640000ff00000000e803d007dc05640000ff00000000e803d007dc05640000ff00000000e803d007dc05640000ff00000000e803d007dc05640000ff00000000e803d007dc05640000ff0000000084,e803d007dc05640000ff00000000e803d007dc05640000ff00000000e803d007dc05640000ff00000000e803d007dc05640000ff00000000e803d007dc05640000ff00000000e803d007dc05640000ff00000000e803d007dc05640000ff00000000e803d007dc05640000ff00000000e803d007dc05640000ff00000000e803d007dc05640000ff00000000e803d007dc05640000ff00000000e803d007dc05640000ff00000000e803d007dc05640000ff00000000e803d007dc05640000ff00000000e803d007dc05640000ff00000000e803d007dc05640000ff00000000e803d007dc05640000ff00000000e803d007dc05640000ff00000000
2026-10-04T12:08:59.987456+00:00,184031771218291,122,error_or_bad_checksum,9.603,244d21007a7a,
2026-10-04T12:08:59.997789+00:00,184031780882375,151,ok,10.275,244d3e09970001010002020001009f,000101000202000100
2026-10-04T12:09:00.007851+00:00,184031791202041,166,ok,10.014,244d3e15a60000000000003d000000000000000f270f270f2700a6,0000000000003d000000000000000f270f270f2700
2026-10-04T12:09:00.873923+00:00,184032661984125,1,ok,5.304,244d3e030100020505,000205
2026-10-04T12:09:00.883933+00:00,184032667357916,2,ok,9.943,244d3e0402494e415616,494e4156
2026-10-04T12:09:00.894259+00:00,184032677346375,3,ok,10.284,244d3e030309010008,090100
2026-10-04T12:09:00.904329+00:00,184032687667333,4,ok,10.029,244d3e18044d373241000002010f4d414d4241463732325f323032324136,4d373241000002010f4d414d4241463732325f3230323241
2026-10-04T12:09:00.914322+00:00,184032697745208,101,ok,9.948,244d3e0b65fe033700c1800000004000a5,fe033700c1800000004000
2026-10-04T12:09:00.924377+00:00,184032707726375,106,ok,10.021,244d3e126a000000000000000000000000000000000f2750,000000000000000000000000000000000f27
2026-10-04T12:09:00.934358+00:00,184032717788083,107,ok,9.940,244d3e056b00000000006e,0000000000
2026-10-04T12:09:00.944371+00:00,184032727762416,108,ok,9.979,244d3e066ca7ffcdfd670164,a7ffcdfd6701
2026-10-04T12:09:00.954523+00:00,184032737769791,109,ok,10.117,244d3e0a6d0000000000000000000067,00000000000000000000
2026-10-04T12:09:00.964828+00:00,184032748001375,110,ok,10.188,244d3e076e0a00000000000063,0a000000000000
2026-10-04T12:09:00.975052+00:00,184032758326791,120,ok,10.086,244d3efc78e803d007dc05640000ff00000000e803d007dc05640000ff00000000e803d007dc05640000ff00000000e803d007dc05640000ff00000000e803d007dc05640000ff00000000e803d007dc05640000ff00000000e803d007dc05640000ff00000000e803d007dc05640000ff00000000e803d007dc05640000ff00000000e803d007dc05640000ff00000000e803d007dc05640000ff00000000e803d007dc05640000ff00000000e803d007dc05640000ff00000000e803d007dc05640000ff00000000e803d007dc05640000ff00000000e803d007dc05640000ff00000000e803d007dc05640000ff00000000e803d007dc05640000ff0000000084,e803d007dc05640000ff00000000e803d007dc05640000ff00000000e803d007dc05640000ff00000000e803d007dc05640000ff00000000e803d007dc05640000ff00000000e803d007dc05640000ff00000000e803d007dc05640000ff00000000e803d007dc05640000ff00000000e803d007dc05640000ff00000000e803d007dc05640000ff00000000e803d007dc05640000ff00000000e803d007dc05640000ff00000000e803d007dc05640000ff00000000e803d007dc05640000ff00000000e803d007dc05640000ff00000000e803d007dc05640000ff00000000e803d007dc05640000ff00000000e803d007dc05640000ff00000000
2026-10-04T12:09:00.984828+00:00,184032768574250,122,error_or_bad_checksum,9.615,244d21007a7a,
2026-10-04T12:09:00.995264+00:00,184032778320500,151,ok,10.304,244d3e09970001010002020001009f,000101000202000100
2026-10-04T12:09:01.005271+00:00,184032788759000,166,ok,9.874,244d3e15a60000000000003e000000000000000f270f270f2700a5,0000000000003e000000000000000f270f270f2700
2026-10-04T12:09:01.880721+00:00,184033665094666,1,ok,8.987,244d3e030100020505,000205
2026-10-04T12:09:01.890691+00:00,184033674124541,2,ok,9.934,244d3e0402494e415616,494e4156
2026-10-04T12:09:01.900742+00:00,184033684173250,3,ok,9.937,244d3e030309010008,090100
2026-10-04T12:09:01.911059+00:00,184033694153041,4,ok,10.274,244d3e18044d373241000002010f4d414d4241463732325f323032324136,4d373241000002010f4d414d4241463732325f3230323241
2026-10-04T12:09:01.921373+00:00,184033704469083,101,ok,10.274,244d3e0b65f5033700c1800000004000ae,f5033700c1800000004000
2026-10-04T12:09:01.931493+00:00,184033714777750,106,ok,10.085,244d3e126a000000000000000000000000000000000f2750,000000000000000000000000000000000f27
2026-10-04T12:09:01.941466+00:00,184033724908083,107,ok,9.926,244d3e056b00000000006e,0000000000
2026-10-04T12:09:01.951693+00:00,184033734899916,108,ok,10.163,244d3e066ca6ffd0fd670178,a6ffd0fd6701
2026-10-04T12:09:01.961719+00:00,184033745098625,109,ok,9.990,244d3e0a6d0000000000000000000067,00000000000000000000
2026-10-04T12:09:01.972253+00:00,184033755126250,110,ok,10.496,244d3e076e0a00000000000063,0a000000000000
2026-10-04T12:09:01.982397+00:00,184033765670083,120,ok,10.098,244d3efc78e803d007dc05640000ff00000000e803d007dc05640000ff00000000e803d007dc05640000ff00000000e803d007dc05640000ff00000000e803d007dc05640000ff00000000e803d007dc05640000ff00000000e803d007dc05640000ff00000000e803d007dc05640000ff00000000e803d007dc05640000ff00000000e803d007dc05640000ff00000000e803d007dc05640000ff00000000e803d007dc05640000ff00000000e803d007dc05640000ff00000000e803d007dc05640000ff00000000e803d007dc05640000ff00000000e803d007dc05640000ff00000000e803d007dc05640000ff00000000e803d007dc05640000ff0000000084,e803d007dc05640000ff00000000e803d007dc05640000ff00000000e803d007dc05640000ff00000000e803d007dc05640000ff00000000e803d007dc05640000ff00000000e803d007dc05640000ff00000000e803d007dc05640000ff00000000e803d007dc05640000ff00000000e803d007dc05640000ff00000000e803d007dc05640000ff00000000e803d007dc05640000ff00000000e803d007dc05640000ff00000000e803d007dc05640000ff00000000e803d007dc05640000ff00000000e803d007dc05640000ff00000000e803d007dc05640000ff00000000e803d007dc05640000ff00000000e803d007dc05640000ff00000000
2026-10-04T12:09:01.992472+00:00,184033775812250,122,error_or_bad_checksum,10.025,244d21007a7a,
2026-10-04T12:09:02.002429+00:00,184033785885583,151,ok,9.913,244d3e09970001010002020001009f,000101000202000100
2026-10-04T12:09:02.012484+00:00,184033795836166,166,ok,10.019,244d3e15a60000000000003e000000000000000f270f270f2700a5,0000000000003e000000000000000f270f270f2700
2026-10-04T12:09:02.879295+00:00,184034668097625,1,ok,4.561,244d3e030100020505,000205
2026-10-04T12:09:02.889640+00:00,184034672763375,2,ok,10.240,244d3e0402494e415616,494e4156
2026-10-04T12:09:02.899639+00:00,184034683122416,3,ok,9.881,244d3e030309010008,090100
2026-10-04T12:09:02.909984+00:00,184034693129958,4,ok,10.218,244d3e18044d373241000002010f4d414d4241463732325f323032324136,4d373241000002010f4d414d4241463732325f3230323241
2026-10-04T12:09:02.919998+00:00,184034703484083,101,ok,9.877,244d3e0b6500043700c18000000040005c,00043700c1800000004000
2026-10-04T12:09:02.930359+00:00,184034713486708,106,ok,10.237,244d3e126a000000000000000000000000000000000f2750,000000000000000000000000000000000f27
2026-10-04T12:09:02.940365+00:00,184034723855416,107,ok,9.871,244d3e056b00000000006e,0000000000
2026-10-04T12:09:02.950480+00:00,184034733869041,108,ok,9.973,244d3e066ca6ffd3fd67017b,a6ffd3fd6701
2026-10-04T12:09:02.960432+00:00,184034743973541,109,ok,9.821,244d3e0a6d0000000000000000000067,00000000000000000000
2026-10-04T12:09:02.970431+00:00,184034753908083,110,ok,9.884,244d3e076e0a00000000000063,0a000000000000
2026-10-04T12:09:02.980677+00:00,184034763932166,120,ok,10.108,244d3efc78e803d007dc05640000ff00000000e803d007dc05640000ff00000000e803d007dc05640000ff00000000e803d007dc05640000ff00000000e803d007dc05640000ff00000000e803d007dc05640000ff00000000e803d007dc05640000ff00000000e803d007dc05640000ff00000000e803d007dc05640000ff00000000e803d007dc05640000ff00000000e803d007dc05640000ff00000000e803d007dc05640000ff00000000e803d007dc05640000ff00000000e803d007dc05640000ff00000000e803d007dc05640000ff00000000e803d007dc05640000ff00000000e803d007dc05640000ff00000000e803d007dc05640000ff0000000084,e803d007dc05640000ff00000000e803d007dc05640000ff00000000e803d007dc05640000ff00000000e803d007dc05640000ff00000000e803d007dc05640000ff00000000e803d007dc05640000ff00000000e803d007dc05640000ff00000000e803d007dc05640000ff00000000e803d007dc05640000ff00000000e803d007dc05640000ff00000000e803d007dc05640000ff00000000e803d007dc05640000ff00000000e803d007dc05640000ff00000000e803d007dc05640000ff00000000e803d007dc05640000ff00000000e803d007dc05640000ff00000000e803d007dc05640000ff00000000e803d007dc05640000ff00000000
2026-10-04T12:09:02.990322+00:00,184034774208875,122,error_or_bad_checksum,9.471,244d21007a7a,
2026-10-04T12:09:03.000667+00:00,184034783828916,151,ok,10.201,244d3e09970001010002020001009f,000101000202000100
2026-10-04T12:09:03.010502+00:00,184034794196750,166,ok,9.669,244d3e15a60000000000003f000000000000000f270f270f2700a4,0000000000003f000000000000000f270f270f2700
2026-10-04T12:09:03.888836+00:00,184035673162291,1,ok,9.032,244d3e030100020505,000205
2026-10-04T12:09:03.898882+00:00,184035682351083,2,ok,9.891,244d3e0402494e415616,494e4156
2026-10-04T12:09:03.908805+00:00,184035692428458,3,ok,9.742,244d3e030309010008,090100
2026-10-04T12:09:03.918704+00:00,184035702287958,4,ok,9.776,244d3e18044d373241000002010f4d414d4241463732325f323032324136,4d373241000002010f4d414d4241463732325f3230323241
2026-10-04T12:09:03.928985+00:00,184035712192666,101,ok,10.156,244d3e0b65fa033700c1800000004000a1,fa033700c1800000004000
2026-10-04T12:09:03.938631+00:00,184035722496166,106,ok,9.497,244d3e126a000000000000000000000000000000000f2750,000000000000000000000000000000000f27
2026-10-04T12:09:03.948902+00:00,184035732121708,107,ok,10.145,244d3e056b00000000006e,0000000000
2026-10-04T12:09:03.958919+00:00,184035742402041,108,ok,9.881,244d3e066ca6ffd5fd67017d,a6ffd5fd6701
2026-10-04T12:09:03.969249+00:00,184035752409416,109,ok,10.204,244d3e0a6d0000000000000000000067,00000000000000000000
2026-10-04T12:09:03.979342+00:00,184035762735125,110,ok,9.967,244d3e076e0a00000000000063,0a000000000000
2026-10-04T12:09:03.989890+00:00,184035772859083,120,ok,10.394,244d3efc78e803d007dc05640000ff00000000e803d007dc05640000ff00000000e803d007dc05640000ff00000000e803d007dc05640000ff00000000e803d007dc05640000ff00000000e803d007dc05640000ff00000000e803d007dc05640000ff00000000e803d007dc05640000ff00000000e803d007dc05640000ff00000000e803d007dc05640000ff00000000e803d007dc05640000ff00000000e803d007dc05640000ff00000000e803d007dc05640000ff00000000e803d007dc05640000ff00000000e803d007dc05640000ff00000000e803d007dc05640000ff00000000e803d007dc05640000ff00000000e803d007dc05640000ff0000000084,e803d007dc05640000ff00000000e803d007dc05640000ff00000000e803d007dc05640000ff00000000e803d007dc05640000ff00000000e803d007dc05640000ff00000000e803d007dc05640000ff00000000e803d007dc05640000ff00000000e803d007dc05640000ff00000000e803d007dc05640000ff00000000e803d007dc05640000ff00000000e803d007dc05640000ff00000000e803d007dc05640000ff00000000e803d007dc05640000ff00000000e803d007dc05640000ff00000000e803d007dc05640000ff00000000e803d007dc05640000ff00000000e803d007dc05640000ff00000000e803d007dc05640000ff00000000
2026-10-04T12:09:03.999791+00:00,184035783449666,122,error_or_bad_checksum,9.639,244d21007a7a,
2026-10-04T12:09:04.009645+00:00,184035793542208,151,ok,9.468,244d3e09970001010002020001009f,000101000202000100
2026-10-04T12:09:04.019998+00:00,184035803127333,166,ok,10.238,244d3e15a60000000000003f000000000000000f270f270f2700a4,0000000000003f000000000000000f270f270f2700
2026-10-04T12:09:04.886709+00:00,184036675099791,1,ok,4.975,244d3e030100020505,000205
2026-10-04T12:09:04.896884+00:00,184036680203125,2,ok,10.043,244d3e0402494e415616,494e4156
2026-10-04T12:09:04.906801+00:00,184036690412750,3,ok,9.751,244d3e030309010008,090100
2026-10-04T12:09:04.916899+00:00,184036700320041,4,ok,9.938,244d3e18044d373241000002010f4d414d4241463732325f323032324136,4d373241000002010f4d414d4241463732325f3230323241
2026-10-04T12:09:04.926810+00:00,184036710469750,101,ok,9.707,244d3e0b65ff033700c1800000004000a4,ff033700c1800000004000
2026-10-04T12:09:04.936862+00:00,184036720295041,106,ok,9.930,244d3e126a000000000000000000000000000000000f2750,000000000000000000000000000000000f27
2026-10-04T12:09:04.946854+00:00,184036730370166,107,ok,9.850,244d3e056b00000000006e,0000000000
2026-10-04T12:09:04.957288+00:00,184036740342916,108,ok,10.307,244d3e066ca6ffdcfd000012,a6ffdcfd0000
2026-10-04T12:09:04.967290+00:00,184036750824916,109,ok,9.830,244d3e0a6d0000000000000000000067,00000000000000000000
2026-10-04T12:09:04.977506+00:00,184036760767750,110,ok,10.104,244d3e076e0a00000000000063,0a000000000000
2026-10-04T12:09:04.987753+00:00,184036770954750,120,ok,10.167,244d3efc78e803d007dc05640000ff00000000e803d007dc05640000ff00000000e803d007dc05640000ff00000000e803d007dc05640000ff00000000e803d007dc05640000ff00000000e803d007dc05640000ff00000000e803d007dc05640000ff00000000e803d007dc05640000ff00000000e803d007dc05640000ff00000000e803d007dc05640000ff00000000e803d007dc05640000ff00000000e803d007dc05640000ff00000000e803d007dc05640000ff00000000e803d007dc05640000ff00000000e803d007dc05640000ff00000000e803d007dc05640000ff00000000e803d007dc05640000ff00000000e803d007dc05640000ff0000000084,e803d007dc05640000ff00000000e803d007dc05640000ff00000000e803d007dc05640000ff00000000e803d007dc05640000ff00000000e803d007dc05640000ff00000000e803d007dc05640000ff00000000e803d007dc05640000ff00000000e803d007dc05640000ff00000000e803d007dc05640000ff00000000e803d007dc05640000ff00000000e803d007dc05640000ff00000000e803d007dc05640000ff00000000e803d007dc05640000ff00000000e803d007dc05640000ff00000000e803d007dc05640000ff00000000e803d007dc05640000ff00000000e803d007dc05640000ff00000000e803d007dc05640000ff00000000
2026-10-04T12:09:04.997828+00:00,184036781220166,122,error_or_bad_checksum,9.977,244d21007a7a,
2026-10-04T12:09:05.007908+00:00,184036791260375,151,ok,10.016,244d3e09970001010002020001009f,000101000202000100
2026-10-04T12:09:05.017909+00:00,184036801351708,166,ok,9.928,244d3e15a60000000000003f000000000000000f270f270f2700a4,0000000000003f000000000000000f270f270f2700
2026-10-04T12:09:05.895274+00:00,184037680084416,1,ok,8.556,244d3e030100020505,000205
2026-10-04T12:09:05.905328+00:00,184037688760625,2,ok,9.933,244d3e0402494e415616,494e4156
2026-10-04T12:09:05.915362+00:00,184037698816125,3,ok,9.905,244d3e030309010008,090100
2026-10-04T12:09:05.925459+00:00,184037708911250,4,ok,9.909,244d3e18044d373241000002010f4d414d4241463732325f323032324136,4d373241000002010f4d414d4241463732325f3230323241
2026-10-04T12:09:05.935352+00:00,184037718991375,101,ok,9.728,244d3e0b65fc033700c1800000004000a7,fc033700c1800000004000
2026-10-04T12:09:05.945470+00:00,184037728844375,106,ok,9.991,244d3e126a000000000000000000000000000000000f2750,000000000000000000000000000000000f27
2026-10-04T12:09:05.955491+00:00,184037738981916,107,ok,9.870,244d3e056b00000000006e,0000000000
2026-10-04T12:09:05.965455+00:00,184037749026958,108,ok,9.795,244d3e066c9cffe1fd670173,9cffe1fd6701
2026-10-04T12:09:05.975773+00:00,184037758978000,109,ok,10.161,244d3e0a6d0000000000000000000067,00000000000000000000
2026-10-04T12:09:05.985885+00:00,184037769259041,110,ok,9.979,244d3e076e0a00000000000063,0a000000000000
2026-10-04T12:09:05.996439+00:00,184037779412750,120,ok,10.390,244d3efc78e803d007dc05640000ff00000000e803d007dc05640000ff00000000e803d007dc05640000ff00000000e803d007dc05640000ff00000000e803d007dc05640000ff00000000e803d007dc05640000ff00000000e803d007dc05640000ff00000000e803d007dc05640000ff00000000e803d007dc05640000ff00000000e803d007dc05640000ff00000000e803d007dc05640000ff00000000e803d007dc05640000ff00000000e803d007dc05640000ff00000000e803d007dc05640000ff00000000e803d007dc05640000ff00000000e803d007dc05640000ff00000000e803d007dc05640000ff00000000e803d007dc05640000ff0000000084,e803d007dc05640000ff00000000e803d007dc05640000ff00000000e803d007dc05640000ff00000000e803d007dc05640000ff00000000e803d007dc05640000ff00000000e803d007dc05640000ff00000000e803d007dc05640000ff00000000e803d007dc05640000ff00000000e803d007dc05640000ff00000000e803d007dc05640000ff00000000e803d007dc05640000ff00000000e803d007dc05640000ff00000000e803d007dc05640000ff00000000e803d007dc05640000ff00000000e803d007dc05640000ff00000000e803d007dc05640000ff00000000e803d007dc05640000ff00000000e803d007dc05640000ff00000000
2026-10-04T12:09:06.006312+00:00,184037789989416,122,error_or_bad_checksum,9.682,244d21007a7a,
2026-10-04T12:09:06.016220+00:00,184037799836583,151,ok,9.749,244d3e09970001010002020001009f,000101000202000100
2026-10-04T12:09:06.026435+00:00,184037809719375,166,ok,10.085,244d3e15a600000000000040000000000000000f270f270f2700db,00000000000040000000000000000f270f270f2700
2026-10-04T12:09:06.892561+00:00,184038684381500,1,ok,1.547,244d3e030100020505,000205
2026-10-04T12:09:06.902664+00:00,184038686021041,2,ok,10.011,244d3e0402494e415616,494e4156
2026-10-04T12:09:06.912943+00:00,184038696153166,3,ok,10.158,244d3e030309010008,090100
2026-10-04T12:09:06.923024+00:00,184038706427916,4,ok,9.963,244d3e18044d373241000002010f4d414d4241463732325f323032324136,4d373241000002010f4d414d4241463732325f3230323241
2026-10-04T12:09:06.934089+00:00,184038716535375,101,ok,10.920,244d3e0b65fd033700c1800000004000a6,fd033700c1800000004000
2026-10-04T12:09:06.943503+00:00,184038727639416,106,ok,9.232,244d3e126a000000000000000000000000000000000f2750,000000000000000000000000000000000f27
2026-10-04T12:09:06.953401+00:00,184038736990000,107,ok,9.779,244d3e056b00000000006e,0000000000
2026-10-04T12:09:06.963383+00:00,184038746907916,108,ok,9.844,244d3e066c9affe5fd000017,9affe5fd0000
2026-10-04T12:09:06.973455+00:00,184038756871708,109,ok,9.950,244d3e0a6d0000000000000000000067,00000000000000000000
2026-10-04T12:09:06.983426+00:00,184038766954333,110,ok,9.839,244d3e076e0a00000000000063,0a000000000000
2026-10-04T12:09:06.993669+00:00,184038776916625,120,ok,10.120,244d3efc78e803d007dc05640000ff00000000e803d007dc05640000ff00000000e803d007dc05640000ff00000000e803d007dc05640000ff00000000e803d007dc05640000ff00000000e803d007dc05640000ff00000000e803d007dc05640000ff00000000e803d007dc05640000ff00000000e803d007dc05640000ff00000000e803d007dc05640000ff00000000e803d007dc05640000ff00000000e803d007dc05640000ff00000000e803d007dc05640000ff00000000e803d007dc05640000ff00000000e803d007dc05640000ff00000000e803d007dc05640000ff00000000e803d007dc05640000ff00000000e803d007dc05640000ff0000000084,e803d007dc05640000ff00000000e803d007dc05640000ff00000000e803d007dc05640000ff00000000e803d007dc05640000ff00000000e803d007dc05640000ff00000000e803d007dc05640000ff00000000e803d007dc05640000ff00000000e803d007dc05640000ff00000000e803d007dc05640000ff00000000e803d007dc05640000ff00000000e803d007dc05640000ff00000000e803d007dc05640000ff00000000e803d007dc05640000ff00000000e803d007dc05640000ff00000000e803d007dc05640000ff00000000e803d007dc05640000ff00000000e803d007dc05640000ff00000000e803d007dc05640000ff00000000
2026-10-04T12:09:07.003567+00:00,184038787178041,122,error_or_bad_checksum,9.753,244d21007a7a,
2026-10-04T12:09:07.013491+00:00,184038797049208,151,ok,9.811,244d3e09970001010002020001009f,000101000202000100
2026-10-04T12:09:07.023528+00:00,184038806948041,166,ok,9.950,244d3e15a600000000000040000000000000000f270f270f2700db,00000000000040000000000000000f270f270f2700
2026-10-04T12:09:07.898710+00:00,184039689455750,1,ok,2.623,244d3e030100020505,000205
2026-10-04T12:09:07.909174+00:00,184039692187875,2,ok,10.354,244d3e0402494e415616,494e4156
2026-10-04T12:09:07.919091+00:00,184039702659958,3,ok,9.800,244d3e030309010008,090100
2026-10-04T12:09:07.929326+00:00,184039712591375,4,ok,10.102,244d3e18044d373241000002010f4d414d4241463732325f323032324136,4d373241000002010f4d414d4241463732325f3230323241
2026-10-04T12:09:07.939561+00:00,184039722835791,101,ok,10.088,244d3e0b65fe033700c1800000004000a5,fe033700c1800000004000
2026-10-04T12:09:07.949493+00:00,184039733087250,106,ok,9.774,244d3e126a000000000000000000000000000000000f2750,000000000000000000000000000000000f27
2026-10-04T12:09:07.960567+00:00,184039742997625,107,ok,10.937,244d3e056b00000000006e,0000000000
2026-10-04T12:09:07.969884+00:00,184039754062375,108,ok,9.186,244d3e066c95ffdffd000022,95ffdffd0000
2026-10-04T12:09:07.979908+00:00,184039763391666,109,ok,9.886,244d3e0a6d0000000000000000000067,00000000000000000000
2026-10-04T12:09:07.989991+00:00,184039773386375,110,ok,9.974,244d3e076e0a00000000000063,0a000000000000
2026-10-04T12:09:08.000147+00:00,184039783480041,120,ok,10.034,244d3efc78e803d007dc05640000ff00000000e803d007dc05640000ff00000000e803d007dc05640000ff00000000e803d007dc05640000ff00000000e803d007dc05640000ff00000000e803d007dc05640000ff00000000e803d007dc05640000ff00000000e803d007dc05640000ff00000000e803d007dc05640000ff00000000e803d007dc05640000ff00000000e803d007dc05640000ff00000000e803d007dc05640000ff00000000e803d007dc05640000ff00000000e803d007dc05640000ff00000000e803d007dc05640000ff00000000e803d007dc05640000ff00000000e803d007dc05640000ff00000000e803d007dc05640000ff0000000084,e803d007dc05640000ff00000000e803d007dc05640000ff00000000e803d007dc05640000ff00000000e803d007dc05640000ff00000000e803d007dc05640000ff00000000e803d007dc05640000ff00000000e803d007dc05640000ff00000000e803d007dc05640000ff00000000e803d007dc05640000ff00000000e803d007dc05640000ff00000000e803d007dc05640000ff00000000e803d007dc05640000ff00000000e803d007dc05640000ff00000000e803d007dc05640000ff00000000e803d007dc05640000ff00000000e803d007dc05640000ff00000000e803d007dc05640000ff00000000e803d007dc05640000ff00000000
2026-10-04T12:09:08.009968+00:00,184039793657500,122,error_or_bad_checksum,9.677,244d21007a7a,
2026-10-04T12:09:08.019952+00:00,184039803453375,151,ok,9.869,244d3e09970001010002020001009f,000101000202000100
2026-10-04T12:09:08.029991+00:00,184039813430000,166,ok,9.929,244d3e15a600000000000041000000000000000f270f270f2700da,00000000000041000000000000000f270f270f2700
2026-10-04T12:09:08.907957+00:00,184040691855750,1,ok,9.468,244d3e030100020505,000205
2026-10-04T12:09:08.917968+00:00,184040701463083,2,ok,9.873,244d3e0402494e415616,494e4156
2026-10-04T12:09:08.928032+00:00,184040711602250,3,ok,9.795,244d3e030309010008,090100
2026-10-04T12:09:08.937998+00:00,184040721548125,4,ok,9.820,244d3e18044d373241000002010f4d414d4241463732325f323032324136,4d373241000002010f4d414d4241463732325f3230323241
2026-10-04T12:09:08.948012+00:00,184040731490250,101,ok,9.892,244d3e0b65f1033700c1800000004000aa,f1033700c1800000004000
2026-10-04T12:09:08.958113+00:00,184040741504416,106,ok,9.974,244d3e126a000000000000000000000000000000000f2750,000000000000000000000000000000000f27
2026-10-04T12:09:08.968107+00:00,184040751641833,107,ok,9.826,244d3e056b00000000006e,0000000000
2026-10-04T12:09:08.978377+00:00,184040761640291,108,ok,10.107,244d3e066c9bffdafd010028,9bffdafd0100
2026-10-04T12:09:08.988532+00:00,184040771868958,109,ok,10.028,244d3e0a6d0000000000000000000067,00000000000000000000
2026-10-04T12:09:08.998748+00:00,184040782042000,110,ok,10.075,244d3e076e0a00000000000063,0a000000000000
2026-10-04T12:09:09.009178+00:00,184040792247750,120,ok,10.298,244d3efc78e803d007dc05640000ff00000000e803d007dc05640000ff00000000e803d007dc05640000ff00000000e803d007dc05640000ff00000000e803d007dc05640000ff00000000e803d007dc05640000ff00000000e803d007dc05640000ff00000000e803d007dc05640000ff00000000e803d007dc05640000ff00000000e803d007dc05640000ff00000000e803d007dc05640000ff00000000e803d007dc05640000ff00000000e803d007dc05640000ff00000000e803d007dc05640000ff00000000e803d007dc05640000ff00000000e803d007dc05640000ff00000000e803d007dc05640000ff00000000e803d007dc05640000ff0000000084,e803d007dc05640000ff00000000e803d007dc05640000ff00000000e803d007dc05640000ff00000000e803d007dc05640000ff00000000e803d007dc05640000ff00000000e803d007dc05640000ff00000000e803d007dc05640000ff00000000e803d007dc05640000ff00000000e803d007dc05640000ff00000000e803d007dc05640000ff00000000e803d007dc05640000ff00000000e803d007dc05640000ff00000000e803d007dc05640000ff00000000e803d007dc05640000ff00000000e803d007dc05640000ff00000000e803d007dc05640000ff00000000e803d007dc05640000ff00000000e803d007dc05640000ff00000000
2026-10-04T12:09:09.019102+00:00,184040802705125,122,error_or_bad_checksum,9.766,244d21007a7a,
2026-10-04T12:09:09.029107+00:00,184040812591416,151,ok,9.885,244d3e09970001010002020001009f,000101000202000100
2026-10-04T12:09:09.039215+00:00,184040822606625,166,ok,9.979,244d3e15a600000000000041000000000000000f270f270f2700da,00000000000041000000000000000f270f270f2700
2026-10-04T12:09:09.907680+00:00,184041696736208,1,ok,4.312,244d3e030100020505,000205
2026-10-04T12:09:09.917784+00:00,184041701169500,2,ok,9.984,244d3e0402494e415616,494e4156
2026-10-04T12:09:09.927750+00:00,184041711279541,3,ok,9.840,244d3e030309010008,090100
2026-10-04T12:09:09.937820+00:00,184041721239625,4,ok,9.949,244d3e18044d373241000002010f4d414d4241463732325f323032324136,4d373241000002010f4d414d4241463732325f3230323241
2026-10-04T12:09:09.947882+00:00,184041731350958,101,ok,9.896,244d3e0b65fc033700c1800000004000a7,fc033700c1800000004000
2026-10-04T12:09:09.957869+00:00,184041741445000,106,ok,9.792,244d3e126a000000000000000000000000000000000f2750,000000000000000000000000000000000f27
2026-10-04T12:09:09.967863+00:00,184041751389791,107,ok,9.839,244d3e056b00000000006e,0000000000
2026-10-04T12:09:09.977851+00:00,184041761386666,108,ok,9.833,244d3e066c9affdffd01002c,9affdffd0100
2026-10-04T12:09:09.988253+00:00,184041771343416,109,ok,10.279,244d3e0a6d0000000000000000000067,00000000000000000000
2026-10-04T12:09:09.998328+00:00,184041781754166,110,ok,9.941,244d3e076e0a00000000000063,0a000000000000
2026-10-04T12:09:10.008812+00:00,184041791849125,120,ok,10.332,244d3efc78e803d007dc05640000ff00000000e803d007dc05640000ff00000000e803d007dc05640000ff00000000e803d007dc05640000ff00000000e803d007dc05640000ff00000000e803d007dc05640000ff00000000e803d007dc05640000ff00000000e803d007dc05640000ff00000000e803d007dc05640000ff00000000e803d007dc05640000ff00000000e803d007dc05640000ff00000000e803d007dc05640000ff00000000e803d007dc05640000ff00000000e803d007dc05640000ff00000000e803d007dc05640000ff00000000e803d007dc05640000ff00000000e803d007dc05640000ff00000000e803d007dc05640000ff0000000084,e803d007dc05640000ff00000000e803d007dc05640000ff00000000e803d007dc05640000ff00000000e803d007dc05640000ff00000000e803d007dc05640000ff00000000e803d007dc05640000ff00000000e803d007dc05640000ff00000000e803d007dc05640000ff00000000e803d007dc05640000ff00000000e803d007dc05640000ff00000000e803d007dc05640000ff00000000e803d007dc05640000ff00000000e803d007dc05640000ff00000000e803d007dc05640000ff00000000e803d007dc05640000ff00000000e803d007dc05640000ff00000000e803d007dc05640000ff00000000e803d007dc05640000ff00000000
2026-10-04T12:09:10.018549+00:00,184041802336125,122,error_or_bad_checksum,9.582,244d21007a7a,
2026-10-04T12:09:10.028642+00:00,184041812087500,151,ok,9.923,244d3e09970001010002020001009f,000101000202000100
2026-10-04T12:09:10.038737+00:00,184041822160208,166,ok,9.940,244d3e15a600000000000041000000000000000f270f270f2700da,00000000000041000000000000000f270f270f2700
2026-10-04T12:09:10.916676+00:00,184042700067916,1,ok,9.972,244d3e030100020505,000205
2026-10-04T12:09:10.926442+00:00,184042710215875,2,ok,9.601,244d3e0402494e415616,494e4156
2026-10-04T12:09:10.936484+00:00,184042719917541,3,ok,9.938,244d3e030309010008,090100
2026-10-04T12:09:10.946688+00:00,184042729990125,4,ok,10.070,244d3e18044d373241000002010f4d414d4241463732325f323032324136,4d373241000002010f4d414d4241463732325f3230323241
2026-10-04T12:09:10.956758+00:00,184042740190666,101,ok,9.929,244d3e0b65fa033700c1800000004000a1,fa033700c1800000004000
2026-10-04T12:09:10.966966+00:00,184042750315291,106,ok,9.942,244d3e126a000000000000000000000000000000000f2750,000000000000000000000000000000000f27
2026-10-04T12:09:10.976712+00:00,184042760466458,107,ok,9.617,244d3e056b00000000006e,0000000000
2026-10-04T12:09:10.986709+00:00,184042770211666,108,ok,9.869,244d3e066c99ffe0fd010010,99ffe0fd0100
2026-10-04T12:09:10.996770+00:00,184042780188166,109,ok,9.953,244d3e0a6d0000000000000000000067,00000000000000000000
2026-10-04T12:09:11.006820+00:00,184042790268083,110,ok,9.920,244d3e076e0a00000000000063,0a000000000000
2026-10-04T12:09:11.017039+00:00,184042800351208,120,ok,10.057,244d3efc78e803d007dc05640000ff00000000e803d007dc05640000ff00000000e803d007dc05640000ff00000000e803d007dc05640000ff00000000e803d007dc05640000ff00000000e803d007dc05640000ff00000000e803d007dc05640000ff00000000e803d007dc05640000ff00000000e803d007dc05640000ff00000000e803d007dc05640000ff00000000e803d007dc05640000ff00000000e803d007dc05640000ff00000000e803d007dc05640000ff00000000e803d007dc05640000ff00000000e803d007dc05640000ff00000000e803d007dc05640000ff00000000e803d007dc05640000ff00000000e803d007dc05640000ff0000000084,e803d007dc05640000ff00000000e803d007dc05640000ff00000000e803d007dc05640000ff00000000e803d007dc05640000ff00000000e803d007dc05640000ff00000000e803d007dc05640000ff00000000e803d007dc05640000ff00000000e803d007dc05640000ff00000000e803d007dc05640000ff00000000e803d007dc05640000ff00000000e803d007dc05640000ff00000000e803d007dc05640000ff00000000e803d007dc05640000ff00000000e803d007dc05640000ff00000000e803d007dc05640000ff00000000e803d007dc05640000ff00000000e803d007dc05640000ff00000000e803d007dc05640000ff00000000
2026-10-04T12:09:11.027293+00:00,184042810573958,122,error_or_bad_checksum,10.070,244d21007a7a,
2026-10-04T12:09:11.037190+00:00,184042820825000,151,ok,9.736,244d3e09970001010002020001009f,000101000202000100
2026-10-04T12:09:11.047201+00:00,184042830692083,166,ok,9.879,244d3e15a600000000000042000000000000000f270f270f2700d9,00000000000042000000000000000f270f270f2700
2026-10-04T12:09:11.915157+00:00,184043705051708,1,ok,3.478,244d3e030100020505,000205
2026-10-04T12:09:11.925263+00:00,184043708607541,2,ok,10.028,244d3e0402494e415616,494e4156
2026-10-04T12:09:11.935205+00:00,184043718751708,3,ok,9.825,244d3e030309010008,090100
2026-10-04T12:09:11.945232+00:00,184043728693000,4,ok,9.911,244d3e18044d373241000002010f4d414d4241463732325f323032324136,4d373241000002010f4d414d4241463732325f3230323241
2026-10-04T12:09:11.955243+00:00,184043738718208,101,ok,9.897,244d3e0b65f9033700c1800000004000a2,f9033700c1800000004000
2026-10-04T12:09:11.965257+00:00,184043748728958,106,ok,9.900,244d3e126a000000000000000000000000000000000f2750,000000000000000000000000000000000f27
2026-10-04T12:09:11.975355+00:00,184043758760583,107,ok,9.952,244d3e056b00000000006e,0000000000
2026-10-04T12:09:11.985643+00:00,184043768944500,108,ok,10.064,244d3e066c99ffe0fd010010,99ffe0fd0100
2026-10-04T12:09:11.995619+00:00,184043779173541,109,ok,9.819,244d3e0a6d0000000000000000000067,00000000000000000000
2026-10-04T12:09:12.005774+00:00,184043789144250,110,ok,9.983,244d3e076e0a00000000000063,0a000000000000
2026-10-04T12:09:12.015916+00:00,184043799296041,120,ok,9.997,244d3efc78e803d007dc05640000ff00000000e803d007dc05640000ff00000000e803d007dc05640000ff00000000e803d007dc05640000ff00000000e803d007dc05640000ff00000000e803d007dc05640000ff00000000e803d007dc05640000ff00000000e803d007dc05640000ff00000000e803d007dc05640000ff00000000e803d007dc05640000ff00000000e803d007dc05640000ff00000000e803d007dc05640000ff00000000e803d007dc05640000ff00000000e803d007dc05640000ff00000000e803d007dc05640000ff00000000e803d007dc05640000ff00000000e803d007dc05640000ff00000000e803d007dc05640000ff0000000084,e803d007dc05640000ff00000000e803d007dc05640000ff00000000e803d007dc05640000ff00000000e803d007dc05640000ff00000000e803d007dc05640000ff00000000e803d007dc05640000ff00000000e803d007dc05640000ff00000000e803d007dc05640000ff00000000e803d007dc05640000ff00000000e803d007dc05640000ff00000000e803d007dc05640000ff00000000e803d007dc05640000ff00000000e803d007dc05640000ff00000000e803d007dc05640000ff00000000e803d007dc05640000ff00000000e803d007dc05640000ff00000000e803d007dc05640000ff00000000e803d007dc05640000ff00000000
2026-10-04T12:09:12.025623+00:00,184043809387166,122,error_or_bad_checksum,9.611,244d21007a7a,
2026-10-04T12:09:12.035758+00:00,184043819096791,151,ok,10.029,244d3e09970001010002020001009f,000101000202000100
2026-10-04T12:09:12.045845+00:00,184043829273875,166,ok,9.939,244d3e15a600000000000042000000000000000f270f270f2700d9,00000000000042000000000000000f270f270f2700
2026-10-04T12:09:12.923102+00:00,184044709997916,1,ok,6.481,244d3e030100020505,000205
2026-10-04T12:09:12.933542+00:00,184044716578833,2,ok,10.337,244d3e0402494e415616,494e4156
2026-10-04T12:09:12.943415+00:00,184044727033000,3,ok,9.755,244d3e030309010008,090100
2026-10-04T12:09:12.953837+00:00,184044736910875,4,ok,10.294,244d3e18044d373241000002010f4d414d4241463732325f323032324136,4d373241000002010f4d414d4241463732325f3230323241
2026-10-04T12:09:12.963862+00:00,184044747350333,101,ok,9.880,244d3e0b65fa033700c1800000004000a1,fa033700c1800000004000
2026-10-04T12:09:12.973874+00:00,184044757388166,106,ok,9.858,244d3e126a000000000000000000000000000000000f2750,000000000000000000000000000000000f27
2026-10-04T12:09:12.984205+00:00,184044767471375,107,ok,10.107,244d3e056b00000000006e,0000000000
2026-10-04T12:09:12.994215+00:00,184044777701583,108,ok,9.887,244d3e066c98ffe1fd010010,98ffe1fd0100
2026-10-04T12:09:13.004251+00:00,184044787702916,109,ok,9.909,244d3e0a6d0000000000000000000067,00000000000000000000
2026-10-04T12:09:13.014240+00:00,184044797747041,110,ok,9.864,244d3e076e0a00000000000063,0a000000000000
2026-10-04T12:09:13.024788+00:00,184044807736791,120,ok,10.424,244d3efc78e803d007dc05640000ff00000000e803d007dc05640000ff00000000e803d007dc05640000ff00000000e803d007dc05640000ff00000000e803d007dc05640000ff00000000e803d007dc05640000ff00000000e803d007dc05640000ff00000000e803d007dc05640000ff00000000e803d007dc05640000ff00000000e803d007dc05640000ff00000000e803d007dc05640000ff00000000e803d007dc05640000ff00000000e803d007dc05640000ff00000000e803d007dc05640000ff00000000e803d007dc05640000ff00000000e803d007dc05640000ff00000000e803d007dc05640000ff00000000e803d007dc05640000ff0000000084,e803d007dc05640000ff00000000e803d007dc05640000ff00000000e803d007dc05640000ff00000000e803d007dc05640000ff00000000e803d007dc05640000ff00000000e803d007dc05640000ff00000000e803d007dc05640000ff00000000e803d007dc05640000ff00000000e803d007dc05640000ff00000000e803d007dc05640000ff00000000e803d007dc05640000ff00000000e803d007dc05640000ff00000000e803d007dc05640000ff00000000e803d007dc05640000ff00000000e803d007dc05640000ff00000000e803d007dc05640000ff00000000e803d007dc05640000ff00000000e803d007dc05640000ff00000000
2026-10-04T12:09:13.034531+00:00,184044818323625,122,error_or_bad_checksum,9.580,244d21007a7a,
2026-10-04T12:09:13.044944+00:00,184044828027583,151,ok,10.285,244d3e09970001010002020001009f,000101000202000100
2026-10-04T12:09:13.054992+00:00,184044838498708,166,ok,9.863,244d3e15a600000000000043000000000000000f270f270f2700d8,00000000000043000000000000000f270f270f2700
2026-10-04T12:09:13.929875+00:00,184045713961166,1,ok,9.288,244d3e030100020505,000205
2026-10-04T12:09:13.940291+00:00,184045723369958,2,ok,10.294,244d3e0402494e415616,494e4156
2026-10-04T12:09:13.950252+00:00,184045733807041,3,ok,9.819,244d3e030309010008,090100
2026-10-04T12:09:13.960592+00:00,184045743745083,4,ok,10.217,244d3e18044d373241000002010f4d414d4241463732325f323032324136,4d373241000002010f4d414d4241463732325f3230323241
2026-10-04T12:09:13.970908+00:00,184045754100458,101,ok,10.179,244d3e0b65fd033700c1800000004000a6,fd033700c1800000004000
2026-10-04T12:09:13.980644+00:00,184045764455875,106,ok,9.561,244d3e126a000000000000000000000000000000000f2750,000000000000000000000000000000000f27
2026-10-04T12:09:13.990567+00:00,184045774127500,107,ok,9.811,244d3e056b00000000006e,0000000000
2026-10-04T12:09:14.000646+00:00,184045784062958,108,ok,9.956,244d3e066c98ffe1fd010010,98ffe1fd0100
2026-10-04T12:09:14.010607+00:00,184045794140791,109,ok,9.841,244d3e0a6d0000000000000000000067,00000000000000000000
2026-10-04T12:09:14.020600+00:00,184045804105791,110,ok,9.868,244d3e076e0a00000000000063,0a000000000000
2026-10-04T12:09:14.031267+00:00,184045814059958,120,ok,10.581,244d3efc78e803d007dc05640000ff00000000e803d007dc05640000ff00000000e803d007dc05640000ff00000000e803d007dc05640000ff00000000e803d007dc05640000ff00000000e803d007dc05640000ff00000000e803d007dc05640000ff00000000e803d007dc05640000ff00000000e803d007dc05640000ff00000000e803d007dc05640000ff00000000e803d007dc05640000ff00000000e803d007dc05640000ff00000000e803d007dc05640000ff00000000e803d007dc05640000ff00000000e803d007dc05640000ff00000000e803d007dc05640000ff00000000e803d007dc05640000ff00000000e803d007dc05640000ff0000000084,e803d007dc05640000ff00000000e803d007dc05640000ff00000000e803d007dc05640000ff00000000e803d007dc05640000ff00000000e803d007dc05640000ff00000000e803d007dc05640000ff00000000e803d007dc05640000ff00000000e803d007dc05640000ff00000000e803d007dc05640000ff00000000e803d007dc05640000ff00000000e803d007dc05640000ff00000000e803d007dc05640000ff00000000e803d007dc05640000ff00000000e803d007dc05640000ff00000000e803d007dc05640000ff00000000e803d007dc05640000ff00000000e803d007dc05640000ff00000000e803d007dc05640000ff00000000
2026-10-04T12:09:14.041073+00:00,184045824830416,122,error_or_bad_checksum,9.602,244d21007a7a,
2026-10-04T12:09:14.051044+00:00,184045834600125,151,ok,9.812,244d3e09970001010002020001009f,000101000202000100
2026-10-04T12:09:14.061485+00:00,184045844575166,166,ok,10.277,244d3e15a600000000000043000000000000000f270f270f2700d8,00000000000043000000000000000f270f270f2700
2026-10-04T12:09:14.927447+00:00,184046715928708,1,ok,4.893,244d3e030100020505,000205
2026-10-04T12:09:14.937813+00:00,184046720972875,2,ok,10.214,244d3e0402494e415616,494e4156
2026-10-04T12:09:14.947867+00:00,184046731334291,3,ok,9.908,244d3e030309010008,090100
2026-10-04T12:09:14.957868+00:00,184046741372083,4,ok,9.870,244d3e18044d373241000002010f4d414d4241463732325f323032324136,4d373241000002010f4d414d4241463732325f3230323241
2026-10-04T12:09:14.967853+00:00,184046751385083,101,ok,9.843,244d3e0b65f4033700c1800000004000af,f4033700c1800000004000
2026-10-04T12:09:14.977917+00:00,184046761352500,106,ok,9.939,244d3e126a000000000000000000000000000000000f2750,000000000000000000000000000000000f27
2026-10-04T12:09:14.987915+00:00,184046771606875,107,ok,9.681,244d3e056b00000000006e,0000000000
2026-10-04T12:09:14.997959+00:00,184046781409708,108,ok,9.922,244d3e066c98ffe2fd010013,98ffe2fd0100
2026-10-04T12:09:15.007955+00:00,184046791467000,109,ok,9.862,244d3e0a6d0000000000000000000067,00000000000000000000
2026-10-04T12:09:15.017984+00:00,184046801472500,110,ok,9.885,244d3e076e0a00000000000063,0a000000000000
2026-10-04T12:09:15.028225+00:00,184046811491375,120,ok,10.108,244d3efc78e803d007dc05640000ff00000000e803d007dc05640000ff00000000e803d007dc05640000ff00000000e803d007dc05640000ff00000000e803d007dc05640000ff00000000e803d007dc05640000ff00000000e803d007dc05640000ff00000000e803d007dc05640000ff00000000e803d007dc05640000ff00000000e803d007dc05640000ff00000000e803d007dc05640000ff00000000e803d007dc05640000ff00000000e803d007dc05640000ff00000000e803d007dc05640000ff00000000e803d007dc05640000ff00000000e803d007dc05640000ff00000000e803d007dc05640000ff00000000e803d007dc05640000ff0000000084,e803d007dc05640000ff00000000e803d007dc05640000ff00000000e803d007dc05640000ff00000000e803d007dc05640000ff00000000e803d007dc05640000ff00000000e803d007dc05640000ff00000000e803d007dc05640000ff00000000e803d007dc05640000ff00000000e803d007dc05640000ff00000000e803d007dc05640000ff00000000e803d007dc05640000ff00000000e803d007dc05640000ff00000000e803d007dc05640000ff00000000e803d007dc05640000ff00000000e803d007dc05640000ff00000000e803d007dc05640000ff00000000e803d007dc05640000ff00000000e803d007dc05640000ff00000000
2026-10-04T12:09:15.038058+00:00,184046821753375,122,error_or_bad_checksum,9.672,244d21007a7a,
2026-10-04T12:09:15.048524+00:00,184046831591041,151,ok,10.293,244d3e09970001010002020001009f,000101000202000100
2026-10-04T12:09:15.058765+00:00,184046842149291,166,ok,9.976,244d3e15a600000000000044000000000000000f270f270f2700df,00000000000044000000000000000f270f270f2700
2026-10-04T12:09:15.935259+00:00,184047720325250,1,ok,8.302,244d3e030100020505,000205
2026-10-04T12:09:15.945158+00:00,184047728804416,2,ok,9.729,244d3e0402494e415616,494e4156
2026-10-04T12:09:15.955226+00:00,184047738648125,3,ok,9.949,244d3e030309010008,090100
2026-10-04T12:09:15.965226+00:00,184047748733875,4,ok,9.868,244d3e18044d373241000002010f4d414d4241463732325f323032324136,4d373241000002010f4d414d4241463732325f3230323241
2026-10-04T12:09:15.975247+00:00,184047758726125,101,ok,9.888,244d3e0b65f6033700c1800000004000ad,f6033700c1800000004000
2026-10-04T12:09:15.985256+00:00,184047768743791,106,ok,9.890,244d3e126a000000000000000000000000000000000f2750,000000000000000000000000000000000f27
2026-10-04T12:09:15.995275+00:00,184047778736125,107,ok,9.915,244d3e056b00000000006e,0000000000
2026-10-04T12:09:16.005565+00:00,184047788751083,108,ok,10.194,244d3e066c97ffe2fd01001c,97ffe2fd0100
2026-10-04T12:09:16.015973+00:00,184047799009791,109,ok,10.338,244d3e0a6d0000000000000000000067,00000000000000000000
2026-10-04T12:09:16.025584+00:00,184047809471166,110,ok,9.493,244d3e076e0a00000000000063,0a000000000000
2026-10-04T12:09:16.036262+00:00,184047819037916,120,ok,10.602,244d3efc78e803d007dc05640000ff00000000e803d007dc05640000ff00000000e803d007dc05640000ff00000000e803d007dc05640000ff00000000e803d007dc05640000ff00000000e803d007dc05640000ff00000000e803d007dc05640000ff00000000e803d007dc05640000ff00000000e803d007dc05640000ff00000000e803d007dc05640000ff00000000e803d007dc05640000ff00000000e803d007dc05640000ff00000000e803d007dc05640000ff00000000e803d007dc05640000ff00000000e803d007dc05640000ff00000000e803d007dc05640000ff00000000e803d007dc05640000ff00000000e803d007dc05640000ff0000000084,e803d007dc05640000ff00000000e803d007dc05640000ff00000000e803d007dc05640000ff00000000e803d007dc05640000ff00000000e803d007dc05640000ff00000000e803d007dc05640000ff00000000e803d007dc05640000ff00000000e803d007dc05640000ff00000000e803d007dc05640000ff00000000e803d007dc05640000ff00000000e803d007dc05640000ff00000000e803d007dc05640000ff00000000e803d007dc05640000ff00000000e803d007dc05640000ff00000000e803d007dc05640000ff00000000e803d007dc05640000ff00000000e803d007dc05640000ff00000000e803d007dc05640000ff00000000
2026-10-04T12:09:16.045958+00:00,184047829764250,122,error_or_bad_checksum,9.573,244d21007a7a,
2026-10-04T12:09:16.056260+00:00,184047839433000,151,ok,10.206,244d3e09970001010002020001009f,000101000202000100
2026-10-04T12:09:16.066271+00:00,184047849732833,166,ok,9.920,244d3e15a600000000000044000000000000000f270f270f2700df,00000000000044000000000000000f270f270f2700
2026-10-04T12:09:16.941889+00:00,184048725394541,1,ok,9.860,244d3e030100020505,000205
2026-10-04T12:09:16.952237+00:00,184048735458083,2,ok,10.156,244d3e0402494e415616,494e4156
2026-10-04T12:09:16.962211+00:00,184048745736666,3,ok,9.851,244d3e030309010008,090100
2026-10-04T12:09:16.972259+00:00,184048755712333,4,ok,9.922,244d3e18044d373241000002010f4d414d4241463732325f323032324136,4d373241000002010f4d414d4241463732325f3230323241
2026-10-04T12:09:16.982266+00:00,184048765753250,101,ok,9.890,244d3e0b65fb033700c1800000004000a0,fb033700c1800000004000
2026-10-04T12:09:16.992328+00:00,184048775787333,106,ok,9.918,244d3e126a000000000000000000000000000000000f2750,000000000000000000000000000000000f27
2026-10-04T12:09:17.002305+00:00,184048785864833,107,ok,9.817,244d3e056b00000000006e,0000000000
2026-10-04T12:09:17.012385+00:00,184048795797291,108,ok,9.963,244d3e066c97ffe2fd01001c,97ffe2fd0100
2026-10-04T12:09:17.022391+00:00,184048805904416,109,ok,9.862,244d3e0a6d0000000000000000000067,00000000000000000000
2026-10-04T12:09:17.032400+00:00,184048815886208,110,ok,9.893,244d3e076e0a00000000000063,0a000000000000
2026-10-04T12:09:17.042785+00:00,184048825893500,120,ok,10.261,244d3efc78e803d007dc05640000ff00000000e803d007dc05640000ff00000000e803d007dc05640000ff00000000e803d007dc05640000ff00000000e803d007dc05640000ff00000000e803d007dc05640000ff00000000e803d007dc05640000ff00000000e803d007dc05640000ff00000000e803d007dc05640000ff00000000e803d007dc05640000ff00000000e803d007dc05640000ff00000000e803d007dc05640000ff00000000e803d007dc05640000ff00000000e803d007dc05640000ff00000000e803d007dc05640000ff00000000e803d007dc05640000ff00000000e803d007dc05640000ff00000000e803d007dc05640000ff0000000084,e803d007dc05640000ff00000000e803d007dc05640000ff00000000e803d007dc05640000ff00000000e803d007dc05640000ff00000000e803d007dc05640000ff00000000e803d007dc05640000ff00000000e803d007dc05640000ff00000000e803d007dc05640000ff00000000e803d007dc05640000ff00000000e803d007dc05640000ff00000000e803d007dc05640000ff00000000e803d007dc05640000ff00000000e803d007dc05640000ff00000000e803d007dc05640000ff00000000e803d007dc05640000ff00000000e803d007dc05640000ff00000000e803d007dc05640000ff00000000e803d007dc05640000ff00000000
2026-10-04T12:09:17.052770+00:00,184048836365958,122,error_or_bad_checksum,9.769,244d21007a7a,
2026-10-04T12:09:17.062897+00:00,184048846308958,151,ok,9.957,244d3e09970001010002020001009f,000101000202000100
2026-10-04T12:09:17.073040+00:00,184048856449958,166,ok,9.963,244d3e15a600000000000044000000000000000f270f270f2700df,00000000000044000000000000000f270f270f2700
2026-10-04T12:09:17.942045+00:00,184049727059083,1,ok,8.364,244d3e030100020505,000205
2026-10-04T12:09:17.952039+00:00,184049735552458,2,ok,9.864,244d3e0402494e415616,494e4156
2026-10-04T12:09:17.962041+00:00,184049745529833,3,ok,9.887,244d3e030309010008,090100
2026-10-04T12:09:17.972064+00:00,184049755543000,4,ok,9.899,244d3e18044d373241000002010f4d414d4241463732325f323032324136,4d373241000002010f4d414d4241463732325f3230323241
2026-10-04T12:09:17.982035+00:00,184049765585750,101,ok,9.826,244d3e0b65f8033700c1800000004000a3,f8033700c1800000004000
2026-10-04T12:09:17.992102+00:00,184049775542541,106,ok,9.935,244d3e126a000000000000000000000000000000000f2750,000000000000000000000000000000000f27
2026-10-04T12:09:18.002381+00:00,184049785602541,107,ok,10.156,244d3e056b00000000006e,0000000000
2026-10-04T12:09:18.012423+00:00,184049795904541,108,ok,9.895,244d3e066c97ffe2fd01001c,97ffe2fd0100
2026-10-04T12:09:18.022448+00:00,184049806089750,109,ok,9.735,244d3e0a6d0000000000000000000067,00000000000000000000
2026-10-04T12:09:18.032440+00:00,184049815947500,110,ok,9.870,244d3e076e0a00000000000063,0a000000000000
2026-10-04T12:09:18.042818+00:00,184049825964250,120,ok,10.229,244d3efc78e803d007dc05640000ff00000000e803d007dc05640000ff00000000e803d007dc05640000ff00000000e803d007dc05640000ff00000000e803d007dc05640000ff00000000e803d007dc05640000ff00000000e803d007dc05640000ff00000000e803d007dc05640000ff00000000e803d007dc05640000ff00000000e803d007dc05640000ff00000000e803d007dc05640000ff00000000e803d007dc05640000ff00000000e803d007dc05640000ff00000000e803d007dc05640000ff00000000e803d007dc05640000ff00000000e803d007dc05640000ff00000000e803d007dc05640000ff00000000e803d007dc05640000ff0000000084,e803d007dc05640000ff00000000e803d007dc05640000ff00000000e803d007dc05640000ff00000000e803d007dc05640000ff00000000e803d007dc05640000ff00000000e803d007dc05640000ff00000000e803d007dc05640000ff00000000e803d007dc05640000ff00000000e803d007dc05640000ff00000000e803d007dc05640000ff00000000e803d007dc05640000ff00000000e803d007dc05640000ff00000000e803d007dc05640000ff00000000e803d007dc05640000ff00000000e803d007dc05640000ff00000000e803d007dc05640000ff00000000e803d007dc05640000ff00000000e803d007dc05640000ff00000000
2026-10-04T12:09:18.052536+00:00,184049836378208,122,error_or_bad_checksum,9.529,244d21007a7a,
2026-10-04T12:09:18.062617+00:00,184049846072750,151,ok,9.914,244d3e09970001010002020001009f,000101000202000100
2026-10-04T12:09:18.072532+00:00,184049856169208,166,ok,9.741,244d3e15a600000000000045000000000000000f270f270f2700de,00000000000045000000000000000f270f270f2700
2026-10-04T12:09:18.940710+00:00,184050729605125,1,ok,4.487,244d3e030100020505,000205
2026-10-04T12:09:18.950778+00:00,184050734158458,2,ok,10.005,244d3e0402494e415616,494e4156
2026-10-04T12:09:18.960754+00:00,184050744205333,3,ok,9.936,244d3e030309010008,090100
2026-10-04T12:09:18.970812+00:00,184050754174250,4,ok,10.025,244d3e18044d373241000002010f4d414d4241463732325f323032324136,4d373241000002010f4d414d4241463732325f3230323241
2026-10-04T12:09:18.980830+00:00,184050764231875,101,ok,9.986,244d3e0b65f9033700c1800000004000a2,f9033700c1800000004000
2026-10-04T12:09:18.990902+00:00,184050774242833,106,ok,10.040,244d3e126a000000000000000000000000000000000f2750,000000000000000000000000000000000f27
2026-10-04T12:09:19.000863+00:00,184050784390208,107,ok,9.858,244d3e056b00000000006e,0000000000
2026-10-04T12:09:19.010883+00:00,184050794304041,108,ok,9.964,244d3e066c97ffe2fd01001c,97ffe2fd0100
2026-10-04T12:09:19.021025+00:00,184050804315291,109,ok,10.087,244d3e0a6d0000000000000000000067,00000000000000000000
2026-10-04T12:09:19.030966+00:00,184050814526875,110,ok,9.820,244d3e076e0a00000000000063,0a000000000000
2026-10-04T12:09:19.041288+00:00,184050824449875,120,ok,10.211,244d3efc78e803d007dc05640000ff00000000e803d007dc05640000ff00000000e803d007dc05640000ff00000000e803d007dc05640000ff00000000e803d007dc05640000ff00000000e803d007dc05640000ff00000000e803d007dc05640000ff00000000e803d007dc05640000ff00000000e803d007dc05640000ff00000000e803d007dc05640000ff00000000e803d007dc05640000ff00000000e803d007dc05640000ff00000000e803d007dc05640000ff00000000e803d007dc05640000ff00000000e803d007dc05640000ff00000000e803d007dc05640000ff00000000e803d007dc05640000ff00000000e803d007dc05640000ff0000000084,e803d007dc05640000ff00000000e803d007dc05640000ff00000000e803d007dc05640000ff00000000e803d007dc05640000ff00000000e803d007dc05640000ff00000000e803d007dc05640000ff00000000e803d007dc05640000ff00000000e803d007dc05640000ff00000000e803d007dc05640000ff00000000e803d007dc05640000ff00000000e803d007dc05640000ff00000000e803d007dc05640000ff00000000e803d007dc05640000ff00000000e803d007dc05640000ff00000000e803d007dc05640000ff00000000e803d007dc05640000ff00000000e803d007dc05640000ff00000000e803d007dc05640000ff00000000
2026-10-04T12:09:19.051415+00:00,184050834869500,122,error_or_bad_checksum,9.917,244d21007a7a,
2026-10-04T12:09:19.061361+00:00,184050844957083,151,ok,9.782,244d3e09970001010002020001009f,000101000202000100
2026-10-04T12:09:19.071508+00:00,184050854861916,166,ok,10.019,244d3e15a600000000000045000000000000000f270f270f2700de,00000000000045000000000000000f270f270f2700
2026-10-04T12:09:19.949696+00:00,184051733397500,1,ok,9.677,244d3e030100020505,000205
2026-10-04T12:09:19.959672+00:00,184051743264083,2,ok,9.786,244d3e0402494e415616,494e4156
2026-10-04T12:09:19.969698+00:00,184051753184708,3,ok,9.894,244d3e030309010008,090100
2026-10-04T12:09:19.979764+00:00,184051763194666,4,ok,9.943,244d3e18044d373241000002010f4d414d4241463732325f323032324136,4d373241000002010f4d414d4241463732325f3230323241
2026-10-04T12:09:19.989871+00:00,184051773271083,101,ok,9.975,244d3e0b65fb033700c1800000004000a0,fb033700c1800000004000
2026-10-04T12:09:20.000591+00:00,184051783396500,106,ok,10.571,244d3e126a000000000000000000000000000000000f2750,000000000000000000000000000000000f27
2026-10-04T12:09:20.010253+00:00,184051794138208,107,ok,9.488,244d3e056b00000000006e,0000000000
2026-10-04T12:09:20.020212+00:00,184051803861083,108,ok,9.728,244d3e066c97ffe3fd01001d,97ffe3fd0100
2026-10-04T12:09:20.030216+00:00,184051813726625,109,ok,9.868,244d3e0a6d0000000000000000000067,00000000000000000000
2026-10-04T12:09:20.040494+00:00,184051823722625,110,ok,10.149,244d3e076e0a00000000000063,0a000000000000
2026-10-04T12:09:20.050722+00:00,184051834006000,120,ok,10.093,244d3efc78e803d007dc05640000ff00000000e803d007dc05640000ff00000000e803d007dc05640000ff00000000e803d007dc05640000ff00000000e803d007dc05640000ff00000000e803d007dc05640000ff00000000e803d007dc05640000ff00000000e803d007dc05640000ff00000000e803d007dc05640000ff00000000e803d007dc05640000ff00000000e803d007dc05640000ff00000000e803d007dc05640000ff00000000e803d007dc05640000ff00000000e803d007dc05640000ff00000000e803d007dc05640000ff00000000e803d007dc05640000ff00000000e803d007dc05640000ff00000000e803d007dc05640000ff0000000084,e803d007dc05640000ff00000000e803d007dc05640000ff00000000e803d007dc05640000ff00000000e803d007dc05640000ff00000000e803d007dc05640000ff00000000e803d007dc05640000ff00000000e803d007dc05640000ff00000000e803d007dc05640000ff00000000e803d007dc05640000ff00000000e803d007dc05640000ff00000000e803d007dc05640000ff00000000e803d007dc05640000ff00000000e803d007dc05640000ff00000000e803d007dc05640000ff00000000e803d007dc05640000ff00000000e803d007dc05640000ff00000000e803d007dc05640000ff00000000e803d007dc05640000ff00000000
2026-10-04T12:09:20.060523+00:00,184051844265416,122,error_or_bad_checksum,9.636,244d21007a7a,
2026-10-04T12:09:20.071002+00:00,184051854017916,151,ok,10.347,244d3e09970001010002020001009f,000101000202000100
2026-10-04T12:09:20.080963+00:00,184051864554541,166,ok,9.786,244d3e15a600000000000046000000000000000f270f270f2700dd,00000000000046000000000000000f270f270f2700
2026-10-04T12:09:20.946978+00:00,184052738184833,1,ok,2.157,244d3e030100020505,000205
2026-10-04T12:09:20.957350+00:00,184052740466291,2,ok,10.263,244d3e0402494e415616,494e4156
2026-10-04T12:09:20.967277+00:00,184052750903625,3,ok,9.754,244d3e030309010008,090100
2026-10-04T12:09:20.977308+00:00,184052760735500,4,ok,9.957,244d3e18044d373241000002010f4d414d4241463732325f323032324136,4d373241000002010f4d414d4241463732325f3230323241
2026-10-04T12:09:20.987342+00:00,184052770767708,101,ok,9.958,244d3e0b65fe033700c1800000004000a5,fe033700c1800000004000
2026-10-04T12:09:20.997349+00:00,184052780794500,106,ok,9.938,244d3e126a000000000000000000000000000000000f2750,000000000000000000000000000000000f27
2026-10-04T12:09:21.007372+00:00,184052790797416,107,ok,9.958,244d3e056b00000000006e,0000000000
2026-10-04T12:09:21.017381+00:00,184052800831416,108,ok,9.936,244d3e066c97ffe3fd01001d,97ffe3fd0100
2026-10-04T12:09:21.027392+00:00,184052810810583,109,ok,9.969,244d3e0a6d0000000000000000000067,00000000000000000000
2026-10-04T12:09:21.037745+00:00,184052820831333,110,ok,10.302,244d3e076e0a00000000000063,0a000000000000
2026-10-04T12:09:21.048131+00:00,184052831171416,120,ok,10.348,244d3efc78e803d007dc05640000ff00000000e803d007dc05640000ff00000000e803d007dc05640000ff00000000e803d007dc05640000ff00000000e803d007dc05640000ff00000000e803d007dc05640000ff00000000e803d007dc05640000ff00000000e803d007dc05640000ff00000000e803d007dc05640000ff00000000e803d007dc05640000ff00000000e803d007dc05640000ff00000000e803d007dc05640000ff00000000e803d007dc05640000ff00000000e803d007dc05640000ff00000000e803d007dc05640000ff00000000e803d007dc05640000ff00000000e803d007dc05640000ff00000000e803d007dc05640000ff0000000084,e803d007dc05640000ff00000000e803d007dc05640000ff00000000e803d007dc05640000ff00000000e803d007dc05640000ff00000000e803d007dc05640000ff00000000e803d007dc05640000ff00000000e803d007dc05640000ff00000000e803d007dc05640000ff00000000e803d007dc05640000ff00000000e803d007dc05640000ff00000000e803d007dc05640000ff00000000e803d007dc05640000ff00000000e803d007dc05640000ff00000000e803d007dc05640000ff00000000e803d007dc05640000ff00000000e803d007dc05640000ff00000000e803d007dc05640000ff00000000e803d007dc05640000ff00000000
2026-10-04T12:09:21.057749+00:00,184052841584875,122,error_or_bad_checksum,9.555,244d21007a7a,
2026-10-04T12:09:21.068038+00:00,184052851153208,151,ok,10.274,244d3e09970001010002020001009f,000101000202000100
2026-10-04T12:09:21.078111+00:00,184052861456125,166,ok,10.041,244d3e15a600000000000046000000000000000f270f270f2700dd,00000000000046000000000000000f270f270f2700
2026-10-04T12:09:21.958929+00:00,184053742610958,1,ok,9.698,244d3e030100020505,000205
2026-10-04T12:09:21.968948+00:00,184053752443916,2,ok,9.884,244d3e0402494e415616,494e4156
2026-10-04T12:09:21.979070+00:00,184053762445291,3,ok,9.999,244d3e030309010008,090100
2026-10-04T12:09:21.989078+00:00,184053772611208,4,ok,9.845,244d3e18044d373241000002010f4d414d4241463732325f323032324136,4d373241000002010f4d414d4241463732325f3230323241
2026-10-04T12:09:21.999329+00:00,184053782646041,101,ok,10.062,244d3e0b6501043700c18000000040005d,01043700c1800000004000
2026-10-04T12:09:22.009360+00:00,184053792848666,106,ok,9.893,244d3e126a000000000000000000000000000000000f2750,000000000000000000000000000000000f27
2026-10-04T12:09:22.019329+00:00,184053802868583,107,ok,9.837,244d3e056b00000000006e,0000000000
2026-10-04T12:09:22.029335+00:00,184053812832375,108,ok,9.886,244d3e066c96ffe3fd01001c,96ffe3fd0100
2026-10-04T12:09:22.039433+00:00,184053822814541,109,ok,9.996,244d3e0a6d0000000000000000000067,00000000000000000000
2026-10-04T12:09:22.049482+00:00,184053832958458,110,ok,9.900,244d3e076e0a00000000000063,0a000000000000
2026-10-04T12:09:22.059736+00:00,184053843024791,120,ok,10.091,244d3efc78e803d007dc05640000ff00000000e803d007dc05640000ff00000000e803d007dc05640000ff00000000e803d007dc05640000ff00000000e803d007dc05640000ff00000000e803d007dc05640000ff00000000e803d007dc05640000ff00000000e803d007dc05640000ff00000000e803d007dc05640000ff00000000e803d007dc05640000ff00000000e803d007dc05640000ff00000000e803d007dc05640000ff00000000e803d007dc05640000ff00000000e803d007dc05640000ff00000000e803d007dc05640000ff00000000e803d007dc05640000ff00000000e803d007dc05640000ff00000000e803d007dc05640000ff0000000084,e803d007dc05640000ff00000000e803d007dc05640000ff00000000e803d007dc05640000ff00000000e803d007dc05640000ff00000000e803d007dc05640000ff00000000e803d007dc05640000ff00000000e803d007dc05640000ff00000000e803d007dc05640000ff00000000e803d007dc05640000ff00000000e803d007dc05640000ff00000000e803d007dc05640000ff00000000e803d007dc05640000ff00000000e803d007dc05640000ff00000000e803d007dc05640000ff00000000e803d007dc05640000ff00000000e803d007dc05640000ff00000000e803d007dc05640000ff00000000e803d007dc05640000ff00000000
2026-10-04T12:09:22.069570+00:00,184053853280416,122,error_or_bad_checksum,9.664,244d21007a7a,
2026-10-04T12:09:22.079960+00:00,184053863125750,151,ok,10.211,244d3e09970001010002020001009f,000101000202000100
2026-10-04T12:09:22.089855+00:00,184053873528708,166,ok,9.705,244d3e15a600000000000047000000000000000f270f270f2700dc,00000000000047000000000000000f270f270f2700
2026-10-04T12:09:22.956918+00:00,184054743245875,1,ok,7.054,244d3e030100020505,000205
2026-10-04T12:09:22.967662+00:00,184054750452833,2,ok,10.480,244d3e0402494e415616,494e4156
2026-10-04T12:09:22.976893+00:00,184054761188083,3,ok,9.087,244d3e030309010008,090100
2026-10-04T12:09:22.987004+00:00,184054770396208,4,ok,9.985,244d3e18044d373241000002010f4d414d4241463732325f323032324136,4d373241000002010f4d414d4241463732325f3230323241
2026-10-04T12:09:22.996944+00:00,184054780562250,101,ok,9.764,244d3e0b6501043700c18000000040005d,01043700c1800000004000
2026-10-04T12:09:23.007052+00:00,184054790443375,106,ok,9.987,244d3e126a000000000000000000000000000000000f2750,000000000000000000000000000000000f27
2026-10-04T12:09:23.016989+00:00,184054800568375,107,ok,9.802,244d3e056b00000000006e,0000000000
2026-10-04T12:09:23.026985+00:00,184054810491416,108,ok,9.877,244d3e066c96ffe3fd01001c,96ffe3fd0100
2026-10-04T12:09:23.037044+00:00,184054820479208,109,ok,9.945,244d3e0a6d0000000000000000000067,00000000000000000000
2026-10-04T12:09:23.047191+00:00,184054830562208,110,ok,10.002,244d3e076e0a00000000000063,0a000000000000
2026-10-04T12:09:23.057397+00:00,184054840741500,120,ok,10.028,244d3efc78e803d007dc05640000ff00000000e803d007dc05640000ff00000000e803d007dc05640000ff00000000e803d007dc05640000ff00000000e803d007dc05640000ff00000000e803d007dc05640000ff00000000e803d007dc05640000ff00000000e803d007dc05640000ff00000000e803d007dc05640000ff00000000e803d007dc05640000ff00000000e803d007dc05640000ff00000000e803d007dc05640000ff00000000e803d007dc05640000ff00000000e803d007dc05640000ff00000000e803d007dc05640000ff00000000e803d007dc05640000ff00000000e803d007dc05640000ff00000000e803d007dc05640000ff0000000084,e803d007dc05640000ff00000000e803d007dc05640000ff00000000e803d007dc05640000ff00000000e803d007dc05640000ff00000000e803d007dc05640000ff00000000e803d007dc05640000ff00000000e803d007dc05640000ff00000000e803d007dc05640000ff00000000e803d007dc05640000ff00000000e803d007dc05640000ff00000000e803d007dc05640000ff00000000e803d007dc05640000ff00000000e803d007dc05640000ff00000000e803d007dc05640000ff00000000e803d007dc05640000ff00000000e803d007dc05640000ff00000000e803d007dc05640000ff00000000e803d007dc05640000ff00000000
2026-10-04T12:09:23.067235+00:00,184054850974875,122,error_or_bad_checksum,9.635,244d21007a7a,
2026-10-04T12:09:23.077217+00:00,184054860778791,151,ok,9.815,244d3e09970001010002020001009f,000101000202000100
2026-10-04T12:09:23.087600+00:00,184054870743500,166,ok,10.231,244d3e15a600000000000047000000000000000f270f270f2700dc,00000000000047000000000000000f270f270f2700
2026-10-04T12:09:23.954753+00:00,184055744322375,1,ok,3.817,244d3e030100020505,000205
2026-10-04T12:09:23.965411+00:00,184055748202583,2,ok,10.589,244d3e0402494e415616,494e4156
2026-10-04T12:09:23.974919+00:00,184055759060750,3,ok,9.237,244d3e030309010008,090100
2026-10-04T12:09:23.984873+00:00,184055768496708,4,ok,9.760,244d3e18044d373241000002010f4d414d4241463732325f323032324136,4d373241000002010f4d414d4241463732325f3230323241
2026-10-04T12:09:23.994898+00:00,184055778379333,101,ok,9.903,244d3e0b65fc033700c1800000004000a7,fc033700c1800000004000
2026-10-04T12:09:24.004869+00:00,184055788381416,106,ok,9.877,244d3e126a000000000000000000000000000000000f2750,000000000000000000000000000000000f27
2026-10-04T12:09:24.014893+00:00,184055798305041,107,ok,9.978,244d3e056b00000000006e,0000000000
2026-10-04T12:09:24.025153+00:00,184055808331416,108,ok,10.202,244d3e066c96ffe3fd01001c,96ffe3fd0100
2026-10-04T12:09:24.034977+00:00,184055818705750,109,ok,9.654,244d3e0a6d0000000000000000000067,00000000000000000000
2026-10-04T12:09:24.045432+00:00,184055828496458,110,ok,10.315,244d3e076e0a00000000000063,0a000000000000
2026-10-04T12:09:24.055637+00:00,184055838959583,120,ok,10.060,244d3efc78e803d007dc05640000ff00000000e803d007dc05640000ff00000000e803d007dc05640000ff00000000e803d007dc05640000ff00000000e803d007dc05640000ff00000000e803d007dc05640000ff00000000e803d007dc05640000ff00000000e803d007dc05640000ff00000000e803d007dc05640000ff00000000e803d007dc05640000ff00000000e803d007dc05640000ff00000000e803d007dc05640000ff00000000e803d007dc05640000ff00000000e803d007dc05640000ff00000000e803d007dc05640000ff00000000e803d007dc05640000ff00000000e803d007dc05640000ff00000000e803d007dc05640000ff0000000084,e803d007dc05640000ff00000000e803d007dc05640000ff00000000e803d007dc05640000ff00000000e803d007dc05640000ff00000000e803d007dc05640000ff00000000e803d007dc05640000ff00000000e803d007dc05640000ff00000000e803d007dc05640000ff00000000e803d007dc05640000ff00000000e803d007dc05640000ff00000000e803d007dc05640000ff00000000e803d007dc05640000ff00000000e803d007dc05640000ff00000000e803d007dc05640000ff00000000e803d007dc05640000ff00000000e803d007dc05640000ff00000000e803d007dc05640000ff00000000e803d007dc05640000ff00000000
2026-10-04T12:09:24.065429+00:00,184055849166375,122,error_or_bad_checksum,9.639,244d21007a7a,
2026-10-04T12:09:24.075683+00:00,184055858988041,151,ok,10.077,244d3e09970001010002020001009f,000101000202000100
2026-10-04T12:09:24.086053+00:00,184055869196666,166,ok,10.235,244d3e15a600000000000047000000000000000f270f270f2700dc,00000000000047000000000000000f270f270f2700
2026-10-04T12:09:24.958378+00:00,184056748979458,1,ok,2.780,244d3e030100020505,000205
2026-10-04T12:09:24.968206+00:00,184056751878875,2,ok,9.711,244d3e0402494e415616,494e4156
2026-10-04T12:09:24.978272+00:00,184056761704958,3,ok,9.945,244d3e030309010008,090100
2026-10-04T12:09:24.988756+00:00,184056771807791,4,ok,10.320,244d3e18044d373241000002010f4d414d4241463732325f323032324136,4d373241000002010f4d414d4241463732325f3230323241
2026-10-04T12:09:24.998610+00:00,184056782330791,101,ok,9.663,244d3e0b65f1033700c1800000004000aa,f1033700c1800000004000
2026-10-04T12:09:25.008660+00:00,184056792131083,106,ok,9.913,244d3e126a000000000000000000000000000000000f2750,000000000000000000000000000000000f27
2026-10-04T12:09:25.019031+00:00,184056802166250,107,ok,10.244,244d3e056b00000000006e,0000000000
2026-10-04T12:09:25.028937+00:00,184056812582583,108,ok,9.739,244d3e066c96ffe3fd01001c,96ffe3fd0100
2026-10-04T12:09:25.039347+00:00,184056822439375,109,ok,10.288,244d3e0a6d0000000000000000000067,00000000000000000000
2026-10-04T12:09:25.049323+00:00,184056832893083,110,ok,9.812,244d3e076e0a00000000000063,0a000000000000
2026-10-04T12:09:25.059531+00:00,184056842844125,120,ok,10.070,244d3efc78e803d007dc05640000ff00000000e803d007dc05640000ff00000000e803d007dc05640000ff00000000e803d007dc05640000ff00000000e803d007dc05640000ff00000000e803d007dc05640000ff00000000e803d007dc05640000ff00000000e803d007dc05640000ff00000000e803d007dc05640000ff00000000e803d007dc05640000ff00000000e803d007dc05640000ff00000000e803d007dc05640000ff00000000e803d007dc05640000ff00000000e803d007dc05640000ff00000000e803d007dc05640000ff00000000e803d007dc05640000ff00000000e803d007dc05640000ff00000000e803d007dc05640000ff0000000084,e803d007dc05640000ff00000000e803d007dc05640000ff00000000e803d007dc05640000ff00000000e803d007dc05640000ff00000000e803d007dc05640000ff00000000e803d007dc05640000ff00000000e803d007dc05640000ff00000000e803d007dc05640000ff00000000e803d007dc05640000ff00000000e803d007dc05640000ff00000000e803d007dc05640000ff00000000e803d007dc05640000ff00000000e803d007dc05640000ff00000000e803d007dc05640000ff00000000e803d007dc05640000ff00000000e803d007dc05640000ff00000000e803d007dc05640000ff00000000e803d007dc05640000ff00000000
2026-10-04T12:09:25.069669+00:00,184056853062416,122,error_or_bad_checksum,9.989,244d21007a7a,
2026-10-04T12:09:25.079750+00:00,184056863172875,151,ok,9.959,244d3e09970001010002020001009f,000101000202000100
2026-10-04T12:09:25.089840+00:00,184056873259791,166,ok,9.949,244d3e15a600000000000048000000000000000f270f270f2700d3,00000000000048000000000000000f270f270f2700
2026-10-04T12:09:25.966479+00:00,184057751033333,1,ok,8.829,244d3e030100020505,000205
2026-10-04T12:09:25.976495+00:00,184057759994000,2,ok,9.886,244d3e0402494e415616,494e4156
2026-10-04T12:09:25.986595+00:00,184057769999541,3,ok,9.980,244d3e030309010008,090100
2026-10-04T12:09:25.996624+00:00,184057780123166,4,ok,9.885,244d3e18044d373241000002010f4d414d4241463732325f323032324136,4d373241000002010f4d414d4241463732325f3230323241
2026-10-04T12:09:26.006616+00:00,184057790140291,101,ok,9.859,244d3e0b65fa033700c1800000004000a1,fa033700c1800000004000
2026-10-04T12:09:26.016659+00:00,184057800159375,106,ok,9.884,244d3e126a000000000000000000000000000000000f2750,000000000000000000000000000000000f27
2026-10-04T12:09:26.026954+00:00,184057810174666,107,ok,10.165,244d3e056b00000000006e,0000000000
2026-10-04T12:09:26.037011+00:00,184057820464125,108,ok,9.928,244d3e066c96ffe3fd01001c,96ffe3fd0100
2026-10-04T12:09:26.047172+00:00,184057830556041,109,ok,9.995,244d3e0a6d0000000000000000000067,00000000000000000000
2026-10-04T12:09:26.057358+00:00,184057840728791,110,ok,10.011,244d3e076e0a00000000000063,0a000000000000
2026-10-04T12:09:26.067565+00:00,184057850885916,120,ok,10.054,244d3efc78e803d007dc05640000ff00000000e803d007dc05640000ff00000000e803d007dc05640000ff00000000e803d007dc05640000ff00000000e803d007dc05640000ff00000000e803d007dc05640000ff00000000e803d007dc05640000ff00000000e803d007dc05640000ff00000000e803d007dc05640000ff00000000e803d007dc05640000ff00000000e803d007dc05640000ff00000000e803d007dc05640000ff00000000e803d007dc05640000ff00000000e803d007dc05640000ff00000000e803d007dc05640000ff00000000e803d007dc05640000ff00000000e803d007dc05640000ff00000000e803d007dc05640000ff0000000084,e803d007dc05640000ff00000000e803d007dc05640000ff00000000e803d007dc05640000ff00000000e803d007dc05640000ff00000000e803d007dc05640000ff00000000e803d007dc05640000ff00000000e803d007dc05640000ff00000000e803d007dc05640000ff00000000e803d007dc05640000ff00000000e803d007dc05640000ff00000000e803d007dc05640000ff00000000e803d007dc05640000ff00000000e803d007dc05640000ff00000000e803d007dc05640000ff00000000e803d007dc05640000ff00000000e803d007dc05640000ff00000000e803d007dc05640000ff00000000e803d007dc05640000ff00000000
2026-10-04T12:09:26.077403+00:00,184057861134500,122,error_or_bad_checksum,9.646,244d21007a7a,
2026-10-04T12:09:26.087405+00:00,184057870961625,151,ok,9.824,244d3e09970001010002020001009f,000101000202000100
2026-10-04T12:09:26.097515+00:00,184057880940875,166,ok,9.952,244d3e15a600000000000048000000000000000f270f270f2700d3,00000000000048000000000000000f270f270f2700
2026-10-04T12:09:26.964724+00:00,184058751488875,1,ok,6.611,244d3e030100020505,000205
2026-10-04T12:09:26.974858+00:00,184058758258708,2,ok,9.985,244d3e0402494e415616,494e4156
2026-10-04T12:09:26.985055+00:00,184058768439125,3,ok,9.998,244d3e030309010008,090100
2026-10-04T12:09:26.995234+00:00,184058778564416,4,ok,10.051,244d3e18044d373241000002010f4d414d4241463732325f323032324136,4d373241000002010f4d414d4241463732325f3230323241
2026-10-04T12:09:27.005164+00:00,184058788782750,101,ok,9.768,244d3e0b65f7033700c1800000004000ac,f7033700c1800000004000
2026-10-04T12:09:27.015250+00:00,184058798674666,106,ok,9.956,244d3e126a000000000000000000000000000000000f2750,000000000000000000000000000000000f27
2026-10-04T12:09:27.025279+00:00,184058808852166,107,ok,9.810,244d3e056b00000000006e,0000000000
2026-10-04T12:09:27.035154+00:00,184058818796833,108,ok,9.743,244d3e066c96ffe3fd01001c,96ffe3fd0100
2026-10-04T12:09:27.045295+00:00,184058828653791,109,ok,10.022,244d3e0a6d0000000000000000000067,00000000000000000000
2026-10-04T12:09:27.055629+00:00,184058838854416,110,ok,10.158,244d3e076e0a00000000000063,0a000000000000
2026-10-04T12:09:27.065908+00:00,184058849157708,120,ok,10.128,244d3efc78e803d007dc05640000ff00000000e803d007dc05640000ff00000000e803d007dc05640000ff00000000e803d007dc05640000ff00000000e803d007dc05640000ff00000000e803d007dc05640000ff00000000e803d007dc05640000ff00000000e803d007dc05640000ff00000000e803d007dc05640000ff00000000e803d007dc05640000ff00000000e803d007dc05640000ff00000000e803d007dc05640000ff00000000e803d007dc05640000ff00000000e803d007dc05640000ff00000000e803d007dc05640000ff00000000e803d007dc05640000ff00000000e803d007dc05640000ff00000000e803d007dc05640000ff0000000084,e803d007dc05640000ff00000000e803d007dc05640000ff00000000e803d007dc05640000ff00000000e803d007dc05640000ff00000000e803d007dc05640000ff00000000e803d007dc05640000ff00000000e803d007dc05640000ff00000000e803d007dc05640000ff00000000e803d007dc05640000ff00000000e803d007dc05640000ff00000000e803d007dc05640000ff00000000e803d007dc05640000ff00000000e803d007dc05640000ff00000000e803d007dc05640000ff00000000e803d007dc05640000ff00000000e803d007dc05640000ff00000000e803d007dc05640000ff00000000e803d007dc05640000ff00000000
2026-10-04T12:09:27.075629+00:00,184058859538125,122,error_or_bad_checksum,9.473,244d21007a7a,
2026-10-04T12:09:27.085969+00:00,184058869160875,151,ok,10.181,244d3e09970001010002020001009f,000101000202000100
2026-10-04T12:09:27.095965+00:00,184058879530541,166,ok,9.819,244d3e15a600000000000049000000000000000f270f270f2700d2,00000000000049000000000000000f270f270f2700
2026-10-04T12:09:27.961975+00:00,184059754663166,1,ok,0.703,244d3e030100020505,000205
2026-10-04T12:09:27.972153+00:00,184059755418625,2,ok,10.125,244d3e0402494e415616,494e4156
2026-10-04T12:09:27.982145+00:00,184059765603833,3,ok,9.929,244d3e030309010008,090100
2026-10-04T12:09:27.992147+00:00,184059775621125,4,ok,9.918,244d3e18044d373241000002010f4d414d4241463732325f323032324136,4d373241000002010f4d414d4241463732325f3230323241
2026-10-04T12:09:28.002109+00:00,184059785598875,101,ok,9.902,244d3e0b65ef033700c1800000004000b4,ef033700c1800000004000
2026-10-04T12:09:28.012429+00:00,184059795576375,106,ok,10.241,244d3e126a000000000000000000000000000000000f2750,000000000000000000000000000000000f27
2026-10-04T12:09:28.022477+00:00,184059805907583,107,ok,9.962,244d3e056b00000000006e,0000000000
2026-10-04T12:09:28.032464+00:00,184059815918583,108,ok,9.942,244d3e066c96ffe3fd01001c,96ffe3fd0100
2026-10-04T12:09:28.042485+00:00,184059825887791,109,ok,9.993,244d3e0a6d0000000000000000000067,00000000000000000000
2026-10-04T12:09:28.052566+00:00,184059835912916,110,ok,10.048,244d3e076e0a00000000000063,0a000000000000
2026-10-04T12:09:28.062863+00:00,184059845999375,120,ok,10.256,244d3efc78e803d007dc05640000ff00000000e803d007dc05640000ff00000000e803d007dc05640000ff00000000e803d007dc05640000ff00000000e803d007dc05640000ff00000000e803d007dc05640000ff00000000e803d007dc05640000ff00000000e803d007dc05640000ff00000000e803d007dc05640000ff00000000e803d007dc05640000ff00000000e803d007dc05640000ff00000000e803d007dc05640000ff00000000e803d007dc05640000ff00000000e803d007dc05640000ff00000000e803d007dc05640000ff00000000e803d007dc05640000ff00000000e803d007dc05640000ff00000000e803d007dc05640000ff0000000084,e803d007dc05640000ff00000000e803d007dc05640000ff00000000e803d007dc05640000ff00000000e803d007dc05640000ff00000000e803d007dc05640000ff00000000e803d007dc05640000ff00000000e803d007dc05640000ff00000000e803d007dc05640000ff00000000e803d007dc05640000ff00000000e803d007dc05640000ff00000000e803d007dc05640000ff00000000e803d007dc05640000ff00000000e803d007dc05640000ff00000000e803d007dc05640000ff00000000e803d007dc05640000ff00000000e803d007dc05640000ff00000000e803d007dc05640000ff00000000e803d007dc05640000ff00000000
2026-10-04T12:09:28.072598+00:00,184059856324166,122,error_or_bad_checksum,9.661,244d21007a7a,
2026-10-04T12:09:28.082630+00:00,184059866095666,151,ok,9.922,244d3e09970001010002020001009f,000101000202000100
2026-10-04T12:09:28.092655+00:00,184059876090250,166,ok,9.954,244d3e15a600000000000049000000000000000f270f270f2700d2,00000000000049000000000000000f270f270f2700
2026-10-04T12:09:28.970796+00:00,184060759735125,1,ok,4.448,244d3e030100020505,000205
2026-10-04T12:09:28.980784+00:00,184060764324291,2,ok,9.847,244d3e0402494e415616,494e4156
2026-10-04T12:09:28.990675+00:00,184060774310250,3,ok,9.753,244d3e030309010008,090100
2026-10-04T12:09:29.000756+00:00,184060784190875,4,ok,9.950,244d3e18044d373241000002010f4d414d4241463732325f323032324136,4d373241000002010f4d414d4241463732325f3230323241
2026-10-04T12:09:29.010704+00:00,184060794502833,101,ok,9.589,244d3e0b65f5033700c1800000004000ae,f5033700c1800000004000
2026-10-04T12:09:29.020917+00:00,184060804216583,106,ok,10.082,244d3e126a000000000000000000000000000000000f2750,000000000000000000000000000000000f27
2026-10-04T12:09:29.030761+00:00,184060814658166,107,ok,9.491,244d3e056b00000000006e,0000000000
2026-10-04T12:09:29.040853+00:00,184060824263833,108,ok,9.974,244d3e066c96ffe3fd01001c,96ffe3fd0100
2026-10-04T12:09:29.050929+00:00,184060834407958,109,ok,9.900,244d3e0a6d0000000000000000000067,00000000000000000000
2026-10-04T12:09:29.061196+00:00,184060844538791,110,ok,10.042,244d3e076e0a00000000000063,0a000000000000
2026-10-04T12:09:29.071449+00:00,184060854733125,120,ok,10.099,244d3efc78e803d007dc05640000ff00000000e803d007dc05640000ff00000000e803d007dc05640000ff00000000e803d007dc05640000ff00000000e803d007dc05640000ff00000000e803d007dc05640000ff00000000e803d007dc05640000ff00000000e803d007dc05640000ff00000000e803d007dc05640000ff00000000e803d007dc05640000ff00000000e803d007dc05640000ff00000000e803d007dc05640000ff00000000e803d007dc05640000ff00000000e803d007dc05640000ff00000000e803d007dc05640000ff00000000e803d007dc05640000ff00000000e803d007dc05640000ff00000000e803d007dc05640000ff0000000084,e803d007dc05640000ff00000000e803d007dc05640000ff00000000e803d007dc05640000ff00000000e803d007dc05640000ff00000000e803d007dc05640000ff00000000e803d007dc05640000ff00000000e803d007dc05640000ff00000000e803d007dc05640000ff00000000e803d007dc05640000ff00000000e803d007dc05640000ff00000000e803d007dc05640000ff00000000e803d007dc05640000ff00000000e803d007dc05640000ff00000000e803d007dc05640000ff00000000e803d007dc05640000ff00000000e803d007dc05640000ff00000000e803d007dc05640000ff00000000e803d007dc05640000ff00000000
2026-10-04T12:09:29.081074+00:00,184060865051500,122,error_or_bad_checksum,9.407,244d21007a7a,
2026-10-04T12:09:29.091274+00:00,184060874599916,151,ok,10.057,244d3e09970001010002020001009f,000101000202000100
2026-10-04T12:09:29.100956+00:00,184060884835458,166,ok,9.502,244d3e15a600000000000049000000000000000f270f270f2700d2,00000000000049000000000000000f270f270f2700
2026-10-04T12:09:29.979771+00:00,184061764752625,1,ok,8.407,244d3e030100020505,000205
2026-10-04T12:09:29.989778+00:00,184061773237083,2,ok,9.936,244d3e0402494e415616,494e4156
2026-10-04T12:09:30.000464+00:00,184061783223291,3,ok,10.603,244d3e030309010008,090100
2026-10-04T12:09:30.009909+00:00,184061794000875,4,ok,9.297,244d3e18044d373241000002010f4d414d4241463732325f323032324136,4d373241000002010f4d414d4241463732325f3230323241
2026-10-04T12:09:30.019918+00:00,184061803407875,101,ok,9.899,244d3e0b65ee033700c1800000004000b5,ee033700c1800000004000
2026-10-04T12:09:30.029896+00:00,184061813431791,106,ok,9.853,244d3e126a000000000000000000000000000000000f2750,000000000000000000000000000000000f27
2026-10-04T12:09:30.040062+00:00,184061823395708,107,ok,10.042,244d3e056b00000000006e,0000000000
2026-10-04T12:09:30.050055+00:00,184061833632791,108,ok,9.807,244d3e066c96ffe3fd01001c,96ffe3fd0100
2026-10-04T12:09:30.060028+00:00,184061843619083,109,ok,9.793,244d3e0a6d0000000000000000000067,00000000000000000000
2026-10-04T12:09:30.070048+00:00,184061853578000,110,ok,9.853,244d3e076e0a00000000000063,0a000000000000
2026-10-04T12:09:30.081156+00:00,184061863601041,120,ok,10.584,244d3efc78e803d007dc05640000ff00000000e803d007dc05640000ff00000000e803d007dc05640000ff00000000e803d007dc05640000ff00000000e803d007dc05640000ff00000000e803d007dc05640000ff00000000e803d007dc05640000ff00000000e803d007dc05640000ff00000000e803d007dc05640000ff00000000e803d007dc05640000ff00000000e803d007dc05640000ff00000000e803d007dc05640000ff00000000e803d007dc05640000ff00000000e803d007dc05640000ff00000000e803d007dc05640000ff00000000e803d007dc05640000ff00000000e803d007dc05640000ff00000000e803d007dc05640000ff0000000084,e803d007dc05640000ff00000000e803d007dc05640000ff00000000e803d007dc05640000ff00000000e803d007dc05640000ff00000000e803d007dc05640000ff00000000e803d007dc05640000ff00000000e803d007dc05640000ff00000000e803d007dc05640000ff00000000e803d007dc05640000ff00000000e803d007dc05640000ff00000000e803d007dc05640000ff00000000e803d007dc05640000ff00000000e803d007dc05640000ff00000000e803d007dc05640000ff00000000e803d007dc05640000ff00000000e803d007dc05640000ff00000000e803d007dc05640000ff00000000e803d007dc05640000ff00000000
2026-10-04T12:09:30.090137+00:00,184061874825000,122,error_or_bad_checksum,8.691,244d21007a7a,
2026-10-04T12:09:30.100090+00:00,184061883726875,151,ok,9.750,244d3e09970001010002020001009f,000101000202000100
2026-10-04T12:09:30.110233+00:00,184061893610541,166,ok,10.005,244d3e15a60000000000004a000000000000000f270f270f2700d1,0000000000004a000000000000000f270f270f2700
2026-10-04T12:09:30.974998+00:00,184062767112166,1,ok,1.269,244d3e030100020505,000205
2026-10-04T12:09:30.985107+00:00,184062768517750,2,ok,9.973,244d3e0402494e415616,494e4156
2026-10-04T12:09:30.995041+00:00,184062778646458,3,ok,9.784,244d3e030309010008,090100
2026-10-04T12:09:31.005220+00:00,184062788553583,4,ok,10.051,244d3e18044d373241000002010f4d414d4241463732325f323032324136,4d373241000002010f4d414d4241463732325f3230323241
2026-10-04T12:09:31.015150+00:00,184062798765125,101,ok,9.774,244d3e0b65f1033700c1800000004000aa,f1033700c1800000004000
2026-10-04T12:09:31.025160+00:00,184062808669083,106,ok,9.880,244d3e126a000000000000000000000000000000000f2750,000000000000000000000000000000000f27
2026-10-04T12:09:31.035172+00:00,184062818684166,107,ok,9.873,244d3e056b00000000006e,0000000000
2026-10-04T12:09:31.045290+00:00,184062828706375,108,ok,9.967,244d3e066c96ffe3fd01001c,96ffe3fd0100
2026-10-04T12:09:31.055449+00:00,184062838838750,109,ok,9.983,244d3e0a6d0000000000000000000067,00000000000000000000
2026-10-04T12:09:31.065593+00:00,184062849087125,110,ok,9.889,244d3e076e0a00000000000063,0a000000000000
2026-10-04T12:09:31.075810+00:00,184062859149666,120,ok,10.044,244d3efc78e803d007dc05640000ff00000000e803d007dc05640000ff00000000e803d007dc05640000ff00000000e803d007dc05640000ff00000000e803d007dc05640000ff00000000e803d007dc05640000ff00000000e803d007dc05640000ff00000000e803d007dc05640000ff00000000e803d007dc05640000ff00000000e803d007dc05640000ff00000000e803d007dc05640000ff00000000e803d007dc05640000ff00000000e803d007dc05640000ff00000000e803d007dc05640000ff00000000e803d007dc05640000ff00000000e803d007dc05640000ff00000000e803d007dc05640000ff00000000e803d007dc05640000ff0000000084,e803d007dc05640000ff00000000e803d007dc05640000ff00000000e803d007dc05640000ff00000000e803d007dc05640000ff00000000e803d007dc05640000ff00000000e803d007dc05640000ff00000000e803d007dc05640000ff00000000e803d007dc05640000ff00000000e803d007dc05640000ff00000000e803d007dc05640000ff00000000e803d007dc05640000ff00000000e803d007dc05640000ff00000000e803d007dc05640000ff00000000e803d007dc05640000ff00000000e803d007dc05640000ff00000000e803d007dc05640000ff00000000e803d007dc05640000ff00000000e803d007dc05640000ff00000000
2026-10-04T12:09:31.085636+00:00,184062869381000,122,error_or_bad_checksum,9.638,244d21007a7a,
2026-10-04T12:09:31.095601+00:00,184062879189666,151,ok,9.799,244d3e09970001010002020001009f,000101000202000100
2026-10-04T12:09:31.105586+00:00,184062889131500,166,ok,9.845,244d3e15a60000000000004a000000000000000f270f270f2700d1,0000000000004a000000000000000f270f270f2700
2026-10-04T12:09:31.984843+00:00,184063769883125,1,ok,8.349,244d3e030100020505,000205
2026-10-04T12:09:31.995453+00:00,184063778488708,2,ok,10.352,244d3e0402494e415616,494e4156
2026-10-04T12:09:32.005430+00:00,184063788967583,3,ok,9.854,244d3e030309010008,090100
2026-10-04T12:09:32.015442+00:00,184063798908500,4,ok,9.929,244d3e18044d373241000002010f4d414d4241463732325f323032324136,4d373241000002010f4d414d4241463732325f3230323241
2026-10-04T12:09:32.025763+00:00,184063808903250,101,ok,10.252,244d3e0b6502043700c18000000040005e,02043700c1800000004000
2026-10-04T12:09:32.035855+00:00,184063819258250,106,ok,9.985,244d3e126a000000000000000000000000000000000f2750,000000000000000000000000000000000f27
2026-10-04T12:09:32.046156+00:00,184063829363833,107,ok,10.170,244d3e056b00000000006e,0000000000
2026-10-04T12:09:32.056155+00:00,184063839670541,108,ok,9.874,244d3e066c96ffe3fd01001c,96ffe3fd0100
2026-10-04T12:09:32.066191+00:00,184063849652291,109,ok,9.930,244d3e0a6d0000000000000000000067,00000000000000000000
2026-10-04T12:09:32.076195+00:00,184063859696791,110,ok,9.888,244d3e076e0a00000000000063,0a000000000000
2026-10-04T12:09:32.086497+00:00,184063869674833,120,ok,10.209,244d3efc78e803d007dc05640000ff00000000e803d007dc05640000ff00000000e803d007dc05640000ff00000000e803d007dc05640000ff00000000e803d007dc05640000ff00000000e803d007dc05640000ff00000000e803d007dc05640000ff00000000e803d007dc05640000ff00000000e803d007dc05640000ff00000000e803d007dc05640000ff00000000e803d007dc05640000ff00000000e803d007dc05640000ff00000000e803d007dc05640000ff00000000e803d007dc05640000ff00000000e803d007dc05640000ff00000000e803d007dc05640000ff00000000e803d007dc05640000ff00000000e803d007dc05640000ff0000000084,e803d007dc05640000ff00000000e803d007dc05640000ff00000000e803d007dc05640000ff00000000e803d007dc05640000ff00000000e803d007dc05640000ff00000000e803d007dc05640000ff00000000e803d007dc05640000ff00000000e803d007dc05640000ff00000000e803d007dc05640000ff00000000e803d007dc05640000ff00000000e803d007dc05640000ff00000000e803d007dc05640000ff00000000e803d007dc05640000ff00000000e803d007dc05640000ff00000000e803d007dc05640000ff00000000e803d007dc05640000ff00000000e803d007dc05640000ff00000000e803d007dc05640000ff00000000
2026-10-04T12:09:32.096318+00:00,184063880029666,122,error_or_bad_checksum,9.678,244d21007a7a,
2026-10-04T12:09:32.106260+00:00,184063889818500,151,ok,9.831,244d3e09970001010002020001009f,000101000202000100
2026-10-04T12:09:32.116380+00:00,184063899749083,166,ok,10.015,244d3e15a60000000000004b000000000000000f270f270f2700d0,0000000000004b000000000000000f270f270f2700
2026-10-04T12:09:32.983083+00:00,184064775019750,1,ok,1.452,244d3e030100020505,000205
2026-10-04T12:09:32.993378+00:00,184064776597708,2,ok,10.171,244d3e0402494e415616,494e4156
2026-10-04T12:09:33.003512+00:00,184064786927375,3,ok,9.966,244d3e030309010008,090100
2026-10-04T12:09:33.013898+00:00,184064797077041,4,ok,10.205,244d3e18044d373241000002010f4d414d4241463732325f323032324136,4d373241000002010f4d414d4241463732325f3230323241
2026-10-04T12:09:33.023839+00:00,184064807490666,101,ok,9.732,244d3e0b65fc033700c1800000004000a7,fc033700c1800000004000
2026-10-04T12:09:33.033769+00:00,184064817421625,106,ok,9.738,244d3e126a000000000000000000000000000000000f2750,000000000000000000000000000000000f27
2026-10-04T12:09:33.043857+00:00,184064827285833,107,ok,9.955,244d3e056b00000000006e,0000000000
2026-10-04T12:09:33.053846+00:00,184064837415583,108,ok,9.818,244d3e066c96ffe3fd01001c,96ffe3fd0100
2026-10-04T12:09:33.063906+00:00,184064847392708,109,ok,9.900,244d3e0a6d0000000000000000000067,00000000000000000000
2026-10-04T12:09:33.073949+00:00,184064857479916,110,ok,9.855,244d3e076e0a00000000000063,0a000000000000
2026-10-04T12:09:33.084228+00:00,184064867531416,120,ok,10.083,244d3efc78e803d007dc05640000ff00000000e803d007dc05640000ff00000000e803d007dc05640000ff00000000e803d007dc05640000ff00000000e803d007dc05640000ff00000000e803d007dc05640000ff00000000e803d007dc05640000ff00000000e803d007dc05640000ff00000000e803d007dc05640000ff00000000e803d007dc05640000ff00000000e803d007dc05640000ff00000000e803d007dc05640000ff00000000e803d007dc05640000ff00000000e803d007dc05640000ff00000000e803d007dc05640000ff00000000e803d007dc05640000ff00000000e803d007dc05640000ff00000000e803d007dc05640000ff0000000084,e803d007dc05640000ff00000000e803d007dc05640000ff00000000e803d007dc05640000ff00000000e803d007dc05640000ff00000000e803d007dc05640000ff00000000e803d007dc05640000ff00000000e803d007dc05640000ff00000000e803d007dc05640000ff00000000e803d007dc05640000ff00000000e803d007dc05640000ff00000000e803d007dc05640000ff00000000e803d007dc05640000ff00000000e803d007dc05640000ff00000000e803d007dc05640000ff00000000e803d007dc05640000ff00000000e803d007dc05640000ff00000000e803d007dc05640000ff00000000e803d007dc05640000ff00000000
2026-10-04T12:09:33.093953+00:00,184064877827583,122,error_or_bad_checksum,9.514,244d21007a7a,
2026-10-04T12:09:33.104025+00:00,184064887495166,151,ok,9.913,244d3e09970001010002020001009f,000101000202000100
2026-10-04T12:09:33.114028+00:00,184064897565750,166,ok,9.848,244d3e15a60000000000004b000000000000000f270f270f2700d0,0000000000004b000000000000000f270f270f2700
2026-10-04T12:09:33.990715+00:00,184065775372125,1,ok,8.733,244d3e030100020505,000205
2026-10-04T12:09:34.001023+00:00,184065784228791,2,ok,10.188,244d3e0402494e415616,494e4156
2026-10-04T12:09:34.011010+00:00,184065794532458,3,ok,9.872,244d3e030309010008,090100
2026-10-04T12:09:34.021171+00:00,184065804516208,4,ok,10.046,244d3e18044d373241000002010f4d414d4241463732325f323032324136,4d373241000002010f4d414d4241463732325f3230323241
2026-10-04T12:09:34.031146+00:00,184065814710666,101,ok,9.828,244d3e0b6515043700c180000000400049,15043700c1800000004000
2026-10-04T12:09:34.041212+00:00,184065824662625,106,ok,9.939,244d3e126a000000000000000000000000000000000f2750,000000000000000000000000000000000f27
2026-10-04T12:09:34.051282+00:00,184065834758291,107,ok,9.905,244d3e056b00000000006e,0000000000
2026-10-04T12:09:34.061145+00:00,184065844873791,108,ok,9.667,244d3e066c96ffe3fd02001f,96ffe3fd0200
2026-10-04T12:09:34.071139+00:00,184065854637583,109,ok,9.895,244d3e0a6d0000000000000000000067,00000000000000000000
2026-10-04T12:09:34.081264+00:00,184065864701458,110,ok,9.931,244d3e076e0a00000000000063,0a000000000000
2026-10-04T12:09:34.091815+00:00,184065875721166,120,ok,9.478,244d3efc78e803d007dc05640000ff00000000e803d007dc05640000ff00000000e803d007dc05640000ff00000000e803d007dc05640000ff00000000e803d007dc05640000ff00000000e803d007dc05640000ff00000000e803d007dc05640000ff00000000e803d007dc05640000ff00000000e803d007dc05640000ff00000000e803d007dc05640000ff00000000e803d007dc05640000ff00000000e803d007dc05640000ff00000000e803d007dc05640000ff00000000e803d007dc05640000ff00000000e803d007dc05640000ff00000000e803d007dc05640000ff00000000e803d007dc05640000ff00000000e803d007dc05640000ff0000000084,e803d007dc05640000ff00000000e803d007dc05640000ff00000000e803d007dc05640000ff00000000e803d007dc05640000ff00000000e803d007dc05640000ff00000000e803d007dc05640000ff00000000e803d007dc05640000ff00000000e803d007dc05640000ff00000000e803d007dc05640000ff00000000e803d007dc05640000ff00000000e803d007dc05640000ff00000000e803d007dc05640000ff00000000e803d007dc05640000ff00000000e803d007dc05640000ff00000000e803d007dc05640000ff00000000e803d007dc05640000ff00000000e803d007dc05640000ff00000000e803d007dc05640000ff00000000
2026-10-04T12:09:34.101482+00:00,184065885434041,122,error_or_bad_checksum,9.443,244d21007a7a,
2026-10-04T12:09:34.112099+00:00,184065894964000,151,ok,10.521,244d3e09970001010002020001009f,000101000202000100
2026-10-04T12:09:34.122041+00:00,184065905661041,166,ok,9.764,244d3e15a60000000000004c000000000000000f270f270f2700d7,0000000000004c000000000000000f270f270f2700
2026-10-04T12:09:34.989580+00:00,184066777787500,1,ok,5.183,244d3e030100020505,000205
2026-10-04T12:09:35.000251+00:00,184066783691291,2,ok,9.949,244d3e0402494e415616,494e4156
2026-10-04T12:09:35.009584+00:00,184066793946250,3,ok,9.031,244d3e030309010008,090100
2026-10-04T12:09:35.019985+00:00,184066803092291,4,ok,10.284,244d3e18044d373241000002010f4d414d4241463732325f323032324136,4d373241000002010f4d414d4241463732325f3230323241
2026-10-04T12:09:35.029953+00:00,184066813532666,101,ok,9.813,244d3e0b65fa033700c1800000004000a1,fa033700c1800000004000
2026-10-04T12:09:35.040232+00:00,184066823478791,106,ok,10.134,244d3e126a000000000000000000000000000000000f2750,000000000000000000000000000000000f27
2026-10-04T12:09:35.050360+00:00,184066833895708,107,ok,9.852,244d3e056b00000000006e,0000000000
2026-10-04T12:09:35.060347+00:00,184066843921333,108,ok,9.816,244d3e066c96ffe3fd02001f,96ffe3fd0200
2026-10-04T12:09:35.070699+00:00,184066853905375,109,ok,10.184,244d3e0a6d0000000000000000000067,00000000000000000000
2026-10-04T12:09:35.080702+00:00,184066864251875,110,ok,9.839,244d3e076e0a00000000000063,0a000000000000
2026-10-04T12:09:35.091393+00:00,184066874260583,120,ok,10.517,244d3efc78e803d007dc05640000ff00000000e803d007dc05640000ff00000000e803d007dc05640000ff00000000e803d007dc05640000ff00000000e803d007dc05640000ff00000000e803d007dc05640000ff00000000e803d007dc05640000ff00000000e803d007dc05640000ff00000000e803d007dc05640000ff00000000e803d007dc05640000ff00000000e803d007dc05640000ff00000000e803d007dc05640000ff00000000e803d007dc05640000ff00000000e803d007dc05640000ff00000000e803d007dc05640000ff00000000e803d007dc05640000ff00000000e803d007dc05640000ff00000000e803d007dc05640000ff0000000084,e803d007dc05640000ff00000000e803d007dc05640000ff00000000e803d007dc05640000ff00000000e803d007dc05640000ff00000000e803d007dc05640000ff00000000e803d007dc05640000ff00000000e803d007dc05640000ff00000000e803d007dc05640000ff00000000e803d007dc05640000ff00000000e803d007dc05640000ff00000000e803d007dc05640000ff00000000e803d007dc05640000ff00000000e803d007dc05640000ff00000000e803d007dc05640000ff00000000e803d007dc05640000ff00000000e803d007dc05640000ff00000000e803d007dc05640000ff00000000e803d007dc05640000ff00000000
2026-10-04T12:09:35.101090+00:00,184066885046583,122,error_or_bad_checksum,9.410,244d21007a7a,
2026-10-04T12:09:35.111016+00:00,184066894656333,151,ok,9.753,244d3e09970001010002020001009f,000101000202000100
2026-10-04T12:09:35.121118+00:00,184066904522125,166,ok,9.986,244d3e15a60000000000004c000000000000000f270f270f2700d7,0000000000004c000000000000000f270f270f2700
2026-10-04T12:09:35.998723+00:00,184067782225666,1,ok,9.890,244d3e030100020505,000205
2026-10-04T12:09:36.008741+00:00,184067792243666,2,ok,9.890,244d3e0402494e415616,494e4156
2026-10-04T12:09:36.018767+00:00,184067802290666,3,ok,9.871,244d3e030309010008,090100
2026-10-04T12:09:36.029204+00:00,184067812239875,4,ok,10.358,244d3e18044d373241000002010f4d414d4241463732325f323032324136,4d373241000002010f4d414d4241463732325f3230323241
2026-10-04T12:09:36.039121+00:00,184067822725833,101,ok,9.790,244d3e0b65fa033700c1800000004000a1,fa033700c1800000004000
2026-10-04T12:09:36.049232+00:00,184067832624708,106,ok,9.994,244d3e126a000000000000000000000000000000000f2750,000000000000000000000000000000000f27
2026-10-04T12:09:36.059052+00:00,184067842822083,107,ok,9.616,244d3e056b00000000006e,0000000000
2026-10-04T12:09:36.068951+00:00,184067852593583,108,ok,9.747,244d3e066c96ffe3fd02001f,96ffe3fd0200
2026-10-04T12:09:36.078967+00:00,184067862515583,109,ok,9.835,244d3e0a6d0000000000000000000067,00000000000000000000
2026-10-04T12:09:36.089128+00:00,184067872523958,110,ok,9.993,244d3e076e0a00000000000063,0a000000000000
2026-10-04T12:09:36.099557+00:00,184067882675166,120,ok,10.269,244d3efc78e803d007dc05640000ff00000000e803d007dc05640000ff00000000e803d007dc05640000ff00000000e803d007dc05640000ff00000000e803d007dc05640000ff00000000e803d007dc05640000ff00000000e803d007dc05640000ff00000000e803d007dc05640000ff00000000e803d007dc05640000ff00000000e803d007dc05640000ff00000000e803d007dc05640000ff00000000e803d007dc05640000ff00000000e803d007dc05640000ff00000000e803d007dc05640000ff00000000e803d007dc05640000ff00000000e803d007dc05640000ff00000000e803d007dc05640000ff00000000e803d007dc05640000ff0000000084,e803d007dc05640000ff00000000e803d007dc05640000ff00000000e803d007dc05640000ff00000000e803d007dc05640000ff00000000e803d007dc05640000ff00000000e803d007dc05640000ff00000000e803d007dc05640000ff00000000e803d007dc05640000ff00000000e803d007dc05640000ff00000000e803d007dc05640000ff00000000e803d007dc05640000ff00000000e803d007dc05640000ff00000000e803d007dc05640000ff00000000e803d007dc05640000ff00000000e803d007dc05640000ff00000000e803d007dc05640000ff00000000e803d007dc05640000ff00000000e803d007dc05640000ff00000000
2026-10-04T12:09:36.109377+00:00,184067893148500,122,error_or_bad_checksum,9.615,244d21007a7a,
2026-10-04T12:09:36.119465+00:00,184067902905458,151,ok,9.948,244d3e09970001010002020001009f,000101000202000100
2026-10-04T12:09:36.129655+00:00,184067913090458,166,ok,9.936,244d3e15a60000000000004c000000000000000f270f270f2700d7,0000000000004c000000000000000f270f270f2700
2026-10-04T12:09:36.995442+00:00,184068787319041,1,ok,1.515,244d3e030100020505,000205
2026-10-04T12:09:37.005497+00:00,184068788951541,2,ok,9.935,244d3e0402494e415616,494e4156
2026-10-04T12:09:37.015527+00:00,184068799015333,3,ok,9.907,244d3e030309010008,090100
2026-10-04T12:09:37.025541+00:00,184068809080041,4,ok,9.856,244d3e18044d373241000002010f4d414d4241463732325f323032324136,4d373241000002010f4d414d4241463732325f3230323241
2026-10-04T12:09:37.035666+00:00,184068819064875,101,ok,9.988,244d3e0b65f5033700c1800000004000ae,f5033700c1800000004000
2026-10-04T12:09:37.045688+00:00,184068829258875,106,ok,9.817,244d3e126a000000000000000000000000000000000f2750,000000000000000000000000000000000f27
2026-10-04T12:09:37.056039+00:00,184068839261291,107,ok,10.146,244d3e056b00000000006e,0000000000
2026-10-04T12:09:37.065970+00:00,184068849890833,108,ok,9.470,244d3e066c96ffe3fd02001f,96ffe3fd0200
2026-10-04T12:09:37.076128+00:00,184068859529250,109,ok,9.989,244d3e0a6d0000000000000000000067,00000000000000000000
2026-10-04T12:09:37.086401+00:00,184068869696291,110,ok,10.093,244d3e076e0a00000000000063,0a000000000000
2026-10-04T12:09:37.096532+00:00,184068879989125,120,ok,9.932,244d3efc78e803d007dc05640000ff00000000e803d007dc05640000ff00000000e803d007dc05640000ff00000000e803d007dc05640000ff00000000e803d007dc05640000ff00000000e803d007dc05640000ff00000000e803d007dc05640000ff00000000e803d007dc05640000ff00000000e803d007dc05640000ff00000000e803d007dc05640000ff00000000e803d007dc05640000ff00000000e803d007dc05640000ff00000000e803d007dc05640000ff00000000e803d007dc05640000ff00000000e803d007dc05640000ff00000000e803d007dc05640000ff00000000e803d007dc05640000ff00000000e803d007dc05640000ff0000000084,e803d007dc05640000ff00000000e803d007dc05640000ff00000000e803d007dc05640000ff00000000e803d007dc05640000ff00000000e803d007dc05640000ff00000000e803d007dc05640000ff00000000e803d007dc05640000ff00000000e803d007dc05640000ff00000000e803d007dc05640000ff00000000e803d007dc05640000ff00000000e803d007dc05640000ff00000000e803d007dc05640000ff00000000e803d007dc05640000ff00000000e803d007dc05640000ff00000000e803d007dc05640000ff00000000e803d007dc05640000ff00000000e803d007dc05640000ff00000000e803d007dc05640000ff00000000
2026-10-04T12:09:37.106412+00:00,184068890104750,122,error_or_bad_checksum,9.698,244d21007a7a,
2026-10-04T12:09:37.116383+00:00,184068899971833,151,ok,9.802,244d3e09970001010002020001009f,000101000202000100
2026-10-04T12:09:37.126472+00:00,184068909958458,166,ok,9.902,244d3e15a60000000000004d000000000000000f270f270f2700d6,0000000000004d000000000000000f270f270f2700
2026-10-04T12:09:38.001521+00:00,184069792235166,1,ok,2.687,244d3e030100020505,000205
2026-10-04T12:09:38.011882+00:00,184069794972208,2,ok,10.311,244d3e0402494e415616,494e4156
2026-10-04T12:09:38.021926+00:00,184069805357500,3,ok,9.973,244d3e030309010008,090100
2026-10-04T12:09:38.031897+00:00,184069815373375,4,ok,9.929,244d3e18044d373241000002010f4d414d4241463732325f323032324136,4d373241000002010f4d414d4241463732325f3230323241
2026-10-04T12:09:38.042298+00:00,184069825332833,101,ok,10.367,244d3e0b65fd033700c1800000004000a6,fd033700c1800000004000
2026-10-04T12:09:38.052313+00:00,184069835755333,106,ok,9.959,244d3e126a000000000000000000000000000000000f2750,000000000000000000000000000000000f27
2026-10-04T12:09:38.062374+00:00,184069845762208,107,ok,10.010,244d3e056b00000000006e,0000000000
2026-10-04T12:09:38.072521+00:00,184069855888250,108,ok,10.027,244d3e066c96ffe3fd02001f,96ffe3fd0200
2026-10-04T12:09:38.082758+00:00,184069866034000,109,ok,10.114,244d3e0a6d0000000000000000000067,00000000000000000000
2026-10-04T12:09:38.092747+00:00,184069876336333,110,ok,9.805,244d3e076e0a00000000000063,0a000000000000
2026-10-04T12:09:38.103397+00:00,184069886299458,120,ok,10.479,244d3efc78e803d007dc05640000ff00000000e803d007dc05640000ff00000000e803d007dc05640000ff00000000e803d007dc05640000ff00000000e803d007dc05640000ff00000000e803d007dc05640000ff00000000e803d007dc05640000ff00000000e803d007dc05640000ff00000000e803d007dc05640000ff00000000e803d007dc05640000ff00000000e803d007dc05640000ff00000000e803d007dc05640000ff00000000e803d007dc05640000ff00000000e803d007dc05640000ff00000000e803d007dc05640000ff00000000e803d007dc05640000ff00000000e803d007dc05640000ff00000000e803d007dc05640000ff0000000084,e803d007dc05640000ff00000000e803d007dc05640000ff00000000e803d007dc05640000ff00000000e803d007dc05640000ff00000000e803d007dc05640000ff00000000e803d007dc05640000ff00000000e803d007dc05640000ff00000000e803d007dc05640000ff00000000e803d007dc05640000ff00000000e803d007dc05640000ff00000000e803d007dc05640000ff00000000e803d007dc05640000ff00000000e803d007dc05640000ff00000000e803d007dc05640000ff00000000e803d007dc05640000ff00000000e803d007dc05640000ff00000000e803d007dc05640000ff00000000e803d007dc05640000ff00000000
2026-10-04T12:09:38.113245+00:00,184069896989125,122,error_or_bad_checksum,9.644,244d21007a7a,
2026-10-04T12:09:38.123221+00:00,184069906834291,151,ok,9.776,244d3e09970001010002020001009f,000101000202000100
2026-10-04T12:09:38.133463+00:00,184069916816208,166,ok,10.034,244d3e15a60000000000004d000000000000000f270f270f2700d6,0000000000004d000000000000000f270f270f2700
2026-10-04T12:09:39.010161+00:00,184070794396916,1,ok,9.161,244d3e030100020505,000205
2026-10-04T12:09:39.020344+00:00,184070803687500,2,ok,10.040,244d3e0402494e415616,494e4156
2026-10-04T12:09:39.030236+00:00,184070813948500,3,ok,9.683,244d3e030309010008,090100
2026-10-04T12:09:39.040396+00:00,184070823768125,4,ok,10.017,244d3e18044d373241000002010f4d414d4241463732325f323032324136,4d373241000002010f4d414d4241463732325f3230323241
2026-10-04T12:09:39.050370+00:00,184070834168708,101,ok,9.588,244d3e0b65f9033700c1800000004000a2,f9033700c1800000004000
2026-10-04T12:09:39.060343+00:00,184070843953291,106,ok,9.782,244d3e126a000000000000000000000000000000000f2750,000000000000000000000000000000000f27
2026-10-04T12:09:39.070339+00:00,184070853919083,107,ok,9.812,244d3e056b00000000006e,0000000000
2026-10-04T12:09:39.080432+00:00,184070863892791,108,ok,9.933,244d3e066c96ffe3fd02001f,96ffe3fd0200
2026-10-04T12:09:39.090404+00:00,184070874026500,109,ok,9.770,244d3e0a6d0000000000000000000067,00000000000000000000
2026-10-04T12:09:39.100438+00:00,184070883959333,110,ok,9.872,244d3e076e0a00000000000063,0a000000000000
2026-10-04T12:09:39.110727+00:00,184070893987500,120,ok,10.131,244d3efc78e803d007dc05640000ff00000000e803d007dc05640000ff00000000e803d007dc05640000ff00000000e803d007dc05640000ff00000000e803d007dc05640000ff00000000e803d007dc05640000ff00000000e803d007dc05640000ff00000000e803d007dc05640000ff00000000e803d007dc05640000ff00000000e803d007dc05640000ff00000000e803d007dc05640000ff00000000e803d007dc05640000ff00000000e803d007dc05640000ff00000000e803d007dc05640000ff00000000e803d007dc05640000ff00000000e803d007dc05640000ff00000000e803d007dc05640000ff00000000e803d007dc05640000ff0000000084,e803d007dc05640000ff00000000e803d007dc05640000ff00000000e803d007dc05640000ff00000000e803d007dc05640000ff00000000e803d007dc05640000ff00000000e803d007dc05640000ff00000000e803d007dc05640000ff00000000e803d007dc05640000ff00000000e803d007dc05640000ff00000000e803d007dc05640000ff00000000e803d007dc05640000ff00000000e803d007dc05640000ff00000000e803d007dc05640000ff00000000e803d007dc05640000ff00000000e803d007dc05640000ff00000000e803d007dc05640000ff00000000e803d007dc05640000ff00000000e803d007dc05640000ff00000000
2026-10-04T12:09:39.120457+00:00,184070904301666,122,error_or_bad_checksum,9.548,244d21007a7a,
2026-10-04T12:09:39.130511+00:00,184070914008333,151,ok,9.891,244d3e09970001010002020001009f,000101000202000100
2026-10-04T12:09:39.140607+00:00,184070924070583,166,ok,9.925,244d3e15a60000000000004e000000000000000f270f270f2700d5,0000000000004e000000000000000f270f270f2700
2026-10-04T12:09:40.010005+00:00,184071799444666,1,ok,3.957,244d3e030100020505,000205
2026-10-04T12:09:40.019915+00:00,184071803552166,2,ok,9.759,244d3e0402494e415616,494e4156
2026-10-04T12:09:40.029956+00:00,184071813824833,3,ok,9.527,244d3e030309010008,090100
2026-10-04T12:09:40.040040+00:00,184071823478833,4,ok,9.961,244d3e18044d373241000002010f4d414d4241463732325f323032324136,4d373241000002010f4d414d4241463732325f3230323241
2026-10-04T12:09:40.049999+00:00,184071833522958,101,ok,9.877,244d3e0b65fe033700c1800000004000a5,fe033700c1800000004000
2026-10-04T12:09:40.060043+00:00,184071843472166,106,ok,9.974,244d3e126a000000000000000000000000000000000f2750,000000000000000000000000000000000f27
2026-10-04T12:09:40.070044+00:00,184071853497625,107,ok,9.952,244d3e056b00000000006e,0000000000
2026-10-04T12:09:40.080080+00:00,184071863483166,108,ok,10.004,244d3e066c96ffe3fd02001f,96ffe3fd0200
2026-10-04T12:09:40.090041+00:00,184071873516416,109,ok,9.932,244d3e0a6d0000000000000000000067,00000000000000000000
2026-10-04T12:09:40.100087+00:00,184071883473291,110,ok,10.019,244d3e076e0a00000000000063,0a000000000000
2026-10-04T12:09:40.110429+00:00,184071893535666,120,ok,10.299,244d3efc78e803d007dc05640000ff00000000e803d007dc05640000ff00000000e803d007dc05640000ff00000000e803d007dc05640000ff00000000e803d007dc05640000ff00000000e803d007dc05640000ff00000000e803d007dc05640000ff00000000e803d007dc05640000ff00000000e803d007dc05640000ff00000000e803d007dc05640000ff00000000e803d007dc05640000ff00000000e803d007dc05640000ff00000000e803d007dc05640000ff00000000e803d007dc05640000ff00000000e803d007dc05640000ff00000000e803d007dc05640000ff00000000e803d007dc05640000ff00000000e803d007dc05640000ff0000000084,e803d007dc05640000ff00000000e803d007dc05640000ff00000000e803d007dc05640000ff00000000e803d007dc05640000ff00000000e803d007dc05640000ff00000000e803d007dc05640000ff00000000e803d007dc05640000ff00000000e803d007dc05640000ff00000000e803d007dc05640000ff00000000e803d007dc05640000ff00000000e803d007dc05640000ff00000000e803d007dc05640000ff00000000e803d007dc05640000ff00000000e803d007dc05640000ff00000000e803d007dc05640000ff00000000e803d007dc05640000ff00000000e803d007dc05640000ff00000000e803d007dc05640000ff00000000
2026-10-04T12:09:40.120427+00:00,184071903884833,122,error_or_bad_checksum,9.947,244d21007a7a,
2026-10-04T12:09:40.130459+00:00,184071913870083,151,ok,9.996,244d3e09970001010002020001009f,000101000202000100
2026-10-04T12:09:40.140771+00:00,184071923889708,166,ok,10.288,244d3e15a60000000000004e000000000000000f270f270f2700d5,0000000000004e000000000000000f270f270f2700
2026-10-04T12:09:41.016155+00:00,184072804529500,1,ok,5.024,244d3e030100020505,000205
2026-10-04T12:09:41.026159+00:00,184072809699416,2,ok,9.857,244d3e0402494e415616,494e4156
2026-10-04T12:09:41.036244+00:00,184072819682500,3,ok,9.955,244d3e030309010008,090100
2026-10-04T12:09:41.046210+00:00,184072829823500,4,ok,9.781,244d3e18044d373241000002010f4d414d4241463732325f323032324136,4d373241000002010f4d414d4241463732325f3230323241
2026-10-04T12:09:41.056329+00:00,184072839766333,101,ok,9.886,244d3e0b65f9033700c1800000004000a2,f9033700c1800000004000
2026-10-04T12:09:41.066493+00:00,184072849919500,106,ok,9.973,244d3e126a000000000000000000000000000000000f2750,000000000000000000000000000000000f27
2026-10-04T12:09:41.076554+00:00,184072860016166,107,ok,9.932,244d3e056b00000000006e,0000000000
2026-10-04T12:09:41.086645+00:00,184072870098625,108,ok,9.938,244d3e066c96ffe3fd02001f,96ffe3fd0200
2026-10-04T12:09:41.096617+00:00,184072880169166,109,ok,9.844,244d3e0a6d0000000000000000000067,00000000000000000000
2026-10-04T12:09:41.106786+00:00,184072890165291,110,ok,10.010,244d3e076e0a00000000000063,0a000000000000
2026-10-04T12:09:41.116896+00:00,184072900372458,120,ok,9.906,244d3efc78e803d007dc05640000ff00000000e803d007dc05640000ff00000000e803d007dc05640000ff00000000e803d007dc05640000ff00000000e803d007dc05640000ff00000000e803d007dc05640000ff00000000e803d007dc05640000ff00000000e803d007dc05640000ff00000000e803d007dc05640000ff00000000e803d007dc05640000ff00000000e803d007dc05640000ff00000000e803d007dc05640000ff00000000e803d007dc05640000ff00000000e803d007dc05640000ff00000000e803d007dc05640000ff00000000e803d007dc05640000ff00000000e803d007dc05640000ff00000000e803d007dc05640000ff0000000084,e803d007dc05640000ff00000000e803d007dc05640000ff00000000e803d007dc05640000ff00000000e803d007dc05640000ff00000000e803d007dc05640000ff00000000e803d007dc05640000ff00000000e803d007dc05640000ff00000000e803d007dc05640000ff00000000e803d007dc05640000ff00000000e803d007dc05640000ff00000000e803d007dc05640000ff00000000e803d007dc05640000ff00000000e803d007dc05640000ff00000000e803d007dc05640000ff00000000e803d007dc05640000ff00000000e803d007dc05640000ff00000000e803d007dc05640000ff00000000e803d007dc05640000ff00000000
2026-10-04T12:09:41.126686+00:00,184072910502750,122,error_or_bad_checksum,9.576,244d21007a7a,
2026-10-04T12:09:41.136718+00:00,184072920240375,151,ok,9.870,244d3e09970001010002020001009f,000101000202000100
2026-10-04T12:09:41.147546+00:00,184072930296666,166,ok,10.643,244d3e15a60000000000004e000000000000000f270f270f2700d5,0000000000004e000000000000000f270f270f2700
2026-10-04T12:09:42.023766+00:00,184073809083666,1,ok,8.081,244d3e030100020505,000205
2026-10-04T12:09:42.033756+00:00,184073817330875,2,ok,9.823,244d3e0402494e415616,494e4156
2026-10-04T12:09:42.043799+00:00,184073827282458,3,ok,9.916,244d3e030309010008,090100
2026-10-04T12:09:42.053914+00:00,184073837340708,4,ok,9.968,244d3e18044d373241000002010f4d414d4241463732325f323032324136,4d373241000002010f4d414d4241463732325f3230323241
2026-10-04T12:09:42.063914+00:00,184073847487125,101,ok,9.822,244d3e0b65fa033700c1800000004000a1,fa033700c1800000004000
2026-10-04T12:09:42.074035+00:00,184073857677041,106,ok,9.741,244d3e126a000000000000000000000000000000000f2750,000000000000000000000000000000000f27
2026-10-04T12:09:42.083888+00:00,184073867759541,107,ok,9.524,244d3e056b00000000006e,0000000000
2026-10-04T12:09:42.093917+00:00,184073877438750,108,ok,9.875,244d3e066c96ffe3fd02001f,96ffe3fd0200
2026-10-04T12:09:42.104016+00:00,184073887471791,109,ok,9.936,244d3e0a6d0000000000000000000067,00000000000000000000
2026-10-04T12:09:42.113914+00:00,184073897610875,110,ok,9.704,244d3e076e0a00000000000063,0a000000000000
2026-10-04T12:09:42.124321+00:00,184073907437625,120,ok,10.278,244d3efc78e803d007dc05640000ff00000000e803d007dc05640000ff00000000e803d007dc05640000ff00000000e803d007dc05640000ff00000000e803d007dc05640000ff00000000e803d007dc05640000ff00000000e803d007dc05640000ff00000000e803d007dc05640000ff00000000e803d007dc05640000ff00000000e803d007dc05640000ff00000000e803d007dc05640000ff00000000e803d007dc05640000ff00000000e803d007dc05640000ff00000000e803d007dc05640000ff00000000e803d007dc05640000ff00000000e803d007dc05640000ff00000000e803d007dc05640000ff00000000e803d007dc05640000ff0000000084,e803d007dc05640000ff00000000e803d007dc05640000ff00000000e803d007dc05640000ff00000000e803d007dc05640000ff00000000e803d007dc05640000ff00000000e803d007dc05640000ff00000000e803d007dc05640000ff00000000e803d007dc05640000ff00000000e803d007dc05640000ff00000000e803d007dc05640000ff00000000e803d007dc05640000ff00000000e803d007dc05640000ff00000000e803d007dc05640000ff00000000e803d007dc05640000ff00000000e803d007dc05640000ff00000000e803d007dc05640000ff00000000e803d007dc05640000ff00000000e803d007dc05640000ff00000000
2026-10-04T12:09:42.134122+00:00,184073918418625,122,error_or_bad_checksum,9.097,244d21007a7a,
2026-10-04T12:09:42.144000+00:00,184073927705625,151,ok,9.694,244d3e09970001010002020001009f,000101000202000100
2026-10-04T12:09:42.154149+00:00,184073937531666,166,ok,10.007,244d3e15a60000000000004f000000000000000f270f270f2700d4,0000000000004f000000000000000f270f270f2700
2026-10-04T12:09:43.027415+00:00,184074811631958,1,ok,9.186,244d3e030100020505,000205
2026-10-04T12:09:43.037434+00:00,184074820911541,2,ok,9.924,244d3e0402494e415616,494e4156
2026-10-04T12:09:43.047797+00:00,184074830936333,3,ok,10.260,244d3e030309010008,090100
2026-10-04T12:09:43.057874+00:00,184074841340916,4,ok,9.929,244d3e18044d373241000002010f4d414d4241463732325f323032324136,4d373241000002010f4d414d4241463732325f3230323241
2026-10-04T12:09:43.067869+00:00,184074851424208,101,ok,9.839,244d3e0b65fd033700c1800000004000a6,fd033700c1800000004000
2026-10-04T12:09:43.077825+00:00,184074861426958,106,ok,9.799,244d3e126a000000000000000000000000000000000f2750,000000000000000000000000000000000f27
2026-10-04T12:09:43.087994+00:00,184074871321791,107,ok,10.064,244d3e056b00000000006e,0000000000
2026-10-04T12:09:43.098067+00:00,184074881602041,108,ok,9.857,244d3e066c96ffe3fd02001f,96ffe3fd0200
2026-10-04T12:09:43.107931+00:00,184074891662083,109,ok,9.670,244d3e0a6d0000000000000000000067,00000000000000000000
2026-10-04T12:09:43.118103+00:00,184074901511416,110,ok,9.987,244d3e076e0a00000000000063,0a000000000000
2026-10-04T12:09:43.128277+00:00,184074911674375,120,ok,9.998,244d3efc78e803d007dc05640000ff00000000e803d007dc05640000ff00000000e803d007dc05640000ff00000000e803d007dc05640000ff00000000e803d007dc05640000ff00000000e803d007dc05640000ff00000000e803d007dc05640000ff00000000e803d007dc05640000ff00000000e803d007dc05640000ff00000000e803d007dc05640000ff00000000e803d007dc05640000ff00000000e803d007dc05640000ff00000000e803d007dc05640000ff00000000e803d007dc05640000ff00000000e803d007dc05640000ff00000000e803d007dc05640000ff00000000e803d007dc05640000ff00000000e803d007dc05640000ff0000000084,e803d007dc05640000ff00000000e803d007dc05640000ff00000000e803d007dc05640000ff00000000e803d007dc05640000ff00000000e803d007dc05640000ff00000000e803d007dc05640000ff00000000e803d007dc05640000ff00000000e803d007dc05640000ff00000000e803d007dc05640000ff00000000e803d007dc05640000ff00000000e803d007dc05640000ff00000000e803d007dc05640000ff00000000e803d007dc05640000ff00000000e803d007dc05640000ff00000000e803d007dc05640000ff00000000e803d007dc05640000ff00000000e803d007dc05640000ff00000000e803d007dc05640000ff00000000
2026-10-04T12:09:43.138328+00:00,184074921872125,122,error_or_bad_checksum,9.852,244d21007a7a,
2026-10-04T12:09:43.148401+00:00,184074931881291,151,ok,9.913,244d3e09970001010002020001009f,000101000202000100
2026-10-04T12:09:43.158473+00:00,184074942085416,166,ok,9.707,244d3e15a60000000000004f000000000000000f270f270f2700d4,0000000000004f000000000000000f270f270f2700
2026-10-04T12:09:44.024697+00:00,184075816702375,1,ok,1.396,244d3e030100020505,000205
2026-10-04T12:09:44.034854+00:00,184075818189583,2,ok,10.059,244d3e0402494e415616,494e4156
2026-10-04T12:09:44.044953+00:00,184075828386875,3,ok,9.958,244d3e030309010008,090100
2026-10-04T12:09:44.054848+00:00,184075838531916,4,ok,9.716,244d3e18044d373241000002010f4d414d4241463732325f323032324136,4d373241000002010f4d414d4241463732325f3230323241
2026-10-04T12:09:44.064959+00:00,184075848385916,101,ok,9.967,244d3e0b65f8033700c1800000004000a3,f8033700c1800000004000
2026-10-04T12:09:44.075261+00:00,184075858531208,106,ok,10.127,244d3e126a000000000000000000000000000000000f2750,000000000000000000000000000000000f27
2026-10-04T12:09:44.085276+00:00,184075868807083,107,ok,9.864,244d3e056b00000000006e,0000000000
2026-10-04T12:09:44.095267+00:00,184075878848291,108,ok,9.815,244d3e066c96ffe3fd02001f,96ffe3fd0200
2026-10-04T12:09:44.105298+00:00,184075888843250,109,ok,9.851,244d3e0a6d0000000000000000000067,00000000000000000000
2026-10-04T12:09:44.115350+00:00,184075898810875,110,ok,9.930,244d3e076e0a00000000000063,0a000000000000
2026-10-04T12:09:44.125569+00:00,184075908882166,120,ok,10.084,244d3efc78e803d007dc05640000ff00000000e803d007dc05640000ff00000000e803d007dc05640000ff00000000e803d007dc05640000ff00000000e803d007dc05640000ff00000000e803d007dc05640000ff00000000e803d007dc05640000ff00000000e803d007dc05640000ff00000000e803d007dc05640000ff00000000e803d007dc05640000ff00000000e803d007dc05640000ff00000000e803d007dc05640000ff00000000e803d007dc05640000ff00000000e803d007dc05640000ff00000000e803d007dc05640000ff00000000e803d007dc05640000ff00000000e803d007dc05640000ff00000000e803d007dc05640000ff0000000084,e803d007dc05640000ff00000000e803d007dc05640000ff00000000e803d007dc05640000ff00000000e803d007dc05640000ff00000000e803d007dc05640000ff00000000e803d007dc05640000ff00000000e803d007dc05640000ff00000000e803d007dc05640000ff00000000e803d007dc05640000ff00000000e803d007dc05640000ff00000000e803d007dc05640000ff00000000e803d007dc05640000ff00000000e803d007dc05640000ff00000000e803d007dc05640000ff00000000e803d007dc05640000ff00000000e803d007dc05640000ff00000000e803d007dc05640000ff00000000e803d007dc05640000ff00000000
2026-10-04T12:09:44.135408+00:00,184075919128416,122,error_or_bad_checksum,9.671,244d21007a7a,
2026-10-04T12:09:44.145405+00:00,184075928960375,151,ok,9.842,244d3e09970001010002020001009f,000101000202000100
2026-10-04T12:09:44.155418+00:00,184075939010250,166,ok,9.800,244d3e15a600000000000050000000000000000f270f270f2700cb,00000000000050000000000000000f270f270f2700
2026-10-04T12:09:45.032689+00:00,184076821724041,1,ok,4.365,244d3e030100020505,000205
2026-10-04T12:09:45.042753+00:00,184076826201583,2,ok,9.954,244d3e0402494e415616,494e4156
2026-10-04T12:09:45.052764+00:00,184076836276416,3,ok,9.885,244d3e030309010008,090100
2026-10-04T12:09:45.062797+00:00,184076846312916,4,ok,9.887,244d3e18044d373241000002010f4d414d4241463732325f323032324136,4d373241000002010f4d414d4241463732325f3230323241
2026-10-04T12:09:45.073182+00:00,184076856334458,101,ok,10.242,244d3e0b65f6033700c1800000004000ad,f6033700c1800000004000
2026-10-04T12:09:45.083192+00:00,184076866711666,106,ok,9.883,244d3e126a000000000000000000000000000000000f2750,000000000000000000000000000000000f27
2026-10-04T12:09:45.093158+00:00,184076876722166,107,ok,9.838,244d3e056b00000000006e,0000000000
2026-10-04T12:09:45.103177+00:00,184076886671708,108,ok,9.908,244d3e066c96ffe3fd02001f,96ffe3fd0200
2026-10-04T12:09:45.113203+00:00,184076896699000,109,ok,9.907,244d3e0a6d0000000000000000000067,00000000000000000000
2026-10-04T12:09:45.123231+00:00,184076906716750,110,ok,9.917,244d3e076e0a00000000000063,0a000000000000
2026-10-04T12:09:45.133495+00:00,184076916788333,120,ok,10.110,244d3efc78e803d007dc05640000ff00000000e803d007dc05640000ff00000000e803d007dc05640000ff00000000e803d007dc05640000ff00000000e803d007dc05640000ff00000000e803d007dc05640000ff00000000e803d007dc05640000ff00000000e803d007dc05640000ff00000000e803d007dc05640000ff00000000e803d007dc05640000ff00000000e803d007dc05640000ff00000000e803d007dc05640000ff00000000e803d007dc05640000ff00000000e803d007dc05640000ff00000000e803d007dc05640000ff00000000e803d007dc05640000ff00000000e803d007dc05640000ff00000000e803d007dc05640000ff0000000084,e803d007dc05640000ff00000000e803d007dc05640000ff00000000e803d007dc05640000ff00000000e803d007dc05640000ff00000000e803d007dc05640000ff00000000e803d007dc05640000ff00000000e803d007dc05640000ff00000000e803d007dc05640000ff00000000e803d007dc05640000ff00000000e803d007dc05640000ff00000000e803d007dc05640000ff00000000e803d007dc05640000ff00000000e803d007dc05640000ff00000000e803d007dc05640000ff00000000e803d007dc05640000ff00000000e803d007dc05640000ff00000000e803d007dc05640000ff00000000e803d007dc05640000ff00000000
2026-10-04T12:09:45.143341+00:00,184076927027375,122,error_or_bad_checksum,9.711,244d21007a7a,
2026-10-04T12:09:45.153357+00:00,184076936964833,151,ok,9.792,244d3e09970001010002020001009f,000101000202000100
2026-10-04T12:09:45.163388+00:00,184076946921750,166,ok,9.864,244d3e15a600000000000050000000000000000f270f270f2700cb,00000000000050000000000000000f270f270f2700
2026-10-04T12:09:46.040129+00:00,184077826237541,1,ok,7.290,244d3e030100020505,000205
2026-10-04T12:09:46.049827+00:00,184077833749041,2,ok,9.474,244d3e0402494e415616,494e4156
2026-10-04T12:09:46.059836+00:00,184077843391375,3,ok,9.842,244d3e030309010008,090100
2026-10-04T12:09:46.070188+00:00,184077853391500,4,ok,10.195,244d3e18044d373241000002010f4d414d4241463732325f323032324136,4d373241000002010f4d414d4241463732325f3230323241
2026-10-04T12:09:46.080193+00:00,184077863722291,101,ok,9.869,244d3e0b65f9033700c1800000004000a2,f9033700c1800000004000
2026-10-04T12:09:46.090545+00:00,184077873728666,106,ok,10.215,244d3e126a000000000000000000000000000000000f2750,000000000000000000000000000000000f27
2026-10-04T12:09:46.100581+00:00,184077884085625,107,ok,9.893,244d3e056b00000000006e,0000000000
2026-10-04T12:09:46.110620+00:00,184077894109333,108,ok,9.910,244d3e066c96ffe3fd02001f,96ffe3fd0200
2026-10-04T12:09:46.120946+00:00,184077904151333,109,ok,10.192,244d3e0a6d0000000000000000000067,00000000000000000000
2026-10-04T12:09:46.130976+00:00,184077914474625,110,ok,9.898,244d3e076e0a00000000000063,0a000000000000
2026-10-04T12:09:46.141532+00:00,184077924504500,120,ok,10.422,244d3efc78e803d007dc05640000ff00000000e803d007dc05640000ff00000000e803d007dc05640000ff00000000e803d007dc05640000ff00000000e803d007dc05640000ff00000000e803d007dc05640000ff00000000e803d007dc05640000ff00000000e803d007dc05640000ff00000000e803d007dc05640000ff00000000e803d007dc05640000ff00000000e803d007dc05640000ff00000000e803d007dc05640000ff00000000e803d007dc05640000ff00000000e803d007dc05640000ff00000000e803d007dc05640000ff00000000e803d007dc05640000ff00000000e803d007dc05640000ff00000000e803d007dc05640000ff0000000084,e803d007dc05640000ff00000000e803d007dc05640000ff00000000e803d007dc05640000ff00000000e803d007dc05640000ff00000000e803d007dc05640000ff00000000e803d007dc05640000ff00000000e803d007dc05640000ff00000000e803d007dc05640000ff00000000e803d007dc05640000ff00000000e803d007dc05640000ff00000000e803d007dc05640000ff00000000e803d007dc05640000ff00000000e803d007dc05640000ff00000000e803d007dc05640000ff00000000e803d007dc05640000ff00000000e803d007dc05640000ff00000000e803d007dc05640000ff00000000e803d007dc05640000ff00000000
2026-10-04T12:09:46.151320+00:00,184077935097750,122,error_or_bad_checksum,9.619,244d21007a7a,
2026-10-04T12:09:46.161635+00:00,184077944839541,151,ok,10.193,244d3e09970001010002020001009f,000101000202000100
2026-10-04T12:09:46.171678+00:00,184077955153708,166,ok,9.921,244d3e15a600000000000051000000000000000f270f270f2700ca,00000000000051000000000000000f270f270f2700
2026-10-04T12:09:47.039616+00:00,184078829472500,1,ok,3.525,244d3e030100020505,000205
2026-10-04T12:09:47.049589+00:00,184078833162583,2,ok,9.829,244d3e0402494e415616,494e4156
2026-10-04T12:09:47.059593+00:00,184078843110125,3,ok,9.880,244d3e030309010008,090100
2026-10-04T12:09:47.069645+00:00,184078853102125,4,ok,9.945,244d3e18044d373241000002010f4d414d4241463732325f323032324136,4d373241000002010f4d414d4241463732325f3230323241
2026-10-04T12:09:47.079667+00:00,184078863158833,101,ok,9.912,244d3e0b65eb033700c1800000004000b0,eb033700c1800000004000
2026-10-04T12:09:47.089768+00:00,184078873182000,106,ok,9.982,244d3e126a000000000000000000000000000000000f2750,000000000000000000000000000000000f27
2026-10-04T12:09:47.099697+00:00,184078883317625,107,ok,9.783,244d3e056b00000000006e,0000000000
2026-10-04T12:09:47.110075+00:00,184078893214416,108,ok,10.260,244d3e066c96ffe3fd02001f,96ffe3fd0200
2026-10-04T12:09:47.119967+00:00,184078903633833,109,ok,9.738,244d3e0a6d0000000000000000000067,00000000000000000000
2026-10-04T12:09:47.129866+00:00,184078913488208,110,ok,9.777,244d3e076e0a00000000000063,0a000000000000
2026-10-04T12:09:47.140230+00:00,184078923424166,120,ok,10.209,244d3efc78e803d007dc05640000ff00000000e803d007dc05640000ff00000000e803d007dc05640000ff00000000e803d007dc05640000ff00000000e803d007dc05640000ff00000000e803d007dc05640000ff00000000e803d007dc05640000ff00000000e803d007dc05640000ff00000000e803d007dc05640000ff00000000e803d007dc05640000ff00000000e803d007dc05640000ff00000000e803d007dc05640000ff00000000e803d007dc05640000ff00000000e803d007dc05640000ff00000000e803d007dc05640000ff00000000e803d007dc05640000ff00000000e803d007dc05640000ff00000000e803d007dc05640000ff0000000084,e803d007dc05640000ff00000000e803d007dc05640000ff00000000e803d007dc05640000ff00000000e803d007dc05640000ff00000000e803d007dc05640000ff00000000e803d007dc05640000ff00000000e803d007dc05640000ff00000000e803d007dc05640000ff00000000e803d007dc05640000ff00000000e803d007dc05640000ff00000000e803d007dc05640000ff00000000e803d007dc05640000ff00000000e803d007dc05640000ff00000000e803d007dc05640000ff00000000e803d007dc05640000ff00000000e803d007dc05640000ff00000000e803d007dc05640000ff00000000e803d007dc05640000ff00000000
2026-10-04T12:09:47.149848+00:00,184078933787666,122,error_or_bad_checksum,9.459,244d21007a7a,
2026-10-04T12:09:47.159789+00:00,184078943432750,151,ok,9.761,244d3e09970001010002020001009f,000101000202000100
2026-10-04T12:09:47.170231+00:00,184078953303375,166,ok,10.324,244d3e15a600000000000051000000000000000f270f270f2700ca,00000000000051000000000000000f270f270f2700
2026-10-04T12:09:48.049040+00:00,184079834061250,1,ok,8.389,244d3e030100020505,000205
2026-10-04T12:09:48.059019+00:00,184079842504458,2,ok,9.929,244d3e0402494e415616,494e4156
2026-10-04T12:09:48.069054+00:00,184079852458958,3,ok,10.010,244d3e030309010008,090100
2026-10-04T12:09:48.079068+00:00,184079862490291,4,ok,9.991,244d3e18044d373241000002010f4d414d4241463732325f323032324136,4d373241000002010f4d414d4241463732325f3230323241
2026-10-04T12:09:48.089101+00:00,184079872527291,101,ok,9.985,244d3e0b65fb033700c1800000004000a0,fb033700c1800000004000
2026-10-04T12:09:48.099094+00:00,184079882562666,106,ok,9.944,244d3e126a000000000000000000000000000000000f2750,000000000000000000000000000000000f27
2026-10-04T12:09:48.109112+00:00,184079892544000,107,ok,9.980,244d3e056b00000000006e,0000000000
2026-10-04T12:09:48.119349+00:00,184079902570541,108,ok,10.191,244d3e066c96ffe3fd02001f,96ffe3fd0200
2026-10-04T12:09:48.129196+00:00,184079912798166,109,ok,9.806,244d3e0a6d0000000000000000000067,00000000000000000000
2026-10-04T12:09:48.139291+00:00,184079922723833,110,ok,9.970,244d3e076e0a00000000000063,0a000000000000
2026-10-04T12:09:48.149920+00:00,184079932841125,120,ok,10.478,244d3efc78e803d007dc05640000ff00000000e803d007dc05640000ff00000000e803d007dc05640000ff00000000e803d007dc05640000ff00000000e803d007dc05640000ff00000000e803d007dc05640000ff00000000e803d007dc05640000ff00000000e803d007dc05640000ff00000000e803d007dc05640000ff00000000e803d007dc05640000ff00000000e803d007dc05640000ff00000000e803d007dc05640000ff00000000e803d007dc05640000ff00000000e803d007dc05640000ff00000000e803d007dc05640000ff00000000e803d007dc05640000ff00000000e803d007dc05640000ff00000000e803d007dc05640000ff0000000084,e803d007dc05640000ff00000000e803d007dc05640000ff00000000e803d007dc05640000ff00000000e803d007dc05640000ff00000000e803d007dc05640000ff00000000e803d007dc05640000ff00000000e803d007dc05640000ff00000000e803d007dc05640000ff00000000e803d007dc05640000ff00000000e803d007dc05640000ff00000000e803d007dc05640000ff00000000e803d007dc05640000ff00000000e803d007dc05640000ff00000000e803d007dc05640000ff00000000e803d007dc05640000ff00000000e803d007dc05640000ff00000000e803d007dc05640000ff00000000e803d007dc05640000ff00000000
2026-10-04T12:09:48.159337+00:00,184079943534500,122,error_or_bad_checksum,9.201,244d21007a7a,
2026-10-04T12:09:48.169345+00:00,184079952896583,151,ok,9.849,244d3e09970001010002020001009f,000101000202000100
2026-10-04T12:09:48.179614+00:00,184079962892041,166,ok,10.127,244d3e15a600000000000051000000000000000f270f270f2700ca,00000000000051000000000000000f270f270f2700
2026-10-04T12:09:49.046351+00:00,184080839161583,1,ok,0.593,244d3e030100020505,000205
2026-10-04T12:09:49.056842+00:00,184080839863875,2,ok,10.365,244d3e0402494e415616,494e4156
2026-10-04T12:09:49.066755+00:00,184080850394958,3,ok,9.762,244d3e030309010008,090100
2026-10-04T12:09:49.077167+00:00,184080860303708,4,ok,10.264,244d3e18044d373241000002010f4d414d4241463732325f323032324136,4d373241000002010f4d414d4241463732325f3230323241
2026-10-04T12:09:49.087441+00:00,184080870734500,101,ok,10.107,244d3e0b65fb033700c1800000004000a0,fb033700c1800000004000
2026-10-04T12:09:49.097434+00:00,184080881013000,106,ok,9.821,244d3e126a000000000000000000000000000000000f2750,000000000000000000000000000000000f27
2026-10-04T12:09:49.107790+00:00,184080890963791,107,ok,10.225,244d3e056b00000000006e,0000000000
2026-10-04T12:09:49.117791+00:00,184080901352166,108,ok,9.841,244d3e066c96ffe3fd02001f,96ffe3fd0200
2026-10-04T12:09:49.128139+00:00,184080911339541,109,ok,10.202,244d3e0a6d0000000000000000000067,00000000000000000000
2026-10-04T12:09:49.138136+00:00,184080921663916,110,ok,9.874,244d3e076e0a00000000000063,0a000000000000
2026-10-04T12:09:49.148421+00:00,184080931655458,120,ok,10.165,244d3efc78e803d007dc05640000ff00000000e803d007dc05640000ff00000000e803d007dc05640000ff00000000e803d007dc05640000ff00000000e803d007dc05640000ff00000000e803d007dc05640000ff00000000e803d007dc05640000ff00000000e803d007dc05640000ff00000000e803d007dc05640000ff00000000e803d007dc05640000ff00000000e803d007dc05640000ff00000000e803d007dc05640000ff00000000e803d007dc05640000ff00000000e803d007dc05640000ff00000000e803d007dc05640000ff00000000e803d007dc05640000ff00000000e803d007dc05640000ff00000000e803d007dc05640000ff0000000084,e803d007dc05640000ff00000000e803d007dc05640000ff00000000e803d007dc05640000ff00000000e803d007dc05640000ff00000000e803d007dc05640000ff00000000e803d007dc05640000ff00000000e803d007dc05640000ff00000000e803d007dc05640000ff00000000e803d007dc05640000ff00000000e803d007dc05640000ff00000000e803d007dc05640000ff00000000e803d007dc05640000ff00000000e803d007dc05640000ff00000000e803d007dc05640000ff00000000e803d007dc05640000ff00000000e803d007dc05640000ff00000000e803d007dc05640000ff00000000e803d007dc05640000ff00000000
2026-10-04T12:09:49.158187+00:00,184080942018208,122,error_or_bad_checksum,9.567,244d21007a7a,
2026-10-04T12:09:49.168211+00:00,184080951739333,151,ok,9.875,244d3e09970001010002020001009f,000101000202000100
2026-10-04T12:09:49.178316+00:00,184080961763166,166,ok,9.936,244d3e15a600000000000052000000000000000f270f270f2700c9,00000000000052000000000000000f270f270f2700
2026-10-04T12:09:50.055366+00:00,184081841579291,1,ok,7.193,244d3e030100020505,000205
2026-10-04T12:09:50.065364+00:00,184081848889125,2,ok,9.876,244d3e0402494e415616,494e4156
2026-10-04T12:09:50.075322+00:00,184081858960375,3,ok,9.767,244d3e030309010008,090100
2026-10-04T12:09:50.085397+00:00,184081868861541,4,ok,9.939,244d3e18044d373241000002010f4d414d4241463732325f323032324136,4d373241000002010f4d414d4241463732325f3230323241
2026-10-04T12:09:50.095311+00:00,184081878985833,101,ok,9.733,244d3e0b65ef033700c1800000004000b4,ef033700c1800000004000
2026-10-04T12:09:50.105418+00:00,184081888832041,106,ok,9.990,244d3e126a000000000000000000000000000000000f2750,000000000000000000000000000000000f27
2026-10-04T12:09:50.115446+00:00,184081898966416,107,ok,9.879,244d3e056b00000000006e,0000000000
2026-10-04T12:09:50.125501+00:00,184081909027875,108,ok,9.880,244d3e066c96ffe3fd02001f,96ffe3fd0200
2026-10-04T12:09:50.135770+00:00,184081919026666,109,ok,10.146,244d3e0a6d0000000000000000000067,00000000000000000000
2026-10-04T12:09:50.145799+00:00,184081929313125,110,ok,9.888,244d3e076e0a00000000000063,0a000000000000
2026-10-04T12:09:50.156131+00:00,184081939343958,120,ok,10.183,244d3efc78e803d007dc05640000ff00000000e803d007dc05640000ff00000000e803d007dc05640000ff00000000e803d007dc05640000ff00000000e803d007dc05640000ff00000000e803d007dc05640000ff00000000e803d007dc05640000ff00000000e803d007dc05640000ff00000000e803d007dc05640000ff00000000e803d007dc05640000ff00000000e803d007dc05640000ff00000000e803d007dc05640000ff00000000e803d007dc05640000ff00000000e803d007dc05640000ff00000000e803d007dc05640000ff00000000e803d007dc05640000ff00000000e803d007dc05640000ff00000000e803d007dc05640000ff0000000084,e803d007dc05640000ff00000000e803d007dc05640000ff00000000e803d007dc05640000ff00000000e803d007dc05640000ff00000000e803d007dc05640000ff00000000e803d007dc05640000ff00000000e803d007dc05640000ff00000000e803d007dc05640000ff00000000e803d007dc05640000ff00000000e803d007dc05640000ff00000000e803d007dc05640000ff00000000e803d007dc05640000ff00000000e803d007dc05640000ff00000000e803d007dc05640000ff00000000e803d007dc05640000ff00000000e803d007dc05640000ff00000000e803d007dc05640000ff00000000e803d007dc05640000ff00000000
2026-10-04T12:09:50.166158+00:00,184081949700750,122,error_or_bad_checksum,9.859,244d21007a7a,
2026-10-04T12:09:50.176231+00:00,184081959701833,151,ok,9.927,244d3e09970001010002020001009f,000101000202000100
2026-10-04T12:09:50.186220+00:00,184081969790541,166,ok,9.829,244d3e15a600000000000052000000000000000f270f270f2700c9,00000000000052000000000000000f270f270f2700
2026-10-04T12:09:51.054710+00:00,184082844020916,1,ok,4.091,244d3e030100020505,000205
2026-10-04T12:09:51.064793+00:00,184082848245458,2,ok,9.949,244d3e0402494e415616,494e4156
2026-10-04T12:09:51.075153+00:00,184082858373666,3,ok,10.180,244d3e030309010008,090100
2026-10-04T12:09:51.085608+00:00,184082868727541,4,ok,10.281,244d3e18044d373241000002010f4d414d4241463732325f323032324136,4d373241000002010f4d414d4241463732325f3230323241
2026-10-04T12:09:51.095166+00:00,184082879196875,101,ok,9.374,244d3e0b65f4033700c1800000004000af,f4033700c1800000004000
2026-10-04T12:09:51.105491+00:00,184082888735958,106,ok,10.159,244d3e126a000000000000000000000000000000000f2750,000000000000000000000000000000000f27
2026-10-04T12:09:51.115462+00:00,184082899067291,107,ok,9.800,244d3e056b00000000006e,0000000000
2026-10-04T12:09:51.125973+00:00,184082908996833,108,ok,10.377,244d3e066c96ffe3fd03001e,96ffe3fd0300
2026-10-04T12:09:51.135858+00:00,184082919539250,109,ok,9.716,244d3e0a6d0000000000000000000067,00000000000000000000
2026-10-04T12:09:51.146206+00:00,184082929427916,110,ok,10.181,244d3e076e0a00000000000063,0a000000000000
2026-10-04T12:09:51.156653+00:00,184082939785708,120,ok,10.258,244d3efc78e803d007dc05640000ff00000000e803d007dc05640000ff00000000e803d007dc05640000ff00000000e803d007dc05640000ff00000000e803d007dc05640000ff00000000e803d007dc05640000ff00000000e803d007dc05640000ff00000000e803d007dc05640000ff00000000e803d007dc05640000ff00000000e803d007dc05640000ff00000000e803d007dc05640000ff00000000e803d007dc05640000ff00000000e803d007dc05640000ff00000000e803d007dc05640000ff00000000e803d007dc05640000ff00000000e803d007dc05640000ff00000000e803d007dc05640000ff00000000e803d007dc05640000ff0000000084,e803d007dc05640000ff00000000e803d007dc05640000ff00000000e803d007dc05640000ff00000000e803d007dc05640000ff00000000e803d007dc05640000ff00000000e803d007dc05640000ff00000000e803d007dc05640000ff00000000e803d007dc05640000ff00000000e803d007dc05640000ff00000000e803d007dc05640000ff00000000e803d007dc05640000ff00000000e803d007dc05640000ff00000000e803d007dc05640000ff00000000e803d007dc05640000ff00000000e803d007dc05640000ff00000000e803d007dc05640000ff00000000e803d007dc05640000ff00000000e803d007dc05640000ff00000000
2026-10-04T12:09:51.166260+00:00,184082950300375,122,error_or_bad_checksum,9.360,244d21007a7a,
2026-10-04T12:09:51.176564+00:00,184082959852083,151,ok,10.112,244d3e09970001010002020001009f,000101000202000100
2026-10-04T12:09:51.186538+00:00,184082970125291,166,ok,9.821,244d3e15a600000000000053000000000000000f270f270f2700c8,00000000000053000000000000000f270f270f2700
2026-10-04T12:09:52.053719+00:00,184083845022375,1,ok,2.103,244d3e030100020505,000205
2026-10-04T12:09:52.063569+00:00,184083847239375,2,ok,9.738,244d3e0402494e415616,494e4156
2026-10-04T12:09:52.073648+00:00,184083857086875,3,ok,9.964,244d3e030309010008,090100
2026-10-04T12:09:52.083728+00:00,184083867244458,4,ok,9.888,244d3e18044d373241000002010f4d414d4241463732325f323032324136,4d373241000002010f4d414d4241463732325f3230323241
2026-10-04T12:09:52.093649+00:00,184083877311041,101,ok,9.747,244d3e0b65fb033700c1800000004000a0,fb033700c1800000004000
2026-10-04T12:09:52.103671+00:00,184083887181416,106,ok,9.898,244d3e126a000000000000000000000000000000000f2750,000000000000000000000000000000000f27
2026-10-04T12:09:52.114070+00:00,184083897210125,107,ok,10.262,244d3e056b00000000006e,0000000000
2026-10-04T12:09:52.124169+00:00,184083907639875,108,ok,9.933,244d3e066c97ffe3fd03001f,97ffe3fd0300
2026-10-04T12:09:52.134152+00:00,184083917750041,109,ok,9.804,244d3e0a6d0000000000000000000067,00000000000000000000
2026-10-04T12:09:52.144140+00:00,184083927738500,110,ok,9.803,244d3e076e0a00000000000063,0a000000000000
2026-10-04T12:09:52.154440+00:00,184083937701916,120,ok,10.139,244d3efc78e803d007dc05640000ff00000000e803d007dc05640000ff00000000e803d007dc05640000ff00000000e803d007dc05640000ff00000000e803d007dc05640000ff00000000e803d007dc05640000ff00000000e803d007dc05640000ff00000000e803d007dc05640000ff00000000e803d007dc05640000ff00000000e803d007dc05640000ff00000000e803d007dc05640000ff00000000e803d007dc05640000ff00000000e803d007dc05640000ff00000000e803d007dc05640000ff00000000e803d007dc05640000ff00000000e803d007dc05640000ff00000000e803d007dc05640000ff00000000e803d007dc05640000ff0000000084,e803d007dc05640000ff00000000e803d007dc05640000ff00000000e803d007dc05640000ff00000000e803d007dc05640000ff00000000e803d007dc05640000ff00000000e803d007dc05640000ff00000000e803d007dc05640000ff00000000e803d007dc05640000ff00000000e803d007dc05640000ff00000000e803d007dc05640000ff00000000e803d007dc05640000ff00000000e803d007dc05640000ff00000000e803d007dc05640000ff00000000e803d007dc05640000ff00000000e803d007dc05640000ff00000000e803d007dc05640000ff00000000e803d007dc05640000ff00000000e803d007dc05640000ff00000000
2026-10-04T12:09:52.164139+00:00,184083948115875,122,error_or_bad_checksum,9.427,244d21007a7a,
2026-10-04T12:09:52.174190+00:00,184083957696458,151,ok,9.895,244d3e09970001010002020001009f,000101000202000100
2026-10-04T12:09:52.184279+00:00,184083967773750,166,ok,9.909,244d3e15a600000000000053000000000000000f270f270f2700c8,00000000000053000000000000000f270f270f2700
2026-10-04T12:09:53.058503+00:00,184084848855500,1,ok,3.058,244d3e030100020505,000205
2026-10-04T12:09:53.068551+00:00,184084852032208,2,ok,9.924,244d3e0402494e415616,494e4156
2026-10-04T12:09:53.078978+00:00,184084862113125,3,ok,10.254,244d3e030309010008,090100
2026-10-04T12:09:53.089227+00:00,184084872659083,4,ok,9.969,244d3e18044d373241000002010f4d414d4241463732325f323032324136,4d373241000002010f4d414d4241463732325f3230323241
2026-10-04T12:09:53.099183+00:00,184084882781916,101,ok,9.809,244d3e0b6500043700c18000000040005c,00043700c1800000004000
2026-10-04T12:09:53.109112+00:00,184084892719208,106,ok,9.801,244d3e126a000000000000000000000000000000000f2750,000000000000000000000000000000000f27
2026-10-04T12:09:53.119017+00:00,184084902668833,107,ok,9.752,244d3e056b00000000006e,0000000000
2026-10-04T12:09:53.129266+00:00,184084912579291,108,ok,10.095,244d3e066c96ffe3fd03001e,96ffe3fd0300
2026-10-04T12:09:53.139317+00:00,184084922828708,109,ok,9.895,244d3e0a6d0000000000000000000067,00000000000000000000
2026-10-04T12:09:53.149195+00:00,184084932941583,110,ok,9.661,244d3e076e0a00000000000063,0a000000000000
2026-10-04T12:09:53.159664+00:00,184084942768583,120,ok,10.296,244d3efc78e803d007dc05640000ff00000000e803d007dc05640000ff00000000e803d007dc05640000ff00000000e803d007dc05640000ff00000000e803d007dc05640000ff00000000e803d007dc05640000ff00000000e803d007dc05640000ff00000000e803d007dc05640000ff00000000e803d007dc05640000ff00000000e803d007dc05640000ff00000000e803d007dc05640000ff00000000e803d007dc05640000ff00000000e803d007dc05640000ff00000000e803d007dc05640000ff00000000e803d007dc05640000ff00000000e803d007dc05640000ff00000000e803d007dc05640000ff00000000e803d007dc05640000ff0000000084,e803d007dc05640000ff00000000e803d007dc05640000ff00000000e803d007dc05640000ff00000000e803d007dc05640000ff00000000e803d007dc05640000ff00000000e803d007dc05640000ff00000000e803d007dc05640000ff00000000e803d007dc05640000ff00000000e803d007dc05640000ff00000000e803d007dc05640000ff00000000e803d007dc05640000ff00000000e803d007dc05640000ff00000000e803d007dc05640000ff00000000e803d007dc05640000ff00000000e803d007dc05640000ff00000000e803d007dc05640000ff00000000e803d007dc05640000ff00000000e803d007dc05640000ff00000000
2026-10-04T12:09:53.169324+00:00,184084953269083,122,error_or_bad_checksum,9.463,244d21007a7a,
2026-10-04T12:09:53.179699+00:00,184084962858625,151,ok,10.244,244d3e09970001010002020001009f,000101000202000100
2026-10-04T12:09:53.189766+00:00,184084973314250,166,ok,9.858,244d3e15a600000000000054000000000000000f270f270f2700cf,00000000000054000000000000000f270f270f2700
2026-10-04T12:09:54.065301+00:00,184085849747333,1,ok,8.958,244d3e030100020505,000205
2026-10-04T12:09:54.075332+00:00,184085858837375,2,ok,9.895,244d3e0402494e415616,494e4156
2026-10-04T12:09:54.085327+00:00,184085868874875,3,ok,9.857,244d3e030309010008,090100
2026-10-04T12:09:54.095375+00:00,184085878862833,4,ok,9.913,244d3e18044d373241000002010f4d414d4241463732325f323032324136,4d373241000002010f4d414d4241463732325f3230323241
2026-10-04T12:09:54.105398+00:00,184085888950333,101,ok,9.855,244d3e0b65f9033700c1800000004000a2,f9033700c1800000004000
2026-10-04T12:09:54.115436+00:00,184085898947708,106,ok,9.894,244d3e126a000000000000000000000000000000000f2750,000000000000000000000000000000000f27
2026-10-04T12:09:54.125670+00:00,184085909012625,107,ok,10.065,244d3e056b00000000006e,0000000000
2026-10-04T12:09:54.135725+00:00,184085919212000,108,ok,9.921,244d3e066c97ffe3fd03001f,97ffe3fd0300
2026-10-04T12:09:54.145775+00:00,184085929272208,109,ok,9.908,244d3e0a6d0000000000000000000067,00000000000000000000
2026-10-04T12:09:54.155784+00:00,184085939348833,110,ok,9.840,244d3e076e0a00000000000063,0a000000000000
2026-10-04T12:09:54.166045+00:00,184085949348958,120,ok,10.100,244d3efc78e803d007dc05640000ff00000000e803d007dc05640000ff00000000e803d007dc05640000ff00000000e803d007dc05640000ff00000000e803d007dc05640000ff00000000e803d007dc05640000ff00000000e803d007dc05640000ff00000000e803d007dc05640000ff00000000e803d007dc05640000ff00000000e803d007dc05640000ff00000000e803d007dc05640000ff00000000e803d007dc05640000ff00000000e803d007dc05640000ff00000000e803d007dc05640000ff00000000e803d007dc05640000ff00000000e803d007dc05640000ff00000000e803d007dc05640000ff00000000e803d007dc05640000ff0000000084,e803d007dc05640000ff00000000e803d007dc05640000ff00000000e803d007dc05640000ff00000000e803d007dc05640000ff00000000e803d007dc05640000ff00000000e803d007dc05640000ff00000000e803d007dc05640000ff00000000e803d007dc05640000ff00000000e803d007dc05640000ff00000000e803d007dc05640000ff00000000e803d007dc05640000ff00000000e803d007dc05640000ff00000000e803d007dc05640000ff00000000e803d007dc05640000ff00000000e803d007dc05640000ff00000000e803d007dc05640000ff00000000e803d007dc05640000ff00000000e803d007dc05640000ff00000000
2026-10-04T12:09:54.175852+00:00,184085959651041,122,error_or_bad_checksum,9.606,244d21007a7a,
2026-10-04T12:09:54.185922+00:00,184085969423541,151,ok,9.906,244d3e09970001010002020001009f,000101000202000100
2026-10-04T12:09:54.195963+00:00,184085979486166,166,ok,9.881,244d3e15a600000000000054000000000000000f270f270f2700cf,00000000000054000000000000000f270f270f2700
2026-10-04T12:09:55.061931+00:00,184086852898208,1,ok,2.444,244d3e030100020505,000205
2026-10-04T12:09:55.072033+00:00,184086855466791,2,ok,9.976,244d3e0402494e415616,494e4156
2026-10-04T12:09:55.082085+00:00,184086865595250,3,ok,9.896,244d3e030309010008,090100
2026-10-04T12:09:55.092131+00:00,184086875664625,4,ok,9.877,244d3e18044d373241000002010f4d414d4241463732325f323032324136,4d373241000002010f4d414d4241463732325f3230323241
2026-10-04T12:09:55.102430+00:00,184086885677208,101,ok,10.164,244d3e0b65eb033700c1800000004000b0,eb033700c1800000004000
2026-10-04T12:09:55.112444+00:00,184086895971583,106,ok,9.883,244d3e126a000000000000000000000000000000000f2750,000000000000000000000000000000000f27
2026-10-04T12:09:55.122470+00:00,184086905988500,107,ok,9.890,244d3e056b00000000006e,0000000000
2026-10-04T12:09:55.132497+00:00,184086916029791,108,ok,9.874,244d3e066c97ffe3fd03001f,97ffe3fd0300
2026-10-04T12:09:55.142462+00:00,184086926081375,109,ok,9.793,244d3e0a6d0000000000000000000067,00000000000000000000
2026-10-04T12:09:55.152505+00:00,184086935980666,110,ok,9.931,244d3e076e0a00000000000063,0a000000000000
2026-10-04T12:09:55.162702+00:00,184086946073125,120,ok,10.041,244d3efc78e803d007dc05640000ff00000000e803d007dc05640000ff00000000e803d007dc05640000ff00000000e803d007dc05640000ff00000000e803d007dc05640000ff00000000e803d007dc05640000ff00000000e803d007dc05640000ff00000000e803d007dc05640000ff00000000e803d007dc05640000ff00000000e803d007dc05640000ff00000000e803d007dc05640000ff00000000e803d007dc05640000ff00000000e803d007dc05640000ff00000000e803d007dc05640000ff00000000e803d007dc05640000ff00000000e803d007dc05640000ff00000000e803d007dc05640000ff00000000e803d007dc05640000ff0000000084,e803d007dc05640000ff00000000e803d007dc05640000ff00000000e803d007dc05640000ff00000000e803d007dc05640000ff00000000e803d007dc05640000ff00000000e803d007dc05640000ff00000000e803d007dc05640000ff00000000e803d007dc05640000ff00000000e803d007dc05640000ff00000000e803d007dc05640000ff00000000e803d007dc05640000ff00000000e803d007dc05640000ff00000000e803d007dc05640000ff00000000e803d007dc05640000ff00000000e803d007dc05640000ff00000000e803d007dc05640000ff00000000e803d007dc05640000ff00000000e803d007dc05640000ff00000000
2026-10-04T12:09:55.172544+00:00,184086956282333,122,error_or_bad_checksum,9.669,244d21007a7a,
2026-10-04T12:09:55.182661+00:00,184086966106750,151,ok,9.958,244d3e09970001010002020001009f,000101000202000100
2026-10-04T12:09:55.193111+00:00,184086976273458,166,ok,10.243,244d3e15a600000000000054000000000000000f270f270f2700cf,00000000000054000000000000000f270f270f2700
2026-10-04T12:09:56.069117+00:00,184087853799583,1,ok,8.726,244d3e030100020505,000205
2026-10-04T12:09:56.079166+00:00,184087862744208,2,ok,9.830,244d3e0402494e415616,494e4156
2026-10-04T12:09:56.089226+00:00,184087872745083,3,ok,9.885,244d3e030309010008,090100
2026-10-04T12:09:56.099115+00:00,184087882842208,4,ok,9.685,244d3e18044d373241000002010f4d414d4241463732325f323032324136,4d373241000002010f4d414d4241463732325f3230323241
2026-10-04T12:09:56.109143+00:00,184087892651833,101,ok,9.899,244d3e0b65f8033700c1800000004000a3,f8033700c1800000004000
2026-10-04T12:09:56.119577+00:00,184087902709000,106,ok,10.268,244d3e126a000000000000000000000000000000000f2750,000000000000000000000000000000000f27
2026-10-04T12:09:56.129435+00:00,184087913167333,107,ok,9.678,244d3e056b00000000006e,0000000000
2026-10-04T12:09:56.139803+00:00,184087922976416,108,ok,10.231,244d3e066c97ffe3fd03001f,97ffe3fd0300
2026-10-04T12:09:56.149554+00:00,184087933370125,109,ok,9.591,244d3e0a6d0000000000000000000067,00000000000000000000
2026-10-04T12:09:56.159605+00:00,184087943090625,110,ok,9.921,244d3e076e0a00000000000063,0a000000000000
2026-10-04T12:09:56.169787+00:00,184087953137875,120,ok,10.057,244d3efc78e803d007dc05640000ff00000000e803d007dc05640000ff00000000e803d007dc05640000ff00000000e803d007dc05640000ff00000000e803d007dc05640000ff00000000e803d007dc05640000ff00000000e803d007dc05640000ff00000000e803d007dc05640000ff00000000e803d007dc05640000ff00000000e803d007dc05640000ff00000000e803d007dc05640000ff00000000e803d007dc05640000ff00000000e803d007dc05640000ff00000000e803d007dc05640000ff00000000e803d007dc05640000ff00000000e803d007dc05640000ff00000000e803d007dc05640000ff00000000e803d007dc05640000ff0000000084,e803d007dc05640000ff00000000e803d007dc05640000ff00000000e803d007dc05640000ff00000000e803d007dc05640000ff00000000e803d007dc05640000ff00000000e803d007dc05640000ff00000000e803d007dc05640000ff00000000e803d007dc05640000ff00000000e803d007dc05640000ff00000000e803d007dc05640000ff00000000e803d007dc05640000ff00000000e803d007dc05640000ff00000000e803d007dc05640000ff00000000e803d007dc05640000ff00000000e803d007dc05640000ff00000000e803d007dc05640000ff00000000e803d007dc05640000ff00000000e803d007dc05640000ff00000000
2026-10-04T12:09:56.179607+00:00,184087963336208,122,error_or_bad_checksum,9.679,244d21007a7a,
2026-10-04T12:09:56.189850+00:00,184087973132916,151,ok,10.129,244d3e09970001010002020001009f,000101000202000100
2026-10-04T12:09:56.200006+00:00,184087983439916,166,ok,9.973,244d3e15a600000000000055000000000000000f270f270f2700ce,00000000000055000000000000000f270f270f2700
2026-10-04T12:09:57.068430+00:00,184088858875291,1,ok,2.969,244d3e030100020505,000205
2026-10-04T12:09:57.078654+00:00,184088861951166,2,ok,10.102,244d3e0402494e415616,494e4156
2026-10-04T12:09:57.088841+00:00,184088872287500,3,ok,9.965,244d3e030309010008,090100
2026-10-04T12:09:57.098919+00:00,184088882399416,4,ok,9.931,244d3e18044d373241000002010f4d414d4241463732325f323032324136,4d373241000002010f4d414d4241463732325f3230323241
2026-10-04T12:09:57.109174+00:00,184088892496958,101,ok,10.089,244d3e0b651b043700c180000000400047,1b043700c1800000004000
2026-10-04T12:09:57.119149+00:00,184088902716083,106,ok,9.849,244d3e126a000000000000000000000000000000000f2750,000000000000000000000000000000000f27
2026-10-04T12:09:57.129284+00:00,184088912664375,107,ok,10.029,244d3e056b00000000006e,0000000000
2026-10-04T12:09:57.139216+00:00,184088922831083,108,ok,9.800,244d3e066c97ffe3fd03001f,97ffe3fd0300
2026-10-04T12:09:57.149258+00:00,184088932749541,109,ok,9.922,244d3e0a6d0000000000000000000067,00000000000000000000
2026-10-04T12:09:57.159280+00:00,184088942797000,110,ok,9.897,244d3e076e0a00000000000063,0a000000000000
2026-10-04T12:09:57.169674+00:00,184088952804375,120,ok,10.277,244d3efc78e803d007dc05640000ff00000000e803d007dc05640000ff00000000e803d007dc05640000ff00000000e803d007dc05640000ff00000000e803d007dc05640000ff00000000e803d007dc05640000ff00000000e803d007dc05640000ff00000000e803d007dc05640000ff00000000e803d007dc05640000ff00000000e803d007dc05640000ff00000000e803d007dc05640000ff00000000e803d007dc05640000ff00000000e803d007dc05640000ff00000000e803d007dc05640000ff00000000e803d007dc05640000ff00000000e803d007dc05640000ff00000000e803d007dc05640000ff00000000e803d007dc05640000ff0000000084,e803d007dc05640000ff00000000e803d007dc05640000ff00000000e803d007dc05640000ff00000000e803d007dc05640000ff00000000e803d007dc05640000ff00000000e803d007dc05640000ff00000000e803d007dc05640000ff00000000e803d007dc05640000ff00000000e803d007dc05640000ff00000000e803d007dc05640000ff00000000e803d007dc05640000ff00000000e803d007dc05640000ff00000000e803d007dc05640000ff00000000e803d007dc05640000ff00000000e803d007dc05640000ff00000000e803d007dc05640000ff00000000e803d007dc05640000ff00000000e803d007dc05640000ff00000000
2026-10-04T12:09:57.179383+00:00,184088963350291,122,error_or_bad_checksum,9.442,244d21007a7a,
2026-10-04T12:09:57.189396+00:00,184088972957833,151,ok,9.849,244d3e09970001010002020001009f,000101000202000100
2026-10-04T12:09:57.199439+00:00,184088982984208,166,ok,9.866,244d3e15a600000000000055000000000000000f270f270f2700ce,00000000000055000000000000000f270f270f2700
2026-10-04T12:09:58.076109+00:00,184089863905916,1,ok,5.618,244d3e030100020505,000205
2026-10-04T12:09:58.086135+00:00,184089869644541,2,ok,9.905,244d3e0402494e415616,494e4156
2026-10-04T12:09:58.096432+00:00,184089879660333,3,ok,10.189,244d3e030309010008,090100
2026-10-04T12:09:58.106523+00:00,184089889934833,4,ok,10.000,244d3e18044d373241000002010f4d414d4241463732325f323032324136,4d373241000002010f4d414d4241463732325f3230323241
2026-10-04T12:09:58.116539+00:00,184089900088416,101,ok,9.858,244d3e0b65f5033700c1800000004000ae,f5033700c1800000004000
2026-10-04T12:09:58.126560+00:00,184089910071458,106,ok,9.903,244d3e126a000000000000000000000000000000000f2750,000000000000000000000000000000000f27
2026-10-04T12:09:58.136713+00:00,184089920071000,107,ok,10.046,244d3e056b00000000006e,0000000000
2026-10-04T12:09:58.146629+00:00,184089930277750,108,ok,9.764,244d3e066c97ffe3fd03001f,97ffe3fd0300
2026-10-04T12:09:58.156634+00:00,184089940162250,109,ok,9.887,244d3e0a6d0000000000000000000067,00000000000000000000
2026-10-04T12:09:58.166660+00:00,184089950165125,110,ok,9.908,244d3e076e0a00000000000063,0a000000000000
2026-10-04T12:09:58.177211+00:00,184089960287208,120,ok,10.337,244d3efc78e803d007dc05640000ff00000000e803d007dc05640000ff00000000e803d007dc05640000ff00000000e803d007dc05640000ff00000000e803d007dc05640000ff00000000e803d007dc05640000ff00000000e803d007dc05640000ff00000000e803d007dc05640000ff00000000e803d007dc05640000ff00000000e803d007dc05640000ff00000000e803d007dc05640000ff00000000e803d007dc05640000ff00000000e803d007dc05640000ff00000000e803d007dc05640000ff00000000e803d007dc05640000ff00000000e803d007dc05640000ff00000000e803d007dc05640000ff00000000e803d007dc05640000ff0000000084,e803d007dc05640000ff00000000e803d007dc05640000ff00000000e803d007dc05640000ff00000000e803d007dc05640000ff00000000e803d007dc05640000ff00000000e803d007dc05640000ff00000000e803d007dc05640000ff00000000e803d007dc05640000ff00000000e803d007dc05640000ff00000000e803d007dc05640000ff00000000e803d007dc05640000ff00000000e803d007dc05640000ff00000000e803d007dc05640000ff00000000e803d007dc05640000ff00000000e803d007dc05640000ff00000000e803d007dc05640000ff00000000e803d007dc05640000ff00000000e803d007dc05640000ff00000000
2026-10-04T12:09:58.187075+00:00,184089970743125,122,error_or_bad_checksum,9.744,244d21007a7a,
2026-10-04T12:09:58.197075+00:00,184089980597916,151,ok,9.891,244d3e09970001010002020001009f,000101000202000100
2026-10-04T12:09:58.207105+00:00,184089990608041,166,ok,9.912,244d3e15a600000000000056000000000000000f270f270f2700cd,00000000000056000000000000000f270f270f2700
2026-10-04T12:09:59.084402+00:00,184090868893166,1,ok,8.928,244d3e030100020505,000205
2026-10-04T12:09:59.094383+00:00,184090877900958,2,ok,9.903,244d3e0402494e415616,494e4156
2026-10-04T12:09:59.104417+00:00,184090887873250,3,ok,9.964,244d3e030309010008,090100
2026-10-04T12:09:59.114486+00:00,184090897899916,4,ok,10.008,244d3e18044d373241000002010f4d414d4241463732325f323032324136,4d373241000002010f4d414d4241463732325f3230323241
2026-10-04T12:09:59.124475+00:00,184090907967291,101,ok,9.927,244d3e0b65f6033700c1800000004000ad,f6033700c1800000004000
2026-10-04T12:09:59.134462+00:00,184090917994291,106,ok,9.888,244d3e126a000000000000000000000000000000000f2750,000000000000000000000000000000000f27
2026-10-04T12:09:59.144497+00:00,184090927971208,107,ok,9.947,244d3e056b00000000006e,0000000000
2026-10-04T12:09:59.154559+00:00,184090937968458,108,ok,10.011,244d3e066c97ffe3fd03001f,97ffe3fd0300
2026-10-04T12:09:59.164532+00:00,184090948029875,109,ok,9.925,244d3e0a6d0000000000000000000067,00000000000000000000
2026-10-04T12:09:59.174863+00:00,184090957994791,110,ok,10.292,244d3e076e0a00000000000063,0a000000000000
2026-10-04T12:09:59.185092+00:00,184090968317833,120,ok,10.199,244d3efc78e803d007dc05640000ff00000000e803d007dc05640000ff00000000e803d007dc05640000ff00000000e803d007dc05640000ff00000000e803d007dc05640000ff00000000e803d007dc05640000ff00000000e803d007dc05640000ff00000000e803d007dc05640000ff00000000e803d007dc05640000ff00000000e803d007dc05640000ff00000000e803d007dc05640000ff00000000e803d007dc05640000ff00000000e803d007dc05640000ff00000000e803d007dc05640000ff00000000e803d007dc05640000ff00000000e803d007dc05640000ff00000000e803d007dc05640000ff00000000e803d007dc05640000ff0000000084,e803d007dc05640000ff00000000e803d007dc05640000ff00000000e803d007dc05640000ff00000000e803d007dc05640000ff00000000e803d007dc05640000ff00000000e803d007dc05640000ff00000000e803d007dc05640000ff00000000e803d007dc05640000ff00000000e803d007dc05640000ff00000000e803d007dc05640000ff00000000e803d007dc05640000ff00000000e803d007dc05640000ff00000000e803d007dc05640000ff00000000e803d007dc05640000ff00000000e803d007dc05640000ff00000000e803d007dc05640000ff00000000e803d007dc05640000ff00000000e803d007dc05640000ff00000000
2026-10-04T12:09:59.194901+00:00,184090978557666,122,error_or_bad_checksum,9.762,244d21007a7a,
2026-10-04T12:09:59.205226+00:00,184090988391416,151,ok,10.259,244d3e09970001010002020001009f,000101000202000100
2026-10-04T12:09:59.215282+00:00,184090998688500,166,ok,10.017,244d3e15a600000000000056000000000000000f270f270f2700cd,00000000000056000000000000000f270f270f2700
2026-10-04T12:10:00.090239+00:00,184091873762041,1,ok,9.894,244d3e030100020505,000205
2026-10-04T12:10:00.100265+00:00,184091883758541,2,ok,9.923,244d3e0402494e415616,494e4156
2026-10-04T12:10:00.110269+00:00,184091893805916,3,ok,9.880,244d3e030309010008,090100
2026-10-04T12:10:00.120388+00:00,184091903798875,4,ok,10.006,244d3e18044d373241000002010f4d414d4241463732325f323032324136,4d373241000002010f4d414d4241463732325f3230323241
2026-10-04T12:10:00.130357+00:00,184091913937208,101,ok,9.831,244d3e0b65f8033700c1800000004000a3,f8033700c1800000004000
2026-10-04T12:10:00.140370+00:00,184091923900375,106,ok,9.884,244d3e126a000000000000000000000000000000000f2750,000000000000000000000000000000000f27
2026-10-04T12:10:00.150361+00:00,184091933918750,107,ok,9.858,244d3e056b00000000006e,0000000000
2026-10-04T12:10:00.160378+00:00,184091943880625,108,ok,9.914,244d3e066c97ffe3fd03001f,97ffe3fd0300
2026-10-04T12:10:00.170769+00:00,184091953883000,109,ok,10.300,244d3e0a6d0000000000000000000067,00000000000000000000
2026-10-04T12:10:00.180731+00:00,184091964319333,110,ok,9.830,244d3e076e0a00000000000063,0a000000000000
2026-10-04T12:10:00.191290+00:00,184091974268041,120,ok,10.439,244d3efc78e803d007dc05640000ff00000000e803d007dc05640000ff00000000e803d007dc05640000ff00000000e803d007dc05640000ff00000000e803d007dc05640000ff00000000e803d007dc05640000ff00000000e803d007dc05640000ff00000000e803d007dc05640000ff00000000e803d007dc05640000ff00000000e803d007dc05640000ff00000000e803d007dc05640000ff00000000e803d007dc05640000ff00000000e803d007dc05640000ff00000000e803d007dc05640000ff00000000e803d007dc05640000ff00000000e803d007dc05640000ff00000000e803d007dc05640000ff00000000e803d007dc05640000ff0000000084,e803d007dc05640000ff00000000e803d007dc05640000ff00000000e803d007dc05640000ff00000000e803d007dc05640000ff00000000e803d007dc05640000ff00000000e803d007dc05640000ff00000000e803d007dc05640000ff00000000e803d007dc05640000ff00000000e803d007dc05640000ff00000000e803d007dc05640000ff00000000e803d007dc05640000ff00000000e803d007dc05640000ff00000000e803d007dc05640000ff00000000e803d007dc05640000ff00000000e803d007dc05640000ff00000000e803d007dc05640000ff00000000e803d007dc05640000ff00000000e803d007dc05640000ff00000000
2026-10-04T12:10:00.201082+00:00,184091984860166,122,error_or_bad_checksum,9.637,244d21007a7a,
2026-10-04T12:10:00.211413+00:00,184091994619041,151,ok,10.210,244d3e09970001010002020001009f,000101000202000100
2026-10-04T12:10:00.221736+00:00,184092004952250,166,ok,10.203,244d3e15a600000000000056000000000000000f270f270f2700cd,00000000000056000000000000000f270f270f2700
2026-10-04T12:10:01.088449+00:00,184092874784375,1,ok,7.083,244d3e030100020505,000205
2026-10-04T12:10:01.098434+00:00,184092881945791,2,ok,9.912,244d3e0402494e415616,494e4156
2026-10-04T12:10:01.108764+00:00,184092891892083,3,ok,10.297,244d3e030309010008,090100
2026-10-04T12:10:01.118828+00:00,184092902219208,4,ok,10.033,244d3e18044d373241000002010f4d414d4241463732325f323032324136,4d373241000002010f4d414d4241463732325f3230323241
2026-10-04T12:10:01.128827+00:00,184092912292708,101,ok,9.962,244d3e0b65ef033700c1800000004000b4,ef033700c1800000004000
2026-10-04T12:10:01.139082+00:00,184092922280750,106,ok,10.228,244d3e126a000000000000000000000000000000000f2750,000000000000000000000000000000000f27
2026-10-04T12:10:01.149137+00:00,184092932530208,107,ok,10.034,244d3e056b00000000006e,0000000000
2026-10-04T12:10:01.159117+00:00,184092942589708,108,ok,9.954,244d3e066c97ffe3fd03001f,97ffe3fd0300
2026-10-04T12:10:01.169157+00:00,184092952569583,109,ok,10.014,244d3e0a6d0000000000000000000067,00000000000000000000
2026-10-04T12:10:01.179509+00:00,184092962612333,110,ok,10.323,244d3e076e0a00000000000063,0a000000000000
2026-10-04T12:10:01.189806+00:00,184092972958541,120,ok,10.275,244d3efc78e803d007dc05640000ff00000000e803d007dc05640000ff00000000e803d007dc05640000ff00000000e803d007dc05640000ff00000000e803d007dc05640000ff00000000e803d007dc05640000ff00000000e803d007dc05640000ff00000000e803d007dc05640000ff00000000e803d007dc05640000ff00000000e803d007dc05640000ff00000000e803d007dc05640000ff00000000e803d007dc05640000ff00000000e803d007dc05640000ff00000000e803d007dc05640000ff00000000e803d007dc05640000ff00000000e803d007dc05640000ff00000000e803d007dc05640000ff00000000e803d007dc05640000ff0000000084,e803d007dc05640000ff00000000e803d007dc05640000ff00000000e803d007dc05640000ff00000000e803d007dc05640000ff00000000e803d007dc05640000ff00000000e803d007dc05640000ff00000000e803d007dc05640000ff00000000e803d007dc05640000ff00000000e803d007dc05640000ff00000000e803d007dc05640000ff00000000e803d007dc05640000ff00000000e803d007dc05640000ff00000000e803d007dc05640000ff00000000e803d007dc05640000ff00000000e803d007dc05640000ff00000000e803d007dc05640000ff00000000e803d007dc05640000ff00000000e803d007dc05640000ff00000000
2026-10-04T12:10:01.199545+00:00,184092983266041,122,error_or_bad_checksum,9.704,244d21007a7a,
2026-10-04T12:10:01.209846+00:00,184092992993333,151,ok,10.280,244d3e09970001010002020001009f,000101000202000100
2026-10-04T12:10:01.219965+00:00,184093003290625,166,ok,10.098,244d3e15a600000000000057000000000000000f270f270f2700cc,00000000000057000000000000000f270f270f2700
2026-10-04T12:10:02.090721+00:00,184093879844500,1,ok,4.290,244d3e030100020505,000205
2026-10-04T12:10:02.100736+00:00,184093884279041,2,ok,9.874,244d3e0402494e415616,494e4156
2026-10-04T12:10:02.110707+00:00,184093894279708,3,ok,9.845,244d3e030309010008,090100
2026-10-04T12:10:02.120798+00:00,184093904250375,4,ok,9.963,244d3e18044d373241000002010f4d414d4241463732325f323032324136,4d373241000002010f4d414d4241463732325f3230323241
2026-10-04T12:10:02.130862+00:00,184093914370208,101,ok,9.906,244d3e0b65ff033700c1800000004000a4,ff033700c1800000004000
2026-10-04T12:10:02.141146+00:00,184093924444791,106,ok,10.111,244d3e126a000000000000000000000000000000000f2750,000000000000000000000000000000000f27
2026-10-04T12:10:02.151169+00:00,184093934763666,107,ok,9.823,244d3e056b00000000006e,0000000000
2026-10-04T12:10:02.161149+00:00,184093944736250,108,ok,9.831,244d3e066c97ffe3fd03001f,97ffe3fd0300
2026-10-04T12:10:02.171275+00:00,184093954694166,109,ok,9.994,244d3e0a6d0000000000000000000067,00000000000000000000
2026-10-04T12:10:02.181276+00:00,184093964869375,110,ok,9.805,244d3e076e0a00000000000063,0a000000000000
2026-10-04T12:10:02.191507+00:00,184093974884333,120,ok,10.036,244d3efc78e803d007dc05640000ff00000000e803d007dc05640000ff00000000e803d007dc05640000ff00000000e803d007dc05640000ff00000000e803d007dc05640000ff00000000e803d007dc05640000ff00000000e803d007dc05640000ff00000000e803d007dc05640000ff00000000e803d007dc05640000ff00000000e803d007dc05640000ff00000000e803d007dc05640000ff00000000e803d007dc05640000ff00000000e803d007dc05640000ff00000000e803d007dc05640000ff00000000e803d007dc05640000ff00000000e803d007dc05640000ff00000000e803d007dc05640000ff00000000e803d007dc05640000ff0000000084,e803d007dc05640000ff00000000e803d007dc05640000ff00000000e803d007dc05640000ff00000000e803d007dc05640000ff00000000e803d007dc05640000ff00000000e803d007dc05640000ff00000000e803d007dc05640000ff00000000e803d007dc05640000ff00000000e803d007dc05640000ff00000000e803d007dc05640000ff00000000e803d007dc05640000ff00000000e803d007dc05640000ff00000000e803d007dc05640000ff00000000e803d007dc05640000ff00000000e803d007dc05640000ff00000000e803d007dc05640000ff00000000e803d007dc05640000ff00000000e803d007dc05640000ff00000000
2026-10-04T12:10:02.201201+00:00,184093985146750,122,error_or_bad_checksum,9.471,244d21007a7a,
2026-10-04T12:10:02.211352+00:00,184093994729166,151,ok,10.036,244d3e09970001010002020001009f,000101000202000100
2026-10-04T12:10:02.221372+00:00,184094004931083,166,ok,9.856,244d3e15a600000000000057000000000000000f270f270f2700cc,00000000000057000000000000000f270f270f2700
2026-10-04T12:10:03.096781+00:00,184094884899125,1,ok,5.299,244d3e030100020505,000205
2026-10-04T12:10:03.106911+00:00,184094890315666,2,ok,10.010,244d3e0402494e415616,494e4156
2026-10-04T12:10:03.116901+00:00,184094900494625,3,ok,9.826,244d3e030309010008,090100
2026-10-04T12:10:03.127282+00:00,184094910430833,4,ok,10.266,244d3e18044d373241000002010f4d414d4241463732325f323032324136,4d373241000002010f4d414d4241463732325f3230323241
2026-10-04T12:10:03.137163+00:00,184094920873458,101,ok,9.710,244d3e0b65f9033700c1800000004000a2,f9033700c1800000004000
2026-10-04T12:10:03.147351+00:00,184094930680250,106,ok,10.086,244d3e126a000000000000000000000000000000000f2750,000000000000000000000000000000000f27
2026-10-04T12:10:03.157275+00:00,184094940943791,107,ok,9.749,244d3e056b00000000006e,0000000000
2026-10-04T12:10:03.167561+00:00,184094950828500,108,ok,10.153,244d3e066c97ffe3fd03001f,97ffe3fd0300
2026-10-04T12:10:03.177654+00:00,184094961085041,109,ok,9.985,244d3e0a6d0000000000000000000067,00000000000000000000
2026-10-04T12:10:03.187642+00:00,184094971235375,110,ok,9.823,244d3e076e0a00000000000063,0a000000000000
2026-10-04T12:10:03.197936+00:00,184094981199125,120,ok,10.149,244d3efc78e803d007dc05640000ff00000000e803d007dc05640000ff00000000e803d007dc05640000ff00000000e803d007dc05640000ff00000000e803d007dc05640000ff00000000e803d007dc05640000ff00000000e803d007dc05640000ff00000000e803d007dc05640000ff00000000e803d007dc05640000ff00000000e803d007dc05640000ff00000000e803d007dc05640000ff00000000e803d007dc05640000ff00000000e803d007dc05640000ff00000000e803d007dc05640000ff00000000e803d007dc05640000ff00000000e803d007dc05640000ff00000000e803d007dc05640000ff00000000e803d007dc05640000ff0000000084,e803d007dc05640000ff00000000e803d007dc05640000ff00000000e803d007dc05640000ff00000000e803d007dc05640000ff00000000e803d007dc05640000ff00000000e803d007dc05640000ff00000000e803d007dc05640000ff00000000e803d007dc05640000ff00000000e803d007dc05640000ff00000000e803d007dc05640000ff00000000e803d007dc05640000ff00000000e803d007dc05640000ff00000000e803d007dc05640000ff00000000e803d007dc05640000ff00000000e803d007dc05640000ff00000000e803d007dc05640000ff00000000e803d007dc05640000ff00000000e803d007dc05640000ff00000000
2026-10-04T12:10:03.207730+00:00,184094991561500,122,error_or_bad_checksum,9.578,244d21007a7a,
2026-10-04T12:10:03.217771+00:00,184095001282083,151,ok,9.910,244d3e09970001010002020001009f,000101000202000100
2026-10-04T12:10:03.227623+00:00,184095011271416,166,ok,9.778,244d3e15a600000000000058000000000000000f270f270f2700c3,00000000000058000000000000000f270f270f2700
2026-10-04T12:10:04.104506+00:00,184095888058458,1,ok,9.865,244d3e030100020505,000205
2026-10-04T12:10:04.114770+00:00,184095898080458,2,ok,10.105,244d3e0402494e415616,494e4156
2026-10-04T12:10:04.124610+00:00,184095908366125,3,ok,9.659,244d3e030309010008,090100
2026-10-04T12:10:04.134855+00:00,184095918200625,4,ok,10.074,244d3e18044d373241000002010f4d414d4241463732325f323032324136,4d373241000002010f4d414d4241463732325f3230323241
2026-10-04T12:10:04.144881+00:00,184095928382875,101,ok,9.910,244d3e0b65e9033700c1800000004000b2,e9033700c1800000004000
2026-10-04T12:10:04.154975+00:00,184095938421125,106,ok,9.973,244d3e126a000000000000000000000000000000000f2750,000000000000000000000000000000000f27
2026-10-04T12:10:04.164888+00:00,184095948481500,107,ok,9.832,244d3e056b00000000006e,0000000000
2026-10-04T12:10:04.174959+00:00,184095958370041,108,ok,9.994,244d3e066c97ffe3fd03001f,97ffe3fd0300
2026-10-04T12:10:04.184946+00:00,184095968503958,109,ok,9.863,244d3e0a6d0000000000000000000067,00000000000000000000
2026-10-04T12:10:04.195145+00:00,184095978490208,110,ok,10.066,244d3e076e0a00000000000063,0a000000000000
2026-10-04T12:10:04.205363+00:00,184095988752958,120,ok,10.030,244d3efc78e803d007dc05640000ff00000000e803d007dc05640000ff00000000e803d007dc05640000ff00000000e803d007dc05640000ff00000000e803d007dc05640000ff00000000e803d007dc05640000ff00000000e803d007dc05640000ff00000000e803d007dc05640000ff00000000e803d007dc05640000ff00000000e803d007dc05640000ff00000000e803d007dc05640000ff00000000e803d007dc05640000ff00000000e803d007dc05640000ff00000000e803d007dc05640000ff00000000e803d007dc05640000ff00000000e803d007dc05640000ff00000000e803d007dc05640000ff00000000e803d007dc05640000ff0000000084,e803d007dc05640000ff00000000e803d007dc05640000ff00000000e803d007dc05640000ff00000000e803d007dc05640000ff00000000e803d007dc05640000ff00000000e803d007dc05640000ff00000000e803d007dc05640000ff00000000e803d007dc05640000ff00000000e803d007dc05640000ff00000000e803d007dc05640000ff00000000e803d007dc05640000ff00000000e803d007dc05640000ff00000000e803d007dc05640000ff00000000e803d007dc05640000ff00000000e803d007dc05640000ff00000000e803d007dc05640000ff00000000e803d007dc05640000ff00000000e803d007dc05640000ff00000000
2026-10-04T12:10:04.215067+00:00,184095998933458,122,error_or_bad_checksum,9.552,244d21007a7a,
2026-10-04T12:10:04.225392+00:00,184096008618583,151,ok,10.193,244d3e09970001010002020001009f,000101000202000100
2026-10-04T12:10:04.235375+00:00,184096018945958,166,ok,9.848,244d3e15a600000000000058000000000000000f270f270f2700c3,00000000000058000000000000000f270f270f2700
2026-10-04T12:10:05.104586+00:00,184096892937291,1,ok,5.063,244d3e030100020505,000205
2026-10-04T12:10:05.114744+00:00,184096898159291,2,ok,9.997,244d3e0402494e415616,494e4156
2026-10-04T12:10:05.124614+00:00,184096908385416,3,ok,9.647,244d3e030309010008,090100
2026-10-04T12:10:05.134962+00:00,184096918179416,4,ok,10.202,244d3e18044d373241000002010f4d414d4241463732325f323032324136,4d373241000002010f4d414d4241463732325f3230323241
2026-10-04T12:10:05.145041+00:00,184096928522916,101,ok,9.932,244d3e0b65fe033700c1800000004000a5,fe033700c1800000004000
2026-10-04T12:10:05.154941+00:00,184096938647833,106,ok,9.714,244d3e126a000000000000000000000000000000000f2750,000000000000000000000000000000000f27
2026-10-04T12:10:05.165017+00:00,184096948493041,107,ok,9.942,244d3e056b00000000006e,0000000000
2026-10-04T12:10:05.175056+00:00,184096958580166,108,ok,9.896,244d3e066c97ffe3fd03001f,97ffe3fd0300
2026-10-04T12:10:05.185122+00:00,184096968591500,109,ok,9.948,244d3e0a6d0000000000000000000067,00000000000000000000
2026-10-04T12:10:05.195101+00:00,184096978698083,110,ok,9.820,244d3e076e0a00000000000063,0a000000000000
2026-10-04T12:10:05.205303+00:00,184096988666083,120,ok,10.060,244d3efc78e803d007dc05640000ff00000000e803d007dc05640000ff00000000e803d007dc05640000ff00000000e803d007dc05640000ff00000000e803d007dc05640000ff00000000e803d007dc05640000ff00000000e803d007dc05640000ff00000000e803d007dc05640000ff00000000e803d007dc05640000ff00000000e803d007dc05640000ff00000000e803d007dc05640000ff00000000e803d007dc05640000ff00000000e803d007dc05640000ff00000000e803d007dc05640000ff00000000e803d007dc05640000ff00000000e803d007dc05640000ff00000000e803d007dc05640000ff00000000e803d007dc05640000ff0000000084,e803d007dc05640000ff00000000e803d007dc05640000ff00000000e803d007dc05640000ff00000000e803d007dc05640000ff00000000e803d007dc05640000ff00000000e803d007dc05640000ff00000000e803d007dc05640000ff00000000e803d007dc05640000ff00000000e803d007dc05640000ff00000000e803d007dc05640000ff00000000e803d007dc05640000ff00000000e803d007dc05640000ff00000000e803d007dc05640000ff00000000e803d007dc05640000ff00000000e803d007dc05640000ff00000000e803d007dc05640000ff00000000e803d007dc05640000ff00000000e803d007dc05640000ff00000000
2026-10-04T12:10:05.215173+00:00,184096998866291,122,error_or_bad_checksum,9.726,244d21007a7a,
2026-10-04T12:10:05.225144+00:00,184097008716916,151,ok,9.846,244d3e09970001010002020001009f,000101000202000100
2026-10-04T12:10:05.235442+00:00,184097018708000,166,ok,10.155,244d3e15a600000000000059000000000000000f270f270f2700c2,00000000000059000000000000000f270f270f2700
2026-10-04T12:10:06.111011+00:00,184097896611416,1,ok,7.825,244d3e030100020505,000205
2026-10-04T12:10:06.121148+00:00,184097904502583,2,ok,10.069,244d3e0402494e415616,494e4156
2026-10-04T12:10:06.131380+00:00,184097914673916,3,ok,10.129,244d3e030309010008,090100
2026-10-04T12:10:06.141368+00:00,184097924913583,4,ok,9.882,244d3e18044d373241000002010f4d414d4241463732325f323032324136,4d373241000002010f4d414d4241463732325f3230323241
2026-10-04T12:10:06.151646+00:00,184097934862875,101,ok,10.210,244d3e0b6502043700c18000000040005e,02043700c1800000004000
2026-10-04T12:10:06.161720+00:00,184097945150041,106,ok,9.993,244d3e126a000000000000000000000000000000000f2750,000000000000000000000000000000000f27
2026-10-04T12:10:06.171665+00:00,184097955244791,107,ok,9.851,244d3e056b00000000006e,0000000000
2026-10-04T12:10:06.181785+00:00,184097965125541,108,ok,10.086,244d3e066c97ffe3fd03001f,97ffe3fd0300
2026-10-04T12:10:06.191746+00:00,184097975292583,109,ok,9.877,244d3e0a6d0000000000000000000067,00000000000000000000
2026-10-04T12:10:06.201799+00:00,184097985276000,110,ok,9.945,244d3e076e0a00000000000063,0a000000000000
2026-10-04T12:10:06.212214+00:00,184097995345166,120,ok,10.284,244d3efc78e803d007dc05640000ff00000000e803d007dc05640000ff00000000e803d007dc05640000ff00000000e803d007dc05640000ff00000000e803d007dc05640000ff00000000e803d007dc05640000ff00000000e803d007dc05640000ff00000000e803d007dc05640000ff00000000e803d007dc05640000ff00000000e803d007dc05640000ff00000000e803d007dc05640000ff00000000e803d007dc05640000ff00000000e803d007dc05640000ff00000000e803d007dc05640000ff00000000e803d007dc05640000ff00000000e803d007dc05640000ff00000000e803d007dc05640000ff00000000e803d007dc05640000ff0000000084,e803d007dc05640000ff00000000e803d007dc05640000ff00000000e803d007dc05640000ff00000000e803d007dc05640000ff00000000e803d007dc05640000ff00000000e803d007dc05640000ff00000000e803d007dc05640000ff00000000e803d007dc05640000ff00000000e803d007dc05640000ff00000000e803d007dc05640000ff00000000e803d007dc05640000ff00000000e803d007dc05640000ff00000000e803d007dc05640000ff00000000e803d007dc05640000ff00000000e803d007dc05640000ff00000000e803d007dc05640000ff00000000e803d007dc05640000ff00000000e803d007dc05640000ff00000000
2026-10-04T12:10:06.221922+00:00,184098005790291,122,error_or_bad_checksum,9.552,244d21007a7a,
2026-10-04T12:10:06.231972+00:00,184098015477916,151,ok,9.914,244d3e09970001010002020001009f,000101000202000100
2026-10-04T12:10:06.241880+00:00,184098025530458,166,ok,9.771,244d3e15a600000000000059000000000000000f270f270f2700c2,00000000000059000000000000000f270f270f2700
2026-10-04T12:10:07.108024+00:00,184098899663458,1,ok,1.786,244d3e030100020505,000205
2026-10-04T12:10:07.117997+00:00,184098901513125,2,ok,9.912,244d3e0402494e415616,494e4156
2026-10-04T12:10:07.127982+00:00,184098911488625,3,ok,9.922,244d3e030309010008,090100
2026-10-04T12:10:07.138014+00:00,184098921453625,4,ok,9.992,244d3e18044d373241000002010f4d414d4241463732325f323032324136,4d373241000002010f4d414d4241463732325f3230323241
2026-10-04T12:10:07.148126+00:00,184098931481958,101,ok,10.068,244d3e0b65f5033700c1800000004000ae,f5033700c1800000004000
2026-10-04T12:10:07.158179+00:00,184098941858791,106,ok,9.743,244d3e126a000000000000000000000000000000000f2750,000000000000000000000000000000000f27
2026-10-04T12:10:07.168119+00:00,184098951728625,107,ok,9.813,244d3e056b00000000006e,0000000000
2026-10-04T12:10:07.178597+00:00,184098961649375,108,ok,10.360,244d3e066c97ffe3fd03001f,97ffe3fd0300
2026-10-04T12:10:07.188544+00:00,184098972225041,109,ok,9.742,244d3e0a6d0000000000000000000067,00000000000000000000
2026-10-04T12:10:07.198618+00:00,184098982094541,110,ok,9.944,244d3e076e0a00000000000063,0a000000000000
2026-10-04T12:10:07.208871+00:00,184098992177166,120,ok,10.117,244d3efc78e803d007dc05640000ff00000000e803d007dc05640000ff00000000e803d007dc05640000ff00000000e803d007dc05640000ff00000000e803d007dc05640000ff00000000e803d007dc05640000ff00000000e803d007dc05640000ff00000000e803d007dc05640000ff00000000e803d007dc05640000ff00000000e803d007dc05640000ff00000000e803d007dc05640000ff00000000e803d007dc05640000ff00000000e803d007dc05640000ff00000000e803d007dc05640000ff00000000e803d007dc05640000ff00000000e803d007dc05640000ff00000000e803d007dc05640000ff00000000e803d007dc05640000ff0000000084,e803d007dc05640000ff00000000e803d007dc05640000ff00000000e803d007dc05640000ff00000000e803d007dc05640000ff00000000e803d007dc05640000ff00000000e803d007dc05640000ff00000000e803d007dc05640000ff00000000e803d007dc05640000ff00000000e803d007dc05640000ff00000000e803d007dc05640000ff00000000e803d007dc05640000ff00000000e803d007dc05640000ff00000000e803d007dc05640000ff00000000e803d007dc05640000ff00000000e803d007dc05640000ff00000000e803d007dc05640000ff00000000e803d007dc05640000ff00000000e803d007dc05640000ff00000000
2026-10-04T12:10:07.218882+00:00,184099002430291,122,error_or_bad_checksum,9.873,244d21007a7a,
2026-10-04T12:10:07.228948+00:00,184099012431916,151,ok,9.932,244d3e09970001010002020001009f,000101000202000100
2026-10-04T12:10:07.239304+00:00,184099022509166,166,ok,10.213,244d3e15a600000000000059000000000000000f270f270f2700c2,00000000000059000000000000000f270f270f2700
2026-10-04T12:10:08.107797+00:00,184099899931416,1,ok,1.285,244d3e030100020505,000205
2026-10-04T12:10:08.117790+00:00,184099901359125,2,ok,9.846,244d3e0402494e415616,494e4156
2026-10-04T12:10:08.128221+00:00,184099911332916,3,ok,10.304,244d3e030309010008,090100
2026-10-04T12:10:08.138211+00:00,184099921891250,4,ok,9.741,244d3e18044d373241000002010f4d414d4241463732325f323032324136,4d373241000002010f4d414d4241463732325f3230323241
2026-10-04T12:10:08.148252+00:00,184099931785958,101,ok,9.886,244d3e0b65fe033700c1800000004000a5,fe033700c1800000004000
2026-10-04T12:10:08.158342+00:00,184099941841333,106,ok,9.914,244d3e126a000000000000000000000000000000000f2750,000000000000000000000000000000000f27
2026-10-04T12:10:08.168233+00:00,184099951942375,107,ok,9.712,244d3e056b00000000006e,0000000000
2026-10-04T12:10:08.178345+00:00,184099961782708,108,ok,9.981,244d3e066c97ffe3fd040018,97ffe3fd0400
2026-10-04T12:10:08.188354+00:00,184099971949166,109,ok,9.824,244d3e0a6d0000000000000000000067,00000000000000000000
2026-10-04T12:10:08.198545+00:00,184099981922208,110,ok,10.038,244d3e076e0a00000000000063,0a000000000000
2026-10-04T12:10:08.208525+00:00,184099992185583,120,ok,9.762,244d3efc78e803d007dc05640000ff00000000e803d007dc05640000ff00000000e803d007dc05640000ff00000000e803d007dc05640000ff00000000e803d007dc05640000ff00000000e803d007dc05640000ff00000000e803d007dc05640000ff00000000e803d007dc05640000ff00000000e803d007dc05640000ff00000000e803d007dc05640000ff00000000e803d007dc05640000ff00000000e803d007dc05640000ff00000000e803d007dc05640000ff00000000e803d007dc05640000ff00000000e803d007dc05640000ff00000000e803d007dc05640000ff00000000e803d007dc05640000ff00000000e803d007dc05640000ff0000000084,e803d007dc05640000ff00000000e803d007dc05640000ff00000000e803d007dc05640000ff00000000e803d007dc05640000ff00000000e803d007dc05640000ff00000000e803d007dc05640000ff00000000e803d007dc05640000ff00000000e803d007dc05640000ff00000000e803d007dc05640000ff00000000e803d007dc05640000ff00000000e803d007dc05640000ff00000000e803d007dc05640000ff00000000e803d007dc05640000ff00000000e803d007dc05640000ff00000000e803d007dc05640000ff00000000e803d007dc05640000ff00000000e803d007dc05640000ff00000000e803d007dc05640000ff00000000
2026-10-04T12:10:08.218339+00:00,184100002118666,122,error_or_bad_checksum,9.639,244d21007a7a,
2026-10-04T12:10:08.228563+00:00,184100011892166,151,ok,10.072,244d3e09970001010002020001009f,000101000202000100
2026-10-04T12:10:08.238084+00:00,184100022137000,166,ok,9.370,244d3e15a60000000000005a000000000000000f270f270f2700c1,0000000000005a000000000000000f270f270f2700
2026-10-04T12:10:09.115241+00:00,184100901246958,1,ok,7.414,244d3e030100020505,000205
2026-10-04T12:10:09.125249+00:00,184100908927458,2,ok,9.741,244d3e0402494e415616,494e4156
2026-10-04T12:10:09.135201+00:00,184100918924250,3,ok,9.700,244d3e030309010008,090100
2026-10-04T12:10:09.145249+00:00,184100928760750,4,ok,9.900,244d3e18044d373241000002010f4d414d4241463732325f323032324136,4d373241000002010f4d414d4241463732325f3230323241
2026-10-04T12:10:09.155333+00:00,184100938925041,101,ok,9.829,244d3e0b65eb033700c1800000004000b0,eb033700c1800000004000
2026-10-04T12:10:09.165335+00:00,184100948913791,106,ok,9.841,244d3e126a000000000000000000000000000000000f2750,000000000000000000000000000000000f27
2026-10-04T12:10:09.175574+00:00,184100958925416,107,ok,10.070,244d3e056b00000000006e,0000000000
2026-10-04T12:10:09.185588+00:00,184100969135375,108,ok,9.876,244d3e066c97ffe3fd040018,97ffe3fd0400
2026-10-04T12:10:09.195718+00:00,184100979120875,109,ok,10.019,244d3e0a6d0000000000000000000067,00000000000000000000
2026-10-04T12:10:09.205662+00:00,184100989294000,110,ok,9.793,244d3e076e0a00000000000063,0a000000000000
2026-10-04T12:10:09.215911+00:00,184100999208125,120,ok,10.123,244d3efc78e803d007dc05640000ff00000000e803d007dc05640000ff00000000e803d007dc05640000ff00000000e803d007dc05640000ff00000000e803d007dc05640000ff00000000e803d007dc05640000ff00000000e803d007dc05640000ff00000000e803d007dc05640000ff00000000e803d007dc05640000ff00000000e803d007dc05640000ff00000000e803d007dc05640000ff00000000e803d007dc05640000ff00000000e803d007dc05640000ff00000000e803d007dc05640000ff00000000e803d007dc05640000ff00000000e803d007dc05640000ff00000000e803d007dc05640000ff00000000e803d007dc05640000ff0000000084,e803d007dc05640000ff00000000e803d007dc05640000ff00000000e803d007dc05640000ff00000000e803d007dc05640000ff00000000e803d007dc05640000ff00000000e803d007dc05640000ff00000000e803d007dc05640000ff00000000e803d007dc05640000ff00000000e803d007dc05640000ff00000000e803d007dc05640000ff00000000e803d007dc05640000ff00000000e803d007dc05640000ff00000000e803d007dc05640000ff00000000e803d007dc05640000ff00000000e803d007dc05640000ff00000000e803d007dc05640000ff00000000e803d007dc05640000ff00000000e803d007dc05640000ff00000000
2026-10-04T12:10:09.225726+00:00,184101009515791,122,error_or_bad_checksum,9.629,244d21007a7a,
2026-10-04T12:10:09.235686+00:00,184101019272791,151,ok,9.837,244d3e09970001010002020001009f,000101000202000100
2026-10-04T12:10:09.245889+00:00,184101029231500,166,ok,10.074,244d3e15a60000000000005a000000000000000f270f270f2700c1,0000000000005a000000000000000f270f270f2700
2026-10-04T12:10:10.120912+00:00,184101906221125,1,ok,8.113,244d3e030100020505,000205
2026-10-04T12:10:10.131104+00:00,184101914695666,2,ok,9.830,244d3e0402494e415616,494e4156
2026-10-04T12:10:10.141107+00:00,184101924979041,3,ok,9.553,244d3e030309010008,090100
2026-10-04T12:10:10.151085+00:00,184101934780125,4,ok,9.732,244d3e18044d373241000002010f4d414d4241463732325f323032324136,4d373241000002010f4d414d4241463732325f3230323241
2026-10-04T12:10:10.161095+00:00,184101944638166,101,ok,9.879,244d3e0b6503043700c18000000040005f,03043700c1800000004000
2026-10-04T12:10:10.171184+00:00,184101954683416,106,ok,9.921,244d3e126a000000000000000000000000000000000f2750,000000000000000000000000000000000f27
2026-10-04T12:10:10.181216+00:00,184101964791958,107,ok,9.843,244d3e056b00000000006e,0000000000
2026-10-04T12:10:10.191216+00:00,184101974806875,108,ok,9.831,244d3e066c97ffe3fd040018,97ffe3fd0400
2026-10-04T12:10:10.201167+00:00,184101984813875,109,ok,9.778,244d3e0a6d0000000000000000000067,00000000000000000000
2026-10-04T12:10:10.211255+00:00,184101994698333,110,ok,9.977,244d3e076e0a00000000000063,0a000000000000
2026-10-04T12:10:10.221440+00:00,184102004861708,120,ok,10.003,244d3efc78e803d007dc05640000ff00000000e803d007dc05640000ff00000000e803d007dc05640000ff00000000e803d007dc05640000ff00000000e803d007dc05640000ff00000000e803d007dc05640000ff00000000e803d007dc05640000ff00000000e803d007dc05640000ff00000000e803d007dc05640000ff00000000e803d007dc05640000ff00000000e803d007dc05640000ff00000000e803d007dc05640000ff00000000e803d007dc05640000ff00000000e803d007dc05640000ff00000000e803d007dc05640000ff00000000e803d007dc05640000ff00000000e803d007dc05640000ff00000000e803d007dc05640000ff0000000084,e803d007dc05640000ff00000000e803d007dc05640000ff00000000e803d007dc05640000ff00000000e803d007dc05640000ff00000000e803d007dc05640000ff00000000e803d007dc05640000ff00000000e803d007dc05640000ff00000000e803d007dc05640000ff00000000e803d007dc05640000ff00000000e803d007dc05640000ff00000000e803d007dc05640000ff00000000e803d007dc05640000ff00000000e803d007dc05640000ff00000000e803d007dc05640000ff00000000e803d007dc05640000ff00000000e803d007dc05640000ff00000000e803d007dc05640000ff00000000e803d007dc05640000ff00000000
2026-10-04T12:10:10.231278+00:00,184102015032208,122,error_or_bad_checksum,9.667,244d21007a7a,
2026-10-04T12:10:10.241333+00:00,184102024862916,151,ok,9.892,244d3e09970001010002020001009f,000101000202000100
2026-10-04T12:10:10.251297+00:00,184102034923250,166,ok,9.798,244d3e15a60000000000005b000000000000000f270f270f2700c0,0000000000005b000000000000000f270f270f2700
2026-10-04T12:10:11.119895+00:00,184102908072291,1,ok,5.245,244d3e030100020505,000205
2026-10-04T12:10:11.129893+00:00,184102913485333,2,ok,9.832,244d3e0402494e415616,494e4156
2026-10-04T12:10:11.140243+00:00,184102923449708,3,ok,10.215,244d3e030309010008,090100
2026-10-04T12:10:11.150334+00:00,184102933846000,4,ok,9.913,244d3e18044d373241000002010f4d414d4241463732325f323032324136,4d373241000002010f4d414d4241463732325f3230323241
2026-10-04T12:10:11.160202+00:00,184102943902541,101,ok,9.727,244d3e0b65ee033700c1800000004000b5,ee033700c1800000004000
2026-10-04T12:10:11.170628+00:00,184102953742041,106,ok,10.311,244d3e126a000000000000000000000000000000000f2750,000000000000000000000000000000000f27
2026-10-04T12:10:11.180564+00:00,184102964208875,107,ok,9.774,244d3e056b00000000006e,0000000000
2026-10-04T12:10:11.190663+00:00,184102974134250,108,ok,9.951,244d3e066c97ffe3fd040018,97ffe3fd0400
2026-10-04T12:10:11.200923+00:00,184102984260750,109,ok,10.088,244d3e0a6d0000000000000000000067,00000000000000000000
2026-10-04T12:10:11.210952+00:00,184102994464708,110,ok,9.914,244d3e076e0a00000000000063,0a000000000000
2026-10-04T12:10:11.221524+00:00,184103004501125,120,ok,10.447,244d3efc78e803d007dc05640000ff00000000e803d007dc05640000ff00000000e803d007dc05640000ff00000000e803d007dc05640000ff00000000e803d007dc05640000ff00000000e803d007dc05640000ff00000000e803d007dc05640000ff00000000e803d007dc05640000ff00000000e803d007dc05640000ff00000000e803d007dc05640000ff00000000e803d007dc05640000ff00000000e803d007dc05640000ff00000000e803d007dc05640000ff00000000e803d007dc05640000ff00000000e803d007dc05640000ff00000000e803d007dc05640000ff00000000e803d007dc05640000ff00000000e803d007dc05640000ff0000000084,e803d007dc05640000ff00000000e803d007dc05640000ff00000000e803d007dc05640000ff00000000e803d007dc05640000ff00000000e803d007dc05640000ff00000000e803d007dc05640000ff00000000e803d007dc05640000ff00000000e803d007dc05640000ff00000000e803d007dc05640000ff00000000e803d007dc05640000ff00000000e803d007dc05640000ff00000000e803d007dc05640000ff00000000e803d007dc05640000ff00000000e803d007dc05640000ff00000000e803d007dc05640000ff00000000e803d007dc05640000ff00000000e803d007dc05640000ff00000000e803d007dc05640000ff00000000
2026-10-04T12:10:11.231313+00:00,184103015187541,122,error_or_bad_checksum,9.549,244d21007a7a,
2026-10-04T12:10:11.241323+00:00,184103024876750,151,ok,9.871,244d3e09970001010002020001009f,000101000202000100
2026-10-04T12:10:11.251613+00:00,184103035008583,166,ok,10.030,244d3e15a60000000000005b000000000000000f270f270f2700c0,0000000000005b000000000000000f270f270f2700
2026-10-04T12:10:12.129117+00:00,184103913131583,1,ok,9.404,244d3e030100020505,000205
2026-10-04T12:10:12.139351+00:00,184103922720125,2,ok,10.055,244d3e0402494e415616,494e4156
2026-10-04T12:10:12.149458+00:00,184103933004083,3,ok,9.875,244d3e030309010008,090100
2026-10-04T12:10:12.159391+00:00,184103943048541,4,ok,9.768,244d3e18044d373241000002010f4d414d4241463732325f323032324136,4d373241000002010f4d414d4241463732325f3230323241
2026-10-04T12:10:12.169447+00:00,184103952943125,101,ok,9.929,244d3e0b65fe033700c1800000004000a5,fe033700c1800000004000
2026-10-04T12:10:12.179471+00:00,184103963021208,106,ok,9.877,244d3e126a000000000000000000000000000000000f2750,000000000000000000000000000000000f27
2026-10-04T12:10:12.190197+00:00,184103973034625,107,ok,10.588,244d3e056b00000000006e,0000000000
2026-10-04T12:10:12.199517+00:00,184103983772541,108,ok,9.167,244d3e066c97ffe3fd040018,97ffe3fd0400
2026-10-04T12:10:12.209508+00:00,184103993159250,109,ok,9.773,244d3e0a6d0000000000000000000067,00000000000000000000
2026-10-04T12:10:12.219511+00:00,184104003070041,110,ok,9.868,244d3e076e0a00000000000063,0a000000000000
2026-10-04T12:10:12.229895+00:00,184104013078125,120,ok,10.235,244d3efc78e803d007dc05640000ff00000000e803d007dc05640000ff00000000e803d007dc05640000ff00000000e803d007dc05640000ff00000000e803d007dc05640000ff00000000e803d007dc05640000ff00000000e803d007dc05640000ff00000000e803d007dc05640000ff00000000e803d007dc05640000ff00000000e803d007dc05640000ff00000000e803d007dc05640000ff00000000e803d007dc05640000ff00000000e803d007dc05640000ff00000000e803d007dc05640000ff00000000e803d007dc05640000ff00000000e803d007dc05640000ff00000000e803d007dc05640000ff00000000e803d007dc05640000ff0000000084,e803d007dc05640000ff00000000e803d007dc05640000ff00000000e803d007dc05640000ff00000000e803d007dc05640000ff00000000e803d007dc05640000ff00000000e803d007dc05640000ff00000000e803d007dc05640000ff00000000e803d007dc05640000ff00000000e803d007dc05640000ff00000000e803d007dc05640000ff00000000e803d007dc05640000ff00000000e803d007dc05640000ff00000000e803d007dc05640000ff00000000e803d007dc05640000ff00000000e803d007dc05640000ff00000000e803d007dc05640000ff00000000e803d007dc05640000ff00000000e803d007dc05640000ff00000000
2026-10-04T12:10:12.239604+00:00,184104023572666,122,error_or_bad_checksum,9.453,244d21007a7a,
2026-10-04T12:10:12.250009+00:00,184104033207666,151,ok,10.222,244d3e09970001010002020001009f,000101000202000100
2026-10-04T12:10:12.259893+00:00,184104043642750,166,ok,9.676,244d3e15a60000000000005c000000000000000f270f270f2700c7,0000000000005c000000000000000f270f270f2700
2026-10-04T12:10:13.127209+00:00,184104917490958,1,ok,3.146,244d3e030100020505,000205
2026-10-04T12:10:13.137341+00:00,184104920741333,2,ok,10.023,244d3e0402494e415616,494e4156
2026-10-04T12:10:13.147363+00:00,184104930945125,3,ok,9.843,244d3e030309010008,090100
2026-10-04T12:10:13.157422+00:00,184104940961833,4,ok,9.884,244d3e18044d373241000002010f4d414d4241463732325f323032324136,4d373241000002010f4d414d4241463732325f3230323241
2026-10-04T12:10:13.167649+00:00,184104951023583,101,ok,10.053,244d3e0b6500043700c18000000040005c,00043700c1800000004000
2026-10-04T12:10:13.177660+00:00,184104961201791,106,ok,9.887,244d3e126a000000000000000000000000000000000f2750,000000000000000000000000000000000f27
2026-10-04T12:10:13.188091+00:00,184104971216458,107,ok,10.301,244d3e056b00000000006e,0000000000
2026-10-04T12:10:13.198069+00:00,184104981671041,108,ok,9.824,244d3e066c97ffe3fd040018,97ffe3fd0400
2026-10-04T12:10:13.208091+00:00,184104991648500,109,ok,9.870,244d3e0a6d0000000000000000000067,00000000000000000000
2026-10-04T12:10:13.218361+00:00,184105001646291,110,ok,10.142,244d3e076e0a00000000000063,0a000000000000
2026-10-04T12:10:13.228790+00:00,184105011911791,120,ok,10.299,244d3efc78e803d007dc05640000ff00000000e803d007dc05640000ff00000000e803d007dc05640000ff00000000e803d007dc05640000ff00000000e803d007dc05640000ff00000000e803d007dc05640000ff00000000e803d007dc05640000ff00000000e803d007dc05640000ff00000000e803d007dc05640000ff00000000e803d007dc05640000ff00000000e803d007dc05640000ff00000000e803d007dc05640000ff00000000e803d007dc05640000ff00000000e803d007dc05640000ff00000000e803d007dc05640000ff00000000e803d007dc05640000ff00000000e803d007dc05640000ff00000000e803d007dc05640000ff0000000084,e803d007dc05640000ff00000000e803d007dc05640000ff00000000e803d007dc05640000ff00000000e803d007dc05640000ff00000000e803d007dc05640000ff00000000e803d007dc05640000ff00000000e803d007dc05640000ff00000000e803d007dc05640000ff00000000e803d007dc05640000ff00000000e803d007dc05640000ff00000000e803d007dc05640000ff00000000e803d007dc05640000ff00000000e803d007dc05640000ff00000000e803d007dc05640000ff00000000e803d007dc05640000ff00000000e803d007dc05640000ff00000000e803d007dc05640000ff00000000e803d007dc05640000ff00000000
2026-10-04T12:10:13.238507+00:00,184105022465583,122,error_or_bad_checksum,9.462,244d21007a7a,
2026-10-04T12:10:13.248787+00:00,184105032123833,151,ok,10.091,244d3e09970001010002020001009f,000101000202000100
2026-10-04T12:10:13.258784+00:00,184105042341541,166,ok,9.872,244d3e15a60000000000005c000000000000000f270f270f2700c7,0000000000005c000000000000000f270f270f2700
2026-10-04T12:10:14.138314+00:00,184105922596208,1,ok,9.139,244d3e030100020505,000205
2026-10-04T12:10:14.148528+00:00,184105931922333,2,ok,10.031,244d3e0402494e415616,494e4156
2026-10-04T12:10:14.158394+00:00,184105942081125,3,ok,9.735,244d3e030309010008,090100
2026-10-04T12:10:14.168381+00:00,184105952003791,4,ok,9.803,244d3e18044d373241000002010f4d414d4241463732325f323032324136,4d373241000002010f4d414d4241463732325f3230323241
2026-10-04T12:10:14.178451+00:00,184105961967208,101,ok,9.910,244d3e0b65fb033700c1800000004000a0,fb033700c1800000004000
2026-10-04T12:10:14.188362+00:00,184105972020041,106,ok,9.769,244d3e126a000000000000000000000000000000000f2750,000000000000000000000000000000000f27
2026-10-04T12:10:14.198851+00:00,184105981935541,107,ok,10.336,244d3e056b00000000006e,0000000000
2026-10-04T12:10:14.209041+00:00,184105992454708,108,ok,10.008,244d3e066c97ffe3fd040018,97ffe3fd0400
2026-10-04T12:10:14.219100+00:00,184106002675583,109,ok,9.850,244d3e0a6d0000000000000000000067,00000000000000000000
2026-10-04T12:10:14.229206+00:00,184106012699250,110,ok,9.927,244d3e076e0a00000000000063,0a000000000000
2026-10-04T12:10:14.239763+00:00,184106022848625,120,ok,10.333,244d3efc78e803d007dc05640000ff00000000e803d007dc05640000ff00000000e803d007dc05640000ff00000000e803d007dc05640000ff00000000e803d007dc05640000ff00000000e803d007dc05640000ff00000000e803d007dc05640000ff00000000e803d007dc05640000ff00000000e803d007dc05640000ff00000000e803d007dc05640000ff00000000e803d007dc05640000ff00000000e803d007dc05640000ff00000000e803d007dc05640000ff00000000e803d007dc05640000ff00000000e803d007dc05640000ff00000000e803d007dc05640000ff00000000e803d007dc05640000ff00000000e803d007dc05640000ff0000000084,e803d007dc05640000ff00000000e803d007dc05640000ff00000000e803d007dc05640000ff00000000e803d007dc05640000ff00000000e803d007dc05640000ff00000000e803d007dc05640000ff00000000e803d007dc05640000ff00000000e803d007dc05640000ff00000000e803d007dc05640000ff00000000e803d007dc05640000ff00000000e803d007dc05640000ff00000000e803d007dc05640000ff00000000e803d007dc05640000ff00000000e803d007dc05640000ff00000000e803d007dc05640000ff00000000e803d007dc05640000ff00000000e803d007dc05640000ff00000000e803d007dc05640000ff00000000
2026-10-04T12:10:14.249478+00:00,184106033441000,122,error_or_bad_checksum,9.460,244d21007a7a,
2026-10-04T12:10:14.259532+00:00,184106043028166,151,ok,9.932,244d3e09970001010002020001009f,000101000202000100
2026-10-04T12:10:14.269398+00:00,184106053096000,166,ok,9.734,244d3e15a60000000000005c000000000000000f270f270f2700c7,0000000000005c000000000000000f270f270f2700
2026-10-04T12:10:15.138707+00:00,184106924118625,1,ok,8.014,244d3e030100020505,000205
2026-10-04T12:10:15.149009+00:00,184106932302708,2,ok,10.133,244d3e0402494e415616,494e4156
2026-10-04T12:10:15.159094+00:00,184106942607833,3,ok,9.915,244d3e030309010008,090100
2026-10-04T12:10:15.169057+00:00,184106952660708,4,ok,9.826,244d3e18044d373241000002010f4d414d4241463732325f323032324136,4d373241000002010f4d414d4241463732325f3230323241
2026-10-04T12:10:15.179184+00:00,184106962609458,101,ok,10.000,244d3e0b65f1033700c1800000004000aa,f1033700c1800000004000
2026-10-04T12:10:15.189139+00:00,184106972779541,106,ok,9.784,244d3e126a000000000000000000000000000000000f2750,000000000000000000000000000000000f27
2026-10-04T12:10:15.199126+00:00,184106982766125,107,ok,9.784,244d3e056b00000000006e,0000000000
2026-10-04T12:10:15.209161+00:00,184106992724625,108,ok,9.810,244d3e066c97ffe3fd040018,97ffe3fd0400
2026-10-04T12:10:15.219110+00:00,184107002724083,109,ok,9.815,244d3e0a6d0000000000000000000067,00000000000000000000
2026-10-04T12:10:15.229106+00:00,184107012676166,110,ok,9.861,244d3e076e0a00000000000063,0a000000000000
2026-10-04T12:10:15.240157+00:00,184107022652500,120,ok,10.929,244d3efc78e803d007dc05640000ff00000000e803d007dc05640000ff00000000e803d007dc05640000ff00000000e803d007dc05640000ff00000000e803d007dc05640000ff00000000e803d007dc05640000ff00000000e803d007dc05640000ff00000000e803d007dc05640000ff00000000e803d007dc05640000ff00000000e803d007dc05640000ff00000000e803d007dc05640000ff00000000e803d007dc05640000ff00000000e803d007dc05640000ff00000000e803d007dc05640000ff00000000e803d007dc05640000ff00000000e803d007dc05640000ff00000000e803d007dc05640000ff00000000e803d007dc05640000ff0000000084,e803d007dc05640000ff00000000e803d007dc05640000ff00000000e803d007dc05640000ff00000000e803d007dc05640000ff00000000e803d007dc05640000ff00000000e803d007dc05640000ff00000000e803d007dc05640000ff00000000e803d007dc05640000ff00000000e803d007dc05640000ff00000000e803d007dc05640000ff00000000e803d007dc05640000ff00000000e803d007dc05640000ff00000000e803d007dc05640000ff00000000e803d007dc05640000ff00000000e803d007dc05640000ff00000000e803d007dc05640000ff00000000e803d007dc05640000ff00000000e803d007dc05640000ff00000000
2026-10-04T12:10:15.249553+00:00,184107033822583,122,error_or_bad_checksum,9.151,244d21007a7a,
2026-10-04T12:10:15.259513+00:00,184107043181125,151,ok,9.761,244d3e09970001010002020001009f,000101000202000100
2026-10-04T12:10:15.270064+00:00,184107053099833,166,ok,10.373,244d3e15a60000000000005d000000000000000f270f270f2700c6,0000000000005d000000000000000f270f270f2700
2026-10-04T12:10:16.136803+00:00,184107929056958,1,ok,1.174,244d3e030100020505,000205
2026-10-04T12:10:16.146826+00:00,184107930357083,2,ok,9.906,244d3e0402494e415616,494e4156
2026-10-04T12:10:16.156862+00:00,184107940326500,3,ok,9.969,244d3e030309010008,090100
2026-10-04T12:10:16.167287+00:00,184107950394125,4,ok,10.324,244d3e18044d373241000002010f4d414d4241463732325f323032324136,4d373241000002010f4d414d4241463732325f3230323241
2026-10-04T12:10:16.177231+00:00,184107960837500,101,ok,9.825,244d3e0b65fa033700c1800000004000a1,fa033700c1800000004000
2026-10-04T12:10:16.187672+00:00,184107970773625,106,ok,10.329,244d3e126a000000000000000000000000000000000f2750,000000000000000000000000000000000f27
2026-10-04T12:10:16.197588+00:00,184107981207500,107,ok,9.811,244d3e056b00000000006e,0000000000
2026-10-04T12:10:16.207894+00:00,184107991142666,108,ok,10.184,244d3e066c97ffe3fd040018,97ffe3fd0400
2026-10-04T12:10:16.217937+00:00,184108001430166,109,ok,9.932,244d3e0a6d0000000000000000000067,00000000000000000000
2026-10-04T12:10:16.228268+00:00,184108011488916,110,ok,10.186,244d3e076e0a00000000000063,0a000000000000
2026-10-04T12:10:16.238551+00:00,184108021891166,120,ok,10.088,244d3efc78e803d007dc05640000ff00000000e803d007dc05640000ff00000000e803d007dc05640000ff00000000e803d007dc05640000ff00000000e803d007dc05640000ff00000000e803d007dc05640000ff00000000e803d007dc05640000ff00000000e803d007dc05640000ff00000000e803d007dc05640000ff00000000e803d007dc05640000ff00000000e803d007dc05640000ff00000000e803d007dc05640000ff00000000e803d007dc05640000ff00000000e803d007dc05640000ff00000000e803d007dc05640000ff00000000e803d007dc05640000ff00000000e803d007dc05640000ff00000000e803d007dc05640000ff0000000084,e803d007dc05640000ff00000000e803d007dc05640000ff00000000e803d007dc05640000ff00000000e803d007dc05640000ff00000000e803d007dc05640000ff00000000e803d007dc05640000ff00000000e803d007dc05640000ff00000000e803d007dc05640000ff00000000e803d007dc05640000ff00000000e803d007dc05640000ff00000000e803d007dc05640000ff00000000e803d007dc05640000ff00000000e803d007dc05640000ff00000000e803d007dc05640000ff00000000e803d007dc05640000ff00000000e803d007dc05640000ff00000000e803d007dc05640000ff00000000e803d007dc05640000ff00000000
2026-10-04T12:10:16.248453+00:00,184108032188833,122,error_or_bad_checksum,9.691,244d21007a7a,
2026-10-04T12:10:16.258316+00:00,184108042021000,151,ok,9.726,244d3e09970001010002020001009f,000101000202000100
2026-10-04T12:10:16.268721+00:00,184108051863708,166,ok,10.285,244d3e15a60000000000005d000000000000000f270f270f2700c6,0000000000005d000000000000000f270f270f2700
2026-10-04T12:10:17.146166+00:00,184108933011625,1,ok,6.582,244d3e030100020505,000205
2026-10-04T12:10:17.156041+00:00,184108939757375,2,ok,9.715,244d3e0402494e415616,494e4156
2026-10-04T12:10:17.166076+00:00,184108949660250,3,ok,9.837,244d3e030309010008,090100
2026-10-04T12:10:17.176397+00:00,184108959635875,4,ok,10.195,244d3e18044d373241000002010f4d414d4241463732325f323032324136,4d373241000002010f4d414d4241463732325f3230323241
2026-10-04T12:10:17.186667+00:00,184108969950291,101,ok,10.137,244d3e0b65f2033700c1800000004000a9,f2033700c1800000004000
2026-10-04T12:10:17.196522+00:00,184108980371458,106,ok,9.579,244d3e126a000000000000000000000000000000000f2750,000000000000000000000000000000000f27
2026-10-04T12:10:17.206517+00:00,184108990124458,107,ok,9.822,244d3e056b00000000006e,0000000000
2026-10-04T12:10:17.216498+00:00,184109000083958,108,ok,9.842,244d3e066c97ffe3fd040018,97ffe3fd0400
2026-10-04T12:10:17.226538+00:00,184109010060041,109,ok,9.907,244d3e0a6d0000000000000000000067,00000000000000000000
2026-10-04T12:10:17.236754+00:00,184109020125583,110,ok,10.048,244d3e076e0a00000000000063,0a000000000000
2026-10-04T12:10:17.246911+00:00,184109030492458,120,ok,9.851,244d3efc78e803d007dc05640000ff00000000e803d007dc05640000ff00000000e803d007dc05640000ff00000000e803d007dc05640000ff00000000e803d007dc05640000ff00000000e803d007dc05640000ff00000000e803d007dc05640000ff00000000e803d007dc05640000ff00000000e803d007dc05640000ff00000000e803d007dc05640000ff00000000e803d007dc05640000ff00000000e803d007dc05640000ff00000000e803d007dc05640000ff00000000e803d007dc05640000ff00000000e803d007dc05640000ff00000000e803d007dc05640000ff00000000e803d007dc05640000ff00000000e803d007dc05640000ff0000000084,e803d007dc05640000ff00000000e803d007dc05640000ff00000000e803d007dc05640000ff00000000e803d007dc05640000ff00000000e803d007dc05640000ff00000000e803d007dc05640000ff00000000e803d007dc05640000ff00000000e803d007dc05640000ff00000000e803d007dc05640000ff00000000e803d007dc05640000ff00000000e803d007dc05640000ff00000000e803d007dc05640000ff00000000e803d007dc05640000ff00000000e803d007dc05640000ff00000000e803d007dc05640000ff00000000e803d007dc05640000ff00000000e803d007dc05640000ff00000000e803d007dc05640000ff00000000
2026-10-04T12:10:17.256690+00:00,184109040510041,122,error_or_bad_checksum,9.606,244d21007a7a,
2026-10-04T12:10:17.266703+00:00,184109050384500,151,ok,9.746,244d3e09970001010002020001009f,000101000202000100
2026-10-04T12:10:17.276945+00:00,184109060283125,166,ok,10.094,244d3e15a60000000000005e000000000000000f270f270f2700c5,0000000000005e000000000000000f270f270f2700
2026-10-04T12:10:18.145853+00:00,184109934599250,1,ok,4.684,244d3e030100020505,000205
2026-10-04T12:10:18.155898+00:00,184109939481500,2,ok,9.839,244d3e0402494e415616,494e4156
2026-10-04T12:10:18.165884+00:00,184109950126125,3,ok,9.189,244d3e030309010008,090100
2026-10-04T12:10:18.175886+00:00,184109959440208,4,ok,9.878,244d3e18044d373241000002010f4d414d4241463732325f323032324136,4d373241000002010f4d414d4241463732325f3230323241
2026-10-04T12:10:18.185893+00:00,184109969449375,101,ok,9.870,244d3e0b6500043700c18000000040005c,00043700c1800000004000
2026-10-04T12:10:18.195953+00:00,184109979450916,106,ok,9.932,244d3e126a000000000000000000000000000000000f2750,000000000000000000000000000000000f27
2026-10-04T12:10:18.206008+00:00,184109989538500,107,ok,9.889,244d3e056b00000000006e,0000000000
2026-10-04T12:10:18.216132+00:00,184109999976708,108,ok,9.583,244d3e066c97ffe3fd040018,97ffe3fd0400
2026-10-04T12:10:18.226022+00:00,184110009765875,109,ok,9.689,244d3e0a6d0000000000000000000067,00000000000000000000
2026-10-04T12:10:18.236016+00:00,184110019577458,110,ok,9.871,244d3e076e0a00000000000063,0a000000000000
2026-10-04T12:10:18.246366+00:00,184110029638458,120,ok,10.155,244d3efc78e803d007dc05640000ff00000000e803d007dc05640000ff00000000e803d007dc05640000ff00000000e803d007dc05640000ff00000000e803d007dc05640000ff00000000e803d007dc05640000ff00000000e803d007dc05640000ff00000000e803d007dc05640000ff00000000e803d007dc05640000ff00000000e803d007dc05640000ff00000000e803d007dc05640000ff00000000e803d007dc05640000ff00000000e803d007dc05640000ff00000000e803d007dc05640000ff00000000e803d007dc05640000ff00000000e803d007dc05640000ff00000000e803d007dc05640000ff00000000e803d007dc05640000ff0000000084,e803d007dc05640000ff00000000e803d007dc05640000ff00000000e803d007dc05640000ff00000000e803d007dc05640000ff00000000e803d007dc05640000ff00000000e803d007dc05640000ff00000000e803d007dc05640000ff00000000e803d007dc05640000ff00000000e803d007dc05640000ff00000000e803d007dc05640000ff00000000e803d007dc05640000ff00000000e803d007dc05640000ff00000000e803d007dc05640000ff00000000e803d007dc05640000ff00000000e803d007dc05640000ff00000000e803d007dc05640000ff00000000e803d007dc05640000ff00000000e803d007dc05640000ff00000000
2026-10-04T12:10:18.256008+00:00,184110040006416,122,error_or_bad_checksum,9.435,244d21007a7a,
2026-10-04T12:10:18.266102+00:00,184110049643791,151,ok,9.887,244d3e09970001010002020001009f,000101000202000100
2026-10-04T12:10:18.276121+00:00,184110059688875,166,ok,9.861,244d3e15a60000000000005e000000000000000f270f270f2700c5,0000000000005e000000000000000f270f270f2700
2026-10-04T12:10:19.154165+00:00,184110937786875,1,ok,9.805,244d3e030100020505,000205
2026-10-04T12:10:19.164191+00:00,184110947799625,2,ok,9.821,244d3e0402494e415616,494e4156
2026-10-04T12:10:19.174494+00:00,184110957797166,3,ok,10.126,244d3e030309010008,090100
2026-10-04T12:10:19.184439+00:00,184110968092708,4,ok,9.780,244d3e18044d373241000002010f4d414d4241463732325f323032324136,4d373241000002010f4d414d4241463732325f3230323241
2026-10-04T12:10:19.194551+00:00,184110977989958,101,ok,9.986,244d3e0b65ff033700c1800000004000a4,ff033700c1800000004000
2026-10-04T12:10:19.204829+00:00,184110988240958,106,ok,10.022,244d3e126a000000000000000000000000000000000f2750,000000000000000000000000000000000f27
2026-10-04T12:10:19.214918+00:00,184110998395000,107,ok,9.954,244d3e056b00000000006e,0000000000
2026-10-04T12:10:19.225114+00:00,184111008498833,108,ok,10.050,244d3e066c97ffe3fd040018,97ffe3fd0400
2026-10-04T12:10:19.235140+00:00,184111018672958,109,ok,9.900,244d3e0a6d0000000000000000000067,00000000000000000000
2026-10-04T12:10:19.245573+00:00,184111028687375,110,ok,10.313,244d3e076e0a00000000000063,0a000000000000
2026-10-04T12:10:19.255723+00:00,184111039161833,120,ok,9.994,244d3efc78e803d007dc05640000ff00000000e803d007dc05640000ff00000000e803d007dc05640000ff00000000e803d007dc05640000ff00000000e803d007dc05640000ff00000000e803d007dc05640000ff00000000e803d007dc05640000ff00000000e803d007dc05640000ff00000000e803d007dc05640000ff00000000e803d007dc05640000ff00000000e803d007dc05640000ff00000000e803d007dc05640000ff00000000e803d007dc05640000ff00000000e803d007dc05640000ff00000000e803d007dc05640000ff00000000e803d007dc05640000ff00000000e803d007dc05640000ff00000000e803d007dc05640000ff0000000084,e803d007dc05640000ff00000000e803d007dc05640000ff00000000e803d007dc05640000ff00000000e803d007dc05640000ff00000000e803d007dc05640000ff00000000e803d007dc05640000ff00000000e803d007dc05640000ff00000000e803d007dc05640000ff00000000e803d007dc05640000ff00000000e803d007dc05640000ff00000000e803d007dc05640000ff00000000e803d007dc05640000ff00000000e803d007dc05640000ff00000000e803d007dc05640000ff00000000e803d007dc05640000ff00000000e803d007dc05640000ff00000000e803d007dc05640000ff00000000e803d007dc05640000ff00000000
2026-10-04T12:10:19.265525+00:00,184111049292208,122,error_or_bad_checksum,9.665,244d21007a7a,
2026-10-04T12:10:19.275836+00:00,184111059328750,151,ok,9.942,244d3e09970001010002020001009f,000101000202000100
2026-10-04T12:10:19.286191+00:00,184111069392291,166,ok,10.232,244d3e15a60000000000005e000000000000000f270f270f2700c5,0000000000005e000000000000000f270f270f2700
2026-10-04T12:10:20.155084+00:00,184111941367500,1,ok,7.149,244d3e030100020505,000205
2026-10-04T12:10:20.165219+00:00,184111948664041,2,ok,9.981,244d3e0402494e415616,494e4156
2026-10-04T12:10:20.175211+00:00,184111958857083,3,ok,9.761,244d3e030309010008,090100
2026-10-04T12:10:20.185201+00:00,184111969137333,4,ok,9.492,244d3e18044d373241000002010f4d414d4241463732325f323032324136,4d373241000002010f4d414d4241463732325f3230323241
2026-10-04T12:10:20.195435+00:00,184111978800083,101,ok,10.071,244d3e0b65fb033700c1800000004000a0,fb033700c1800000004000
2026-10-04T12:10:20.205230+00:00,184111988995583,106,ok,9.664,244d3e126a000000000000000000000000000000000f2750,000000000000000000000000000000000f27
2026-10-04T12:10:20.215332+00:00,184111998818958,107,ok,9.935,244d3e056b00000000006e,0000000000
2026-10-04T12:10:20.225311+00:00,184112008966250,108,ok,9.777,244d3e066c97ffe3fd040018,97ffe3fd0400
2026-10-04T12:10:20.235223+00:00,184112018878166,109,ok,9.773,244d3e0a6d0000000000000000000067,00000000000000000000
2026-10-04T12:10:20.245383+00:00,184112028774708,110,ok,10.035,244d3e076e0a00000000000063,0a000000000000
2026-10-04T12:10:20.255847+00:00,184112039036916,120,ok,10.241,244d3efc78e803d007dc05640000ff00000000e803d007dc05640000ff00000000e803d007dc05640000ff00000000e803d007dc05640000ff00000000e803d007dc05640000ff00000000e803d007dc05640000ff00000000e803d007dc05640000ff00000000e803d007dc05640000ff00000000e803d007dc05640000ff00000000e803d007dc05640000ff00000000e803d007dc05640000ff00000000e803d007dc05640000ff00000000e803d007dc05640000ff00000000e803d007dc05640000ff00000000e803d007dc05640000ff00000000e803d007dc05640000ff00000000e803d007dc05640000ff00000000e803d007dc05640000ff0000000084,e803d007dc05640000ff00000000e803d007dc05640000ff00000000e803d007dc05640000ff00000000e803d007dc05640000ff00000000e803d007dc05640000ff00000000e803d007dc05640000ff00000000e803d007dc05640000ff00000000e803d007dc05640000ff00000000e803d007dc05640000ff00000000e803d007dc05640000ff00000000e803d007dc05640000ff00000000e803d007dc05640000ff00000000e803d007dc05640000ff00000000e803d007dc05640000ff00000000e803d007dc05640000ff00000000e803d007dc05640000ff00000000e803d007dc05640000ff00000000e803d007dc05640000ff00000000
2026-10-04T12:10:20.265649+00:00,184112049477083,122,error_or_bad_checksum,9.602,244d21007a7a,
2026-10-04T12:10:20.275938+00:00,184112059232333,151,ok,10.139,244d3e09970001010002020001009f,000101000202000100
2026-10-04T12:10:20.286274+00:00,184112069585500,166,ok,10.122,244d3e15a60000000000005f000000000000000f270f270f2700c4,0000000000005f000000000000000f270f270f2700
2026-10-04T12:10:21.151755+00:00,184112941799500,1,ok,3.391,244d3e030100020505,000205
2026-10-04T12:10:21.161785+00:00,184112945308833,2,ok,9.912,244d3e0402494e415616,494e4156
2026-10-04T12:10:21.171804+00:00,184112955318708,3,ok,9.921,244d3e030309010008,090100
2026-10-04T12:10:21.181854+00:00,184112965370541,4,ok,9.919,244d3e18044d373241000002010f4d414d4241463732325f323032324136,4d373241000002010f4d414d4241463732325f3230323241
2026-10-04T12:10:21.191834+00:00,184112975407208,101,ok,9.863,244d3e0b65fe033700c1800000004000a5,fe033700c1800000004000
2026-10-04T12:10:21.202091+00:00,184112985382125,106,ok,10.143,244d3e126a000000000000000000000000000000000f2750,000000000000000000000000000000000f27
2026-10-04T12:10:21.212264+00:00,184112995633458,107,ok,10.054,244d3e056b00000000006e,0000000000
2026-10-04T12:10:21.221943+00:00,184113005864458,108,ok,9.515,244d3e066c97ffe3fd040018,97ffe3fd0400
2026-10-04T12:10:21.231941+00:00,184113015494166,109,ok,9.881,244d3e0a6d0000000000000000000067,00000000000000000000
2026-10-04T12:10:21.242020+00:00,184113025495000,110,ok,9.959,244d3e076e0a00000000000063,0a000000000000
2026-10-04T12:10:21.252247+00:00,184113035559250,120,ok,10.123,244d3efc78e803d007dc05640000ff00000000e803d007dc05640000ff00000000e803d007dc05640000ff00000000e803d007dc05640000ff00000000e803d007dc05640000ff00000000e803d007dc05640000ff00000000e803d007dc05640000ff00000000e803d007dc05640000ff00000000e803d007dc05640000ff00000000e803d007dc05640000ff00000000e803d007dc05640000ff00000000e803d007dc05640000ff00000000e803d007dc05640000ff00000000e803d007dc05640000ff00000000e803d007dc05640000ff00000000e803d007dc05640000ff00000000e803d007dc05640000ff00000000e803d007dc05640000ff0000000084,e803d007dc05640000ff00000000e803d007dc05640000ff00000000e803d007dc05640000ff00000000e803d007dc05640000ff00000000e803d007dc05640000ff00000000e803d007dc05640000ff00000000e803d007dc05640000ff00000000e803d007dc05640000ff00000000e803d007dc05640000ff00000000e803d007dc05640000ff00000000e803d007dc05640000ff00000000e803d007dc05640000ff00000000e803d007dc05640000ff00000000e803d007dc05640000ff00000000e803d007dc05640000ff00000000e803d007dc05640000ff00000000e803d007dc05640000ff00000000e803d007dc05640000ff00000000
2026-10-04T12:10:21.262406+00:00,184113045830791,122,error_or_bad_checksum,10.005,244d21007a7a,
2026-10-04T12:10:21.272338+00:00,184113055980791,151,ok,9.793,244d3e09970001010002020001009f,000101000202000100
2026-10-04T12:10:21.282390+00:00,184113065902791,166,ok,9.917,244d3e15a60000000000005f000000000000000f270f270f2700c4,0000000000005f000000000000000f270f270f2700
2026-10-04T12:10:22.158604+00:00,184113946928583,1,ok,5.102,244d3e030100020505,000205
2026-10-04T12:10:22.168541+00:00,184113952210083,2,ok,9.767,244d3e0402494e415616,494e4156
2026-10-04T12:10:22.178692+00:00,184113962098500,3,ok,10.023,244d3e030309010008,090100
2026-10-04T12:10:22.188593+00:00,184113972379500,4,ok,9.649,244d3e18044d373241000002010f4d414d4241463732325f323032324136,4d373241000002010f4d414d4241463732325f3230323241
2026-10-04T12:10:22.198630+00:00,184113982153833,101,ok,9.910,244d3e0b65fd033700c1800000004000a6,fd033700c1800000004000
2026-10-04T12:10:22.208643+00:00,184113992217875,106,ok,9.861,244d3e126a000000000000000000000000000000000f2750,000000000000000000000000000000000f27
2026-10-04T12:10:22.218644+00:00,184114002215333,107,ok,9.865,244d3e056b00000000006e,0000000000
2026-10-04T12:10:22.228771+00:00,184114012204541,108,ok,10.000,244d3e066c97ffe3fd040018,97ffe3fd0400
2026-10-04T12:10:22.239096+00:00,184114022390500,109,ok,10.139,244d3e0a6d0000000000000000000067,00000000000000000000
2026-10-04T12:10:22.249067+00:00,184114032707333,110,ok,9.796,244d3e076e0a00000000000063,0a000000000000
2026-10-04T12:10:22.259547+00:00,184114042639250,120,ok,10.344,244d3efc78e803d007dc05640000ff00000000e803d007dc05640000ff00000000e803d007dc05640000ff00000000e803d007dc05640000ff00000000e803d007dc05640000ff00000000e803d007dc05640000ff00000000e803d007dc05640000ff00000000e803d007dc05640000ff00000000e803d007dc05640000ff00000000e803d007dc05640000ff00000000e803d007dc05640000ff00000000e803d007dc05640000ff00000000e803d007dc05640000ff00000000e803d007dc05640000ff00000000e803d007dc05640000ff00000000e803d007dc05640000ff00000000e803d007dc05640000ff00000000e803d007dc05640000ff0000000084,e803d007dc05640000ff00000000e803d007dc05640000ff00000000e803d007dc05640000ff00000000e803d007dc05640000ff00000000e803d007dc05640000ff00000000e803d007dc05640000ff00000000e803d007dc05640000ff00000000e803d007dc05640000ff00000000e803d007dc05640000ff00000000e803d007dc05640000ff00000000e803d007dc05640000ff00000000e803d007dc05640000ff00000000e803d007dc05640000ff00000000e803d007dc05640000ff00000000e803d007dc05640000ff00000000e803d007dc05640000ff00000000e803d007dc05640000ff00000000e803d007dc05640000ff00000000
2026-10-04T12:10:22.269357+00:00,184114053120083,122,error_or_bad_checksum,9.672,244d21007a7a,
2026-10-04T12:10:22.279851+00:00,184114062986833,151,ok,10.295,244d3e09970001010002020001009f,000101000202000100
2026-10-04T12:10:22.289869+00:00,184114073471625,166,ok,9.831,244d3e15a600000000000060000000000000000f270f270f2700fb,00000000000060000000000000000f270f270f2700
2026-10-04T12:10:23.167216+00:00,184114950352250,1,ok,10.293,244d3e030100020505,000205
2026-10-04T12:10:23.177129+00:00,184114960800250,2,ok,9.762,244d3e0402494e415616,494e4156
2026-10-04T12:10:23.187182+00:00,184114970716125,3,ok,9.898,244d3e030309010008,090100
2026-10-04T12:10:23.197192+00:00,184114980774916,4,ok,9.852,244d3e18044d373241000002010f4d414d4241463732325f323032324136,4d373241000002010f4d414d4241463732325f3230323241
2026-10-04T12:10:23.207221+00:00,184114990780750,101,ok,9.875,244d3e0b65fb033700c1800000004000a0,fb033700c1800000004000
2026-10-04T12:10:23.217259+00:00,184115000822458,106,ok,9.869,244d3e126a000000000000000000000000000000000f2750,000000000000000000000000000000000f27
2026-10-04T12:10:23.227299+00:00,184115010854041,107,ok,9.878,244d3e056b00000000006e,0000000000
2026-10-04T12:10:23.237279+00:00,184115020900583,108,ok,9.814,244d3e066c97ffe3fd040018,97ffe3fd0400
2026-10-04T12:10:23.247317+00:00,184115030862291,109,ok,9.888,244d3e0a6d0000000000000000000067,00000000000000000000
2026-10-04T12:10:23.257360+00:00,184115040915666,110,ok,9.876,244d3e076e0a00000000000063,0a000000000000
2026-10-04T12:10:23.267617+00:00,184115050966583,120,ok,10.078,244d3efc78e803d007dc05640000ff00000000e803d007dc05640000ff00000000e803d007dc05640000ff00000000e803d007dc05640000ff00000000e803d007dc05640000ff00000000e803d007dc05640000ff00000000e803d007dc05640000ff00000000e803d007dc05640000ff00000000e803d007dc05640000ff00000000e803d007dc05640000ff00000000e803d007dc05640000ff00000000e803d007dc05640000ff00000000e803d007dc05640000ff00000000e803d007dc05640000ff00000000e803d007dc05640000ff00000000e803d007dc05640000ff00000000e803d007dc05640000ff00000000e803d007dc05640000ff0000000084,e803d007dc05640000ff00000000e803d007dc05640000ff00000000e803d007dc05640000ff00000000e803d007dc05640000ff00000000e803d007dc05640000ff00000000e803d007dc05640000ff00000000e803d007dc05640000ff00000000e803d007dc05640000ff00000000e803d007dc05640000ff00000000e803d007dc05640000ff00000000e803d007dc05640000ff00000000e803d007dc05640000ff00000000e803d007dc05640000ff00000000e803d007dc05640000ff00000000e803d007dc05640000ff00000000e803d007dc05640000ff00000000e803d007dc05640000ff00000000e803d007dc05640000ff00000000
2026-10-04T12:10:23.277665+00:00,184115061211583,122,error_or_bad_checksum,9.884,244d21007a7a,
2026-10-04T12:10:23.287713+00:00,184115071255666,151,ok,9.890,244d3e09970001010002020001009f,000101000202000100
2026-10-04T12:10:23.297785+00:00,184115081312125,166,ok,9.904,244d3e15a600000000000060000000000000000f270f270f2700fb,00000000000060000000000000000f270f270f2700
2026-10-04T12:10:24.164503+00:00,184115954825250,1,ok,3.113,244d3e030100020505,000205
2026-10-04T12:10:24.174821+00:00,184115958071166,2,ok,10.186,244d3e0402494e415616,494e4156
2026-10-04T12:10:24.184774+00:00,184115968421833,3,ok,9.788,244d3e030309010008,090100
2026-10-04T12:10:24.194795+00:00,184115978356500,4,ok,9.876,244d3e18044d373241000002010f4d414d4241463732325f323032324136,4d373241000002010f4d414d4241463732325f3230323241
2026-10-04T12:10:24.204871+00:00,184115988357541,101,ok,9.943,244d3e0b65ea033700c1800000004000b1,ea033700c1800000004000
2026-10-04T12:10:24.218050+00:00,184115998469041,106,ok,13.017,244d3e126a000000000000000000000000000000000f2750,000000000000000000000000000000000f27
2026-10-04T12:10:24.224880+00:00,184116011673416,107,ok,6.641,244d3e056b00000000006e,0000000000
2026-10-04T12:10:24.234881+00:00,184116018441625,108,ok,9.880,244d3e066c97ffe3fd040018,97ffe3fd0400
2026-10-04T12:10:24.244891+00:00,184116028432833,109,ok,9.897,244d3e0a6d0000000000000000000067,00000000000000000000
2026-10-04T12:10:24.255009+00:00,184116038450791,110,ok,9.997,244d3e076e0a00000000000063,0a000000000000
2026-10-04T12:10:24.265226+00:00,184116048567125,120,ok,10.096,244d3efc78e803d007dc05640000ff00000000e803d007dc05640000ff00000000e803d007dc05640000ff00000000e803d007dc05640000ff00000000e803d007dc05640000ff00000000e803d007dc05640000ff00000000e803d007dc05640000ff00000000e803d007dc05640000ff00000000e803d007dc05640000ff00000000e803d007dc05640000ff00000000e803d007dc05640000ff00000000e803d007dc05640000ff00000000e803d007dc05640000ff00000000e803d007dc05640000ff00000000e803d007dc05640000ff00000000e803d007dc05640000ff00000000e803d007dc05640000ff00000000e803d007dc05640000ff0000000084,e803d007dc05640000ff00000000e803d007dc05640000ff00000000e803d007dc05640000ff00000000e803d007dc05640000ff00000000e803d007dc05640000ff00000000e803d007dc05640000ff00000000e803d007dc05640000ff00000000e803d007dc05640000ff00000000e803d007dc05640000ff00000000e803d007dc05640000ff00000000e803d007dc05640000ff00000000e803d007dc05640000ff00000000e803d007dc05640000ff00000000e803d007dc05640000ff00000000e803d007dc05640000ff00000000e803d007dc05640000ff00000000e803d007dc05640000ff00000000e803d007dc05640000ff00000000
2026-10-04T12:10:24.275125+00:00,184116058819166,122,error_or_bad_checksum,9.745,244d21007a7a,
2026-10-04T12:10:24.284999+00:00,184116068718041,151,ok,9.720,244d3e09970001010002020001009f,000101000202000100
2026-10-04T12:10:24.295474+00:00,184116078551166,166,ok,10.356,244d3e15a600000000000061000000000000000f270f270f2700fa,00000000000061000000000000000f270f270f2700
2026-10-04T12:10:25.165652+00:00,184116958289708,1,ok,0.797,244d3e030100020505,000205
2026-10-04T12:10:25.175804+00:00,184116959199916,2,ok,10.039,244d3e0402494e415616,494e4156
2026-10-04T12:10:25.185785+00:00,184116969418875,3,ok,9.803,244d3e030309010008,090100
2026-10-04T12:10:25.195853+00:00,184116979391291,4,ok,9.890,244d3e18044d373241000002010f4d414d4241463732325f323032324136,4d373241000002010f4d414d4241463732325f3230323241
2026-10-04T12:10:25.205797+00:00,184116989459458,101,ok,9.775,244d3e0b65f6033700c1800000004000ad,f6033700c1800000004000
2026-10-04T12:10:25.215948+00:00,184116999383083,106,ok,9.907,244d3e126a000000000000000000000000000000000f2750,000000000000000000000000000000000f27
2026-10-04T12:10:25.225908+00:00,184117009611166,107,ok,9.729,244d3e056b00000000006e,0000000000
2026-10-04T12:10:25.235856+00:00,184117019539000,108,ok,9.753,244d3e066c97ffe3fd050019,97ffe3fd0500
2026-10-04T12:10:25.246231+00:00,184117029437250,109,ok,10.228,244d3e0a6d0000000000000000000067,00000000000000000000
2026-10-04T12:10:25.256456+00:00,184117039847750,110,ok,10.041,244d3e076e0a00000000000063,0a000000000000
2026-10-04T12:10:25.266791+00:00,184117050085166,120,ok,10.142,244d3efc78e803d007dc05640000ff00000000e803d007dc05640000ff00000000e803d007dc05640000ff00000000e803d007dc05640000ff00000000e803d007dc05640000ff00000000e803d007dc05640000ff00000000e803d007dc05640000ff00000000e803d007dc05640000ff00000000e803d007dc05640000ff00000000e803d007dc05640000ff00000000e803d007dc05640000ff00000000e803d007dc05640000ff00000000e803d007dc05640000ff00000000e803d007dc05640000ff00000000e803d007dc05640000ff00000000e803d007dc05640000ff00000000e803d007dc05640000ff00000000e803d007dc05640000ff0000000084,e803d007dc05640000ff00000000e803d007dc05640000ff00000000e803d007dc05640000ff00000000e803d007dc05640000ff00000000e803d007dc05640000ff00000000e803d007dc05640000ff00000000e803d007dc05640000ff00000000e803d007dc05640000ff00000000e803d007dc05640000ff00000000e803d007dc05640000ff00000000e803d007dc05640000ff00000000e803d007dc05640000ff00000000e803d007dc05640000ff00000000e803d007dc05640000ff00000000e803d007dc05640000ff00000000e803d007dc05640000ff00000000e803d007dc05640000ff00000000e803d007dc05640000ff00000000
2026-10-04T12:10:25.276588+00:00,184117060416958,122,error_or_bad_checksum,9.607,244d21007a7a,
2026-10-04T12:10:25.286623+00:00,184117070171500,151,ok,9.886,244d3e09970001010002020001009f,000101000202000100
2026-10-04T12:10:25.296691+00:00,184117080201041,166,ok,9.925,244d3e15a600000000000061000000000000000f270f270f2700fa,00000000000061000000000000000f270f270f2700
2026-10-04T12:10:26.173740+00:00,184117961437291,1,ok,5.738,244d3e030100020505,000205
2026-10-04T12:10:26.184054+00:00,184117967336541,2,ok,10.156,244d3e0402494e415616,494e4156
2026-10-04T12:10:26.194090+00:00,184117977661291,3,ok,9.864,244d3e030309010008,090100
2026-10-04T12:10:26.204397+00:00,184117987698875,4,ok,10.128,244d3e18044d373241000002010f4d414d4241463732325f323032324136,4d373241000002010f4d414d4241463732325f3230323241
2026-10-04T12:10:26.214717+00:00,184117997986208,101,ok,10.160,244d3e0b65f7033700c1800000004000ac,f7033700c1800000004000
2026-10-04T12:10:26.224483+00:00,184118008568125,106,ok,9.351,244d3e126a000000000000000000000000000000000f2750,000000000000000000000000000000000f27
2026-10-04T12:10:26.234311+00:00,184118018089000,107,ok,9.661,244d3e056b00000000006e,0000000000
2026-10-04T12:10:26.244191+00:00,184118027873875,108,ok,9.751,244d3e066c97ffe2fd050018,97ffe2fd0500
2026-10-04T12:10:26.254498+00:00,184118037807833,109,ok,10.127,244d3e0a6d0000000000000000000067,00000000000000000000
2026-10-04T12:10:26.264763+00:00,184118048106958,110,ok,9.952,244d3e076e0a00000000000063,0a000000000000
2026-10-04T12:10:26.274855+00:00,184118058482666,120,ok,9.802,244d3efc78e803d007dc05640000ff00000000e803d007dc05640000ff00000000e803d007dc05640000ff00000000e803d007dc05640000ff00000000e803d007dc05640000ff00000000e803d007dc05640000ff00000000e803d007dc05640000ff00000000e803d007dc05640000ff00000000e803d007dc05640000ff00000000e803d007dc05640000ff00000000e803d007dc05640000ff00000000e803d007dc05640000ff00000000e803d007dc05640000ff00000000e803d007dc05640000ff00000000e803d007dc05640000ff00000000e803d007dc05640000ff00000000e803d007dc05640000ff00000000e803d007dc05640000ff0000000084,e803d007dc05640000ff00000000e803d007dc05640000ff00000000e803d007dc05640000ff00000000e803d007dc05640000ff00000000e803d007dc05640000ff00000000e803d007dc05640000ff00000000e803d007dc05640000ff00000000e803d007dc05640000ff00000000e803d007dc05640000ff00000000e803d007dc05640000ff00000000e803d007dc05640000ff00000000e803d007dc05640000ff00000000e803d007dc05640000ff00000000e803d007dc05640000ff00000000e803d007dc05640000ff00000000e803d007dc05640000ff00000000e803d007dc05640000ff00000000e803d007dc05640000ff00000000
2026-10-04T12:10:26.284190+00:00,184118068499583,122,error_or_bad_checksum,9.130,244d21007a7a,
2026-10-04T12:10:26.294242+00:00,184118077746583,151,ok,9.935,244d3e09970001010002020001009f,000101000202000100
2026-10-04T12:10:26.304375+00:00,184118087820083,166,ok,9.990,244d3e15a600000000000061000000000000000f270f270f2700fa,00000000000061000000000000000f270f270f2700
2026-10-04T12:10:27.179854+00:00,184118965284625,1,ok,8.006,244d3e030100020505,000205
2026-10-04T12:10:27.189908+00:00,184118973451583,2,ok,9.893,244d3e0402494e415616,494e4156
2026-10-04T12:10:27.199901+00:00,184118983517416,3,ok,9.819,244d3e030309010008,090100
2026-10-04T12:10:27.209940+00:00,184118993514083,4,ok,9.862,244d3e18044d373241000002010f4d414d4241463732325f323032324136,4d373241000002010f4d414d4241463732325f3230323241
2026-10-04T12:10:27.219945+00:00,184119003543625,101,ok,9.838,244d3e0b65fc033700c1800000004000a7,fc033700c1800000004000
2026-10-04T12:10:27.229996+00:00,184119013552541,106,ok,9.880,244d3e126a000000000000000000000000000000000f2750,000000000000000000000000000000000f27
2026-10-04T12:10:27.240266+00:00,184119023626125,107,ok,10.078,244d3e056b00000000006e,0000000000
2026-10-04T12:10:27.250304+00:00,184119033869625,108,ok,9.871,244d3e066c97ffe2fd050018,97ffe2fd0500
2026-10-04T12:10:27.260616+00:00,184119043921708,109,ok,10.130,244d3e0a6d0000000000000000000067,00000000000000000000
2026-10-04T12:10:27.270693+00:00,184119054207791,110,ok,9.922,244d3e076e0a00000000000063,0a000000000000
2026-10-04T12:10:27.281784+00:00,184119064310333,120,ok,10.911,244d3efc78e803d007dc05640000ff00000000e803d007dc05640000ff00000000e803d007dc05640000ff00000000e803d007dc05640000ff00000000e803d007dc05640000ff00000000e803d007dc05640000ff00000000e803d007dc05640000ff00000000e803d007dc05640000ff00000000e803d007dc05640000ff00000000e803d007dc05640000ff00000000e803d007dc05640000ff00000000e803d007dc05640000ff00000000e803d007dc05640000ff00000000e803d007dc05640000ff00000000e803d007dc05640000ff00000000e803d007dc05640000ff00000000e803d007dc05640000ff00000000e803d007dc05640000ff0000000084,e803d007dc05640000ff00000000e803d007dc05640000ff00000000e803d007dc05640000ff00000000e803d007dc05640000ff00000000e803d007dc05640000ff00000000e803d007dc05640000ff00000000e803d007dc05640000ff00000000e803d007dc05640000ff00000000e803d007dc05640000ff00000000e803d007dc05640000ff00000000e803d007dc05640000ff00000000e803d007dc05640000ff00000000e803d007dc05640000ff00000000e803d007dc05640000ff00000000e803d007dc05640000ff00000000e803d007dc05640000ff00000000e803d007dc05640000ff00000000e803d007dc05640000ff00000000
2026-10-04T12:10:27.291077+00:00,184119075418041,122,error_or_bad_checksum,9.093,244d21007a7a,
2026-10-04T12:10:27.301298+00:00,184119084669708,151,ok,10.068,244d3e09970001010002020001009f,000101000202000100
2026-10-04T12:10:27.311334+00:00,184119094881000,166,ok,9.891,244d3e15a600000000000062000000000000000f270f270f2700f9,00000000000062000000000000000f270f270f2700
2026-10-04T12:10:28.179610+00:00,184119965383500,1,ok,7.670,244d3e030100020505,000205
2026-10-04T12:10:28.189608+00:00,184119973191666,2,ok,9.855,244d3e0402494e415616,494e4156
2026-10-04T12:10:28.199676+00:00,184119983274750,3,ok,9.841,244d3e030309010008,090100
2026-10-04T12:10:28.209647+00:00,184119993248833,4,ok,9.840,244d3e18044d373241000002010f4d414d4241463732325f323032324136,4d373241000002010f4d414d4241463732325f3230323241
2026-10-04T12:10:28.219678+00:00,184120003218125,101,ok,9.901,244d3e0b65f8033700c1800000004000a3,f8033700c1800000004000
2026-10-04T12:10:28.229702+00:00,184120013249333,106,ok,9.891,244d3e126a000000000000000000000000000000000f2750,000000000000000000000000000000000f27
2026-10-04T12:10:28.239696+00:00,184120023263416,107,ok,9.873,244d3e056b00000000006e,0000000000
2026-10-04T12:10:28.249768+00:00,184120033265458,108,ok,9.942,244d3e066c97ffe3fd050019,97ffe3fd0500
2026-10-04T12:10:28.260028+00:00,184120043344500,109,ok,10.127,244d3e0a6d0000000000000000000067,00000000000000000000
2026-10-04T12:10:28.270198+00:00,184120053587875,110,ok,10.046,244d3e076e0a00000000000063,0a000000000000
2026-10-04T12:10:28.280416+00:00,184120063822458,120,ok,10.034,244d3efc78e803d007dc05640000ff00000000e803d007dc05640000ff00000000e803d007dc05640000ff00000000e803d007dc05640000ff00000000e803d007dc05640000ff00000000e803d007dc05640000ff00000000e803d007dc05640000ff00000000e803d007dc05640000ff00000000e803d007dc05640000ff00000000e803d007dc05640000ff00000000e803d007dc05640000ff00000000e803d007dc05640000ff00000000e803d007dc05640000ff00000000e803d007dc05640000ff00000000e803d007dc05640000ff00000000e803d007dc05640000ff00000000e803d007dc05640000ff00000000e803d007dc05640000ff0000000084,e803d007dc05640000ff00000000e803d007dc05640000ff00000000e803d007dc05640000ff00000000e803d007dc05640000ff00000000e803d007dc05640000ff00000000e803d007dc05640000ff00000000e803d007dc05640000ff00000000e803d007dc05640000ff00000000e803d007dc05640000ff00000000e803d007dc05640000ff00000000e803d007dc05640000ff00000000e803d007dc05640000ff00000000e803d007dc05640000ff00000000e803d007dc05640000ff00000000e803d007dc05640000ff00000000e803d007dc05640000ff00000000e803d007dc05640000ff00000000e803d007dc05640000ff00000000
2026-10-04T12:10:28.290493+00:00,184120074022416,122,error_or_bad_checksum,9.906,244d21007a7a,
2026-10-04T12:10:28.300498+00:00,184120084104500,151,ok,9.833,244d3e09970001010002020001009f,000101000202000100
2026-10-04T12:10:28.310768+00:00,184120094119916,166,ok,10.090,244d3e15a600000000000062000000000000000f270f270f2700f9,00000000000062000000000000000f270f270f2700
2026-10-04T12:10:29.179115+00:00,184120966360750,1,ok,6.193,244d3e030100020505,000205
2026-10-04T12:10:29.189124+00:00,184120972737708,2,ok,9.825,244d3e0402494e415616,494e4156
2026-10-04T12:10:29.199457+00:00,184120982730583,3,ok,10.164,244d3e030309010008,090100
2026-10-04T12:10:29.209480+00:00,184120993079666,4,ok,9.839,244d3e18044d373241000002010f4d414d4241463732325f323032324136,4d373241000002010f4d414d4241463732325f3230323241
2026-10-04T12:10:29.219502+00:00,184121003091750,101,ok,9.845,244d3e0b65ec033700c1800000004000b7,ec033700c1800000004000
2026-10-04T12:10:29.229510+00:00,184121013212208,106,ok,9.739,244d3e126a000000000000000000000000000000000f2750,000000000000000000000000000000000f27
2026-10-04T12:10:29.239768+00:00,184121023113291,107,ok,10.092,244d3e056b00000000006e,0000000000
2026-10-04T12:10:29.249551+00:00,184121033393625,108,ok,9.596,244d3e066c97ffe3fd050019,97ffe3fd0500
2026-10-04T12:10:29.259490+00:00,184121043158625,109,ok,9.773,244d3e0a6d0000000000000000000067,00000000000000000000
2026-10-04T12:10:29.269575+00:00,184121053060958,110,ok,9.954,244d3e076e0a00000000000063,0a000000000000
2026-10-04T12:10:29.279895+00:00,184121063182416,120,ok,10.147,244d3efc78e803d007dc05640000ff00000000e803d007dc05640000ff00000000e803d007dc05640000ff00000000e803d007dc05640000ff00000000e803d007dc05640000ff00000000e803d007dc05640000ff00000000e803d007dc05640000ff00000000e803d007dc05640000ff00000000e803d007dc05640000ff00000000e803d007dc05640000ff00000000e803d007dc05640000ff00000000e803d007dc05640000ff00000000e803d007dc05640000ff00000000e803d007dc05640000ff00000000e803d007dc05640000ff00000000e803d007dc05640000ff00000000e803d007dc05640000ff00000000e803d007dc05640000ff0000000084,e803d007dc05640000ff00000000e803d007dc05640000ff00000000e803d007dc05640000ff00000000e803d007dc05640000ff00000000e803d007dc05640000ff00000000e803d007dc05640000ff00000000e803d007dc05640000ff00000000e803d007dc05640000ff00000000e803d007dc05640000ff00000000e803d007dc05640000ff00000000e803d007dc05640000ff00000000e803d007dc05640000ff00000000e803d007dc05640000ff00000000e803d007dc05640000ff00000000e803d007dc05640000ff00000000e803d007dc05640000ff00000000e803d007dc05640000ff00000000e803d007dc05640000ff00000000
2026-10-04T12:10:29.289767+00:00,184121073588458,122,error_or_bad_checksum,9.557,244d21007a7a,
2026-10-04T12:10:29.299648+00:00,184121083464000,151,ok,9.624,244d3e09970001010002020001009f,000101000202000100
2026-10-04T12:10:29.309956+00:00,184121093249291,166,ok,10.147,244d3e15a600000000000063000000000000000f270f270f2700f8,00000000000063000000000000000f270f270f2700
2026-10-04T12:10:30.187625+00:00,184121970655500,1,ok,10.413,244d3e030100020505,000205
2026-10-04T12:10:30.198054+00:00,184121981199500,2,ok,10.239,244d3e0402494e415616,494e4156
2026-10-04T12:10:30.208030+00:00,184121991640333,3,ok,9.831,244d3e030309010008,090100
2026-10-04T12:10:30.218047+00:00,184122001595500,4,ok,9.893,244d3e18044d373241000002010f4d414d4241463732325f323032324136,4d373241000002010f4d414d4241463732325f3230323241
2026-10-04T12:10:30.228263+00:00,184122011622750,101,ok,10.078,244d3e0b65f5033700c1800000004000ae,f5033700c1800000004000
2026-10-04T12:10:30.238071+00:00,184122021885583,106,ok,9.626,244d3e126a000000000000000000000000000000000f2750,000000000000000000000000000000000f27
2026-10-04T12:10:30.248031+00:00,184122031676791,107,ok,9.797,244d3e056b00000000006e,0000000000
2026-10-04T12:10:30.258054+00:00,184122041605916,108,ok,9.890,244d3e066c97ffe3fd050019,97ffe3fd0500
2026-10-04T12:10:30.268362+00:00,184122051662791,109,ok,10.142,244d3e0a6d0000000000000000000067,00000000000000000000
2026-10-04T12:10:30.278587+00:00,184122061916541,110,ok,10.104,244d3e076e0a00000000000063,0a000000000000
2026-10-04T12:10:30.288701+00:00,184122072243541,120,ok,9.898,244d3efc78e803d007dc05640000ff00000000e803d007dc05640000ff00000000e803d007dc05640000ff00000000e803d007dc05640000ff00000000e803d007dc05640000ff00000000e803d007dc05640000ff00000000e803d007dc05640000ff00000000e803d007dc05640000ff00000000e803d007dc05640000ff00000000e803d007dc05640000ff00000000e803d007dc05640000ff00000000e803d007dc05640000ff00000000e803d007dc05640000ff00000000e803d007dc05640000ff00000000e803d007dc05640000ff00000000e803d007dc05640000ff00000000e803d007dc05640000ff00000000e803d007dc05640000ff0000000084,e803d007dc05640000ff00000000e803d007dc05640000ff00000000e803d007dc05640000ff00000000e803d007dc05640000ff00000000e803d007dc05640000ff00000000e803d007dc05640000ff00000000e803d007dc05640000ff00000000e803d007dc05640000ff00000000e803d007dc05640000ff00000000e803d007dc05640000ff00000000e803d007dc05640000ff00000000e803d007dc05640000ff00000000e803d007dc05640000ff00000000e803d007dc05640000ff00000000e803d007dc05640000ff00000000e803d007dc05640000ff00000000e803d007dc05640000ff00000000e803d007dc05640000ff00000000
2026-10-04T12:10:30.298527+00:00,184122082346750,122,error_or_bad_checksum,9.618,244d21007a7a,
2026-10-04T12:10:30.308518+00:00,184122092143041,151,ok,9.816,244d3e09970001010002020001009f,000101000202000100
2026-10-04T12:10:30.318574+00:00,184122102108333,166,ok,9.905,244d3e15a600000000000063000000000000000f270f270f2700f8,00000000000063000000000000000f270f270f2700
2026-10-04T12:10:31.188882+00:00,184122975738000,1,ok,6.589,244d3e030100020505,000205
2026-10-04T12:10:31.198881+00:00,184122982462208,2,ok,9.864,244d3e0402494e415616,494e4156
2026-10-04T12:10:31.208872+00:00,184122992430583,3,ok,9.889,244d3e030309010008,090100
2026-10-04T12:10:31.218934+00:00,184123002417875,4,ok,9.966,244d3e18044d373241000002010f4d414d4241463732325f323032324136,4d373241000002010f4d414d4241463732325f3230323241
2026-10-04T12:10:31.229017+00:00,184123012456208,101,ok,10.006,244d3e0b65ea033700c1800000004000b1,ea033700c1800000004000
2026-10-04T12:10:31.238943+00:00,184123022602791,106,ok,9.789,244d3e126a000000000000000000000000000000000f2750,000000000000000000000000000000000f27
2026-10-04T12:10:31.249037+00:00,184123032474541,107,ok,10.006,244d3e056b00000000006e,0000000000
2026-10-04T12:10:31.258963+00:00,184123042610458,108,ok,9.802,244d3e066c98ffe3fd050016,98ffe3fd0500
2026-10-04T12:10:31.268968+00:00,184123052541125,109,ok,9.876,244d3e0a6d0000000000000000000067,00000000000000000000
2026-10-04T12:10:31.279147+00:00,184123062496208,110,ok,10.095,244d3e076e0a00000000000063,0a000000000000
2026-10-04T12:10:31.289469+00:00,184123072713375,120,ok,10.199,244d3efc78e803d007dc05640000ff00000000e803d007dc05640000ff00000000e803d007dc05640000ff00000000e803d007dc05640000ff00000000e803d007dc05640000ff00000000e803d007dc05640000ff00000000e803d007dc05640000ff00000000e803d007dc05640000ff00000000e803d007dc05640000ff00000000e803d007dc05640000ff00000000e803d007dc05640000ff00000000e803d007dc05640000ff00000000e803d007dc05640000ff00000000e803d007dc05640000ff00000000e803d007dc05640000ff00000000e803d007dc05640000ff00000000e803d007dc05640000ff00000000e803d007dc05640000ff0000000084,e803d007dc05640000ff00000000e803d007dc05640000ff00000000e803d007dc05640000ff00000000e803d007dc05640000ff00000000e803d007dc05640000ff00000000e803d007dc05640000ff00000000e803d007dc05640000ff00000000e803d007dc05640000ff00000000e803d007dc05640000ff00000000e803d007dc05640000ff00000000e803d007dc05640000ff00000000e803d007dc05640000ff00000000e803d007dc05640000ff00000000e803d007dc05640000ff00000000e803d007dc05640000ff00000000e803d007dc05640000ff00000000e803d007dc05640000ff00000000e803d007dc05640000ff00000000
2026-10-04T12:10:31.299106+00:00,184123083102666,122,error_or_bad_checksum,9.447,244d21007a7a,
2026-10-04T12:10:31.309167+00:00,184123092671041,151,ok,9.940,244d3e09970001010002020001009f,000101000202000100
2026-10-04T12:10:31.319170+00:00,184123102732791,166,ok,9.881,244d3e15a600000000000063000000000000000f270f270f2700f8,00000000000063000000000000000f270f270f2700
2026-10-04T12:10:32.196894+00:00,184123980905625,1,ok,9.431,244d3e030100020505,000205
2026-10-04T12:10:32.206877+00:00,184123990482916,2,ok,9.837,244d3e0402494e415616,494e4156
2026-10-04T12:10:32.217240+00:00,184124000464833,3,ok,10.206,244d3e030309010008,090100
2026-10-04T12:10:32.227223+00:00,184124010894625,4,ok,9.775,244d3e18044d373241000002010f4d414d4241463732325f323032324136,4d373241000002010f4d414d4241463732325f3230323241
2026-10-04T12:10:32.237637+00:00,184124020797708,101,ok,10.279,244d3e0b6529043700c180000000400075,29043700c1800000004000
2026-10-04T12:10:32.247646+00:00,184124031249250,106,ok,9.839,244d3e126a000000000000000000000000000000000f2750,000000000000000000000000000000000f27
2026-10-04T12:10:32.257977+00:00,184124041464833,107,ok,9.952,244d3e056b00000000006e,0000000000
2026-10-04T12:10:32.267886+00:00,184124051791000,108,ok,9.541,244d3e066c98ffe3fd050016,98ffe3fd0500
2026-10-04T12:10:32.278302+00:00,184124061441500,109,ok,10.301,244d3e0a6d0000000000000000000067,00000000000000000000
2026-10-04T12:10:32.288355+00:00,184124071918208,110,ok,9.875,244d3e076e0a00000000000063,0a000000000000
2026-10-04T12:10:32.298930+00:00,184124081999000,120,ok,10.367,244d3efc78e803d007dc05640000ff00000000e803d007dc05640000ff00000000e803d007dc05640000ff00000000e803d007dc05640000ff00000000e803d007dc05640000ff00000000e803d007dc05640000ff00000000e803d007dc05640000ff00000000e803d007dc05640000ff00000000e803d007dc05640000ff00000000e803d007dc05640000ff00000000e803d007dc05640000ff00000000e803d007dc05640000ff00000000e803d007dc05640000ff00000000e803d007dc05640000ff00000000e803d007dc05640000ff00000000e803d007dc05640000ff00000000e803d007dc05640000ff00000000e803d007dc05640000ff0000000084,e803d007dc05640000ff00000000e803d007dc05640000ff00000000e803d007dc05640000ff00000000e803d007dc05640000ff00000000e803d007dc05640000ff00000000e803d007dc05640000ff00000000e803d007dc05640000ff00000000e803d007dc05640000ff00000000e803d007dc05640000ff00000000e803d007dc05640000ff00000000e803d007dc05640000ff00000000e803d007dc05640000ff00000000e803d007dc05640000ff00000000e803d007dc05640000ff00000000e803d007dc05640000ff00000000e803d007dc05640000ff00000000e803d007dc05640000ff00000000e803d007dc05640000ff00000000
2026-10-04T12:10:32.308638+00:00,184124092656916,122,error_or_bad_checksum,9.424,244d21007a7a,
2026-10-04T12:10:32.318608+00:00,184124102409875,151,ok,9.644,244d3e09970001010002020001009f,000101000202000100
2026-10-04T12:10:32.329191+00:00,184124112175833,166,ok,10.442,244d3e15a600000000000064000000000000000f270f270f2700ff,00000000000064000000000000000f270f270f2700
2026-10-04T12:10:33.196523+00:00,184124983008750,1,ok,6.949,244d3e030100020505,000205
2026-10-04T12:10:33.206721+00:00,184124990146125,2,ok,10.015,244d3e0402494e415616,494e4156
2026-10-04T12:10:33.216839+00:00,184125000379250,3,ok,9.889,244d3e030309010008,090100
2026-10-04T12:10:33.226690+00:00,184125010582833,4,ok,9.553,244d3e18044d373241000002010f4d414d4241463732325f323032324136,4d373241000002010f4d414d4241463732325f3230323241
2026-10-04T12:10:33.236840+00:00,184125020266791,101,ok,10.013,244d3e0b65f8033700c1800000004000a3,f8033700c1800000004000
2026-10-04T12:10:33.246750+00:00,184125030481125,106,ok,9.713,244d3e126a000000000000000000000000000000000f2750,000000000000000000000000000000000f27
2026-10-04T12:10:33.256798+00:00,184125040351583,107,ok,9.888,244d3e056b00000000006e,0000000000
2026-10-04T12:10:33.266771+00:00,184125050458125,108,ok,9.759,244d3e066c97ffe3fd050019,97ffe3fd0500
2026-10-04T12:10:33.276927+00:00,184125060363916,109,ok,10.010,244d3e0a6d0000000000000000000067,00000000000000000000
2026-10-04T12:10:33.287159+00:00,184125070494625,110,ok,10.103,244d3e076e0a00000000000063,0a000000000000
2026-10-04T12:10:33.297395+00:00,184125080752875,120,ok,10.085,244d3efc78e803d007dc05640000ff00000000e803d007dc05640000ff00000000e803d007dc05640000ff00000000e803d007dc05640000ff00000000e803d007dc05640000ff00000000e803d007dc05640000ff00000000e803d007dc05640000ff00000000e803d007dc05640000ff00000000e803d007dc05640000ff00000000e803d007dc05640000ff00000000e803d007dc05640000ff00000000e803d007dc05640000ff00000000e803d007dc05640000ff00000000e803d007dc05640000ff00000000e803d007dc05640000ff00000000e803d007dc05640000ff00000000e803d007dc05640000ff00000000e803d007dc05640000ff0000000084,e803d007dc05640000ff00000000e803d007dc05640000ff00000000e803d007dc05640000ff00000000e803d007dc05640000ff00000000e803d007dc05640000ff00000000e803d007dc05640000ff00000000e803d007dc05640000ff00000000e803d007dc05640000ff00000000e803d007dc05640000ff00000000e803d007dc05640000ff00000000e803d007dc05640000ff00000000e803d007dc05640000ff00000000e803d007dc05640000ff00000000e803d007dc05640000ff00000000e803d007dc05640000ff00000000e803d007dc05640000ff00000000e803d007dc05640000ff00000000e803d007dc05640000ff00000000
2026-10-04T12:10:33.307229+00:00,184125091054458,122,error_or_bad_checksum,9.615,244d21007a7a,
2026-10-04T12:10:33.317445+00:00,184125100839125,151,ok,10.055,244d3e09970001010002020001009f,000101000202000100
2026-10-04T12:10:33.327486+00:00,184125110981291,166,ok,9.952,244d3e15a600000000000064000000000000000f270f270f2700ff,00000000000064000000000000000f270f270f2700
2026-10-04T12:10:34.204957+00:00,184125988012750,1,ok,10.383,244d3e030100020505,000205
2026-10-04T12:10:34.215321+00:00,184125998594625,2,ok,10.168,244d3e0402494e415616,494e4156
2026-10-04T12:10:34.225323+00:00,184126008941625,3,ok,9.823,244d3e030309010008,090100
2026-10-04T12:10:34.235234+00:00,184126018954750,4,ok,9.728,244d3e18044d373241000002010f4d414d4241463732325f323032324136,4d373241000002010f4d414d4241463732325f3230323241
2026-10-04T12:10:34.245564+00:00,184126028819583,101,ok,10.190,244d3e0b65ee033700c1800000004000b5,ee033700c1800000004000
2026-10-04T12:10:34.255593+00:00,184126039136875,106,ok,9.901,244d3e126a000000000000000000000000000000000f2750,000000000000000000000000000000000f27
2026-10-04T12:10:34.265578+00:00,184126049163041,107,ok,9.862,244d3e056b00000000006e,0000000000
2026-10-04T12:10:34.275682+00:00,184126059162291,108,ok,9.963,244d3e066c98ffe3fd050016,98ffe3fd0500
2026-10-04T12:10:34.286047+00:00,184126069269666,109,ok,10.220,244d3e0a6d0000000000000000000067,00000000000000000000
2026-10-04T12:10:34.296049+00:00,184126079647041,110,ok,9.847,244d3e076e0a00000000000063,0a000000000000
2026-10-04T12:10:34.306380+00:00,184126089658416,120,ok,10.170,244d3efc78e803d007dc05640000ff00000000e803d007dc05640000ff00000000e803d007dc05640000ff00000000e803d007dc05640000ff00000000e803d007dc05640000ff00000000e803d007dc05640000ff00000000e803d007dc05640000ff00000000e803d007dc05640000ff00000000e803d007dc05640000ff00000000e803d007dc05640000ff00000000e803d007dc05640000ff00000000e803d007dc05640000ff00000000e803d007dc05640000ff00000000e803d007dc05640000ff00000000e803d007dc05640000ff00000000e803d007dc05640000ff00000000e803d007dc05640000ff00000000e803d007dc05640000ff0000000084,e803d007dc05640000ff00000000e803d007dc05640000ff00000000e803d007dc05640000ff00000000e803d007dc05640000ff00000000e803d007dc05640000ff00000000e803d007dc05640000ff00000000e803d007dc05640000ff00000000e803d007dc05640000ff00000000e803d007dc05640000ff00000000e803d007dc05640000ff00000000e803d007dc05640000ff00000000e803d007dc05640000ff00000000e803d007dc05640000ff00000000e803d007dc05640000ff00000000e803d007dc05640000ff00000000e803d007dc05640000ff00000000e803d007dc05640000ff00000000e803d007dc05640000ff00000000
2026-10-04T12:10:34.316342+00:00,184126099978291,122,error_or_bad_checksum,9.810,244d21007a7a,
2026-10-04T12:10:34.326382+00:00,184126109930041,151,ok,9.894,244d3e09970001010002020001009f,000101000202000100
2026-10-04T12:10:34.336443+00:00,184126119988333,166,ok,9.896,244d3e15a600000000000065000000000000000f270f270f2700fe,00000000000065000000000000000f270f270f2700
2026-10-04T12:10:35.201890+00:00,184126991425250,1,ok,3.913,244d3e030100020505,000205
2026-10-04T12:10:35.212161+00:00,184126995468500,2,ok,10.136,244d3e0402494e415616,494e4156
2026-10-04T12:10:35.222046+00:00,184127005775041,3,ok,9.716,244d3e030309010008,090100
2026-10-04T12:10:35.232083+00:00,184127015664291,4,ok,9.864,244d3e18044d373241000002010f4d414d4241463732325f323032324136,4d373241000002010f4d414d4241463732325f3230323241
2026-10-04T12:10:35.242493+00:00,184127025781750,101,ok,10.157,244d3e0b65fd033700c1800000004000a6,fd033700c1800000004000
2026-10-04T12:10:35.252017+00:00,184127036166291,106,ok,9.299,244d3e126a000000000000000000000000000000000f2750,000000000000000000000000000000000f27
2026-10-04T12:10:35.262140+00:00,184127045575166,107,ok,10.007,244d3e056b00000000006e,0000000000
2026-10-04T12:10:35.272099+00:00,184127055757375,108,ok,9.787,244d3e066c98ffe3fd050016,98ffe3fd0500
2026-10-04T12:10:35.282073+00:00,184127065707250,109,ok,9.813,244d3e0a6d0000000000000000000067,00000000000000000000
2026-10-04T12:10:35.292088+00:00,184127075650541,110,ok,9.886,244d3e076e0a00000000000063,0a000000000000
2026-10-04T12:10:35.302383+00:00,184127085620875,120,ok,10.206,244d3efc78e803d007dc05640000ff00000000e803d007dc05640000ff00000000e803d007dc05640000ff00000000e803d007dc05640000ff00000000e803d007dc05640000ff00000000e803d007dc05640000ff00000000e803d007dc05640000ff00000000e803d007dc05640000ff00000000e803d007dc05640000ff00000000e803d007dc05640000ff00000000e803d007dc05640000ff00000000e803d007dc05640000ff00000000e803d007dc05640000ff00000000e803d007dc05640000ff00000000e803d007dc05640000ff00000000e803d007dc05640000ff00000000e803d007dc05640000ff00000000e803d007dc05640000ff0000000084,e803d007dc05640000ff00000000e803d007dc05640000ff00000000e803d007dc05640000ff00000000e803d007dc05640000ff00000000e803d007dc05640000ff00000000e803d007dc05640000ff00000000e803d007dc05640000ff00000000e803d007dc05640000ff00000000e803d007dc05640000ff00000000e803d007dc05640000ff00000000e803d007dc05640000ff00000000e803d007dc05640000ff00000000e803d007dc05640000ff00000000e803d007dc05640000ff00000000e803d007dc05640000ff00000000e803d007dc05640000ff00000000e803d007dc05640000ff00000000e803d007dc05640000ff00000000
2026-10-04T12:10:35.312467+00:00,184127096034541,122,error_or_bad_checksum,9.879,244d21007a7a,
2026-10-04T12:10:35.322495+00:00,184127106044625,151,ok,9.899,244d3e09970001010002020001009f,000101000202000100
2026-10-04T12:10:35.332845+00:00,184127116051875,166,ok,10.242,244d3e15a600000000000065000000000000000f270f270f2700fe,00000000000065000000000000000f270f270f2700
2026-10-04T12:10:36.214583+00:00,184127995804083,1,ok,12.216,244d3e030100020505,000205
2026-10-04T12:10:36.220952+00:00,184128008401125,2,ok,5.937,244d3e0402494e415616,494e4156
2026-10-04T12:10:36.230773+00:00,184128014633333,3,ok,9.590,244d3e030309010008,090100
2026-10-04T12:10:36.241336+00:00,184128024330875,4,ok,10.453,244d3e18044d373241000002010f4d414d4241463732325f323032324136,4d373241000002010f4d414d4241463732325f3230323241
2026-10-04T12:10:36.251201+00:00,184128034908208,101,ok,9.737,244d3e0b65fa033700c1800000004000a1,fa033700c1800000004000
2026-10-04T12:10:36.261156+00:00,184128044773166,106,ok,9.832,244d3e126a000000000000000000000000000000000f2750,000000000000000000000000000000000f27
2026-10-04T12:10:36.271183+00:00,184128054740333,107,ok,9.891,244d3e056b00000000006e,0000000000
2026-10-04T12:10:36.281408+00:00,184128064763458,108,ok,10.091,244d3e066c98ffe3fd050016,98ffe3fd0500
2026-10-04T12:10:36.291371+00:00,184128075010791,109,ok,9.801,244d3e0a6d0000000000000000000067,00000000000000000000
2026-10-04T12:10:36.301252+00:00,184128085031166,110,ok,9.671,244d3e076e0a00000000000063,0a000000000000
2026-10-04T12:10:36.311567+00:00,184128094814208,120,ok,10.196,244d3efc78e803d007dc05640000ff00000000e803d007dc05640000ff00000000e803d007dc05640000ff00000000e803d007dc05640000ff00000000e803d007dc05640000ff00000000e803d007dc05640000ff00000000e803d007dc05640000ff00000000e803d007dc05640000ff00000000e803d007dc05640000ff00000000e803d007dc05640000ff00000000e803d007dc05640000ff00000000e803d007dc05640000ff00000000e803d007dc05640000ff00000000e803d007dc05640000ff00000000e803d007dc05640000ff00000000e803d007dc05640000ff00000000e803d007dc05640000ff00000000e803d007dc05640000ff0000000084,e803d007dc05640000ff00000000e803d007dc05640000ff00000000e803d007dc05640000ff00000000e803d007dc05640000ff00000000e803d007dc05640000ff00000000e803d007dc05640000ff00000000e803d007dc05640000ff00000000e803d007dc05640000ff00000000e803d007dc05640000ff00000000e803d007dc05640000ff00000000e803d007dc05640000ff00000000e803d007dc05640000ff00000000e803d007dc05640000ff00000000e803d007dc05640000ff00000000e803d007dc05640000ff00000000e803d007dc05640000ff00000000e803d007dc05640000ff00000000e803d007dc05640000ff00000000
2026-10-04T12:10:36.321446+00:00,184128105200791,122,error_or_bad_checksum,9.686,244d21007a7a,
2026-10-04T12:10:36.331408+00:00,184128115109958,151,ok,9.736,244d3e09970001010002020001009f,000101000202000100
2026-10-04T12:10:36.341433+00:00,184128125046625,166,ok,9.830,244d3e15a600000000000066000000000000000f270f270f2700fd,00000000000066000000000000000f270f270f2700
2026-10-04T12:10:37.208443+00:00,184128999625166,1,ok,2.261,244d3e030100020505,000205
2026-10-04T12:10:37.218485+00:00,184129002038250,2,ok,9.892,244d3e0402494e415616,494e4156
2026-10-04T12:10:37.228569+00:00,184129012110541,3,ok,9.902,244d3e030309010008,090100
2026-10-04T12:10:37.238562+00:00,184129022216041,4,ok,9.789,244d3e18044d373241000002010f4d414d4241463732325f323032324136,4d373241000002010f4d414d4241463732325f3230323241
2026-10-04T12:10:37.248796+00:00,184129032182791,101,ok,10.050,244d3e0b65f7033700c1800000004000ac,f7033700c1800000004000
2026-10-04T12:10:37.258578+00:00,184129042440083,106,ok,9.582,244d3e126a000000000000000000000000000000000f2750,000000000000000000000000000000000f27
2026-10-04T12:10:37.268624+00:00,184129052189833,107,ok,9.878,244d3e056b00000000006e,0000000000
2026-10-04T12:10:37.278851+00:00,184129062231208,108,ok,10.061,244d3e066c97ffe3fd050019,97ffe3fd0500
2026-10-04T12:10:37.288666+00:00,184129072551875,109,ok,9.557,244d3e0a6d0000000000000000000067,00000000000000000000
2026-10-04T12:10:37.298626+00:00,184129082308041,110,ok,9.765,244d3e076e0a00000000000063,0a000000000000
2026-10-04T12:10:37.309002+00:00,184129092220541,120,ok,10.223,244d3efc78e803d007dc05640000ff00000000e803d007dc05640000ff00000000e803d007dc05640000ff00000000e803d007dc05640000ff00000000e803d007dc05640000ff00000000e803d007dc05640000ff00000000e803d007dc05640000ff00000000e803d007dc05640000ff00000000e803d007dc05640000ff00000000e803d007dc05640000ff00000000e803d007dc05640000ff00000000e803d007dc05640000ff00000000e803d007dc05640000ff00000000e803d007dc05640000ff00000000e803d007dc05640000ff00000000e803d007dc05640000ff00000000e803d007dc05640000ff00000000e803d007dc05640000ff0000000084,e803d007dc05640000ff00000000e803d007dc05640000ff00000000e803d007dc05640000ff00000000e803d007dc05640000ff00000000e803d007dc05640000ff00000000e803d007dc05640000ff00000000e803d007dc05640000ff00000000e803d007dc05640000ff00000000e803d007dc05640000ff00000000e803d007dc05640000ff00000000e803d007dc05640000ff00000000e803d007dc05640000ff00000000e803d007dc05640000ff00000000e803d007dc05640000ff00000000e803d007dc05640000ff00000000e803d007dc05640000ff00000000e803d007dc05640000ff00000000e803d007dc05640000ff00000000
2026-10-04T12:10:37.318700+00:00,184129102663791,122,error_or_bad_checksum,9.480,244d21007a7a,
2026-10-04T12:10:37.328790+00:00,184129112370291,151,ok,9.863,244d3e09970001010002020001009f,000101000202000100
2026-10-04T12:10:37.338779+00:00,184129122444333,166,ok,9.780,244d3e15a600000000000066000000000000000f270f270f2700fd,00000000000066000000000000000f270f270f2700
2026-10-04T12:10:38.215820+00:00,184130004627166,1,ok,4.638,244d3e030100020505,000205
2026-10-04T12:10:38.225856+00:00,184130009427875,2,ok,9.870,244d3e0402494e415616,494e4156
2026-10-04T12:10:38.236097+00:00,184130019500125,3,ok,10.047,244d3e030309010008,090100
2026-10-04T12:10:38.246218+00:00,184130029683875,4,ok,9.978,244d3e18044d373241000002010f4d414d4241463732325f323032324136,4d373241000002010f4d414d4241463732325f3230323241
2026-10-04T12:10:38.256259+00:00,184130039866916,101,ok,9.818,244d3e0b65fd033700c1800000004000a6,fd033700c1800000004000
2026-10-04T12:10:38.266253+00:00,184130049901541,106,ok,9.797,244d3e126a000000000000000000000000000000000f2750,000000000000000000000000000000000f27
2026-10-04T12:10:38.276415+00:00,184130059878333,107,ok,9.978,244d3e056b00000000006e,0000000000
2026-10-04T12:10:38.286264+00:00,184130070034541,108,ok,9.676,244d3e066c98ffe2fd050017,98ffe2fd0500
2026-10-04T12:10:38.296332+00:00,184130079889000,109,ok,9.889,244d3e0a6d0000000000000000000067,00000000000000000000
2026-10-04T12:10:38.306655+00:00,184130089972833,110,ok,10.127,244d3e076e0a00000000000063,0a000000000000
2026-10-04T12:10:38.316863+00:00,184130100287333,120,ok,10.018,244d3efc78e803d007dc05640000ff00000000e803d007dc05640000ff00000000e803d007dc05640000ff00000000e803d007dc05640000ff00000000e803d007dc05640000ff00000000e803d007dc05640000ff00000000e803d007dc05640000ff00000000e803d007dc05640000ff00000000e803d007dc05640000ff00000000e803d007dc05640000ff00000000e803d007dc05640000ff00000000e803d007dc05640000ff00000000e803d007dc05640000ff00000000e803d007dc05640000ff00000000e803d007dc05640000ff00000000e803d007dc05640000ff00000000e803d007dc05640000ff00000000e803d007dc05640000ff0000000084,e803d007dc05640000ff00000000e803d007dc05640000ff00000000e803d007dc05640000ff00000000e803d007dc05640000ff00000000e803d007dc05640000ff00000000e803d007dc05640000ff00000000e803d007dc05640000ff00000000e803d007dc05640000ff00000000e803d007dc05640000ff00000000e803d007dc05640000ff00000000e803d007dc05640000ff00000000e803d007dc05640000ff00000000e803d007dc05640000ff00000000e803d007dc05640000ff00000000e803d007dc05640000ff00000000e803d007dc05640000ff00000000e803d007dc05640000ff00000000e803d007dc05640000ff00000000
2026-10-04T12:10:38.326642+00:00,184130110521833,122,error_or_bad_checksum,9.566,244d21007a7a,
2026-10-04T12:10:38.336763+00:00,184130120248750,151,ok,9.935,244d3e09970001010002020001009f,000101000202000100
2026-10-04T12:10:38.346765+00:00,184130130381625,166,ok,9.830,244d3e15a600000000000066000000000000000f270f270f2700fd,00000000000066000000000000000f270f270f2700
2026-10-04T12:10:39.215006+00:00,184131005591083,1,ok,2.863,244d3e030100020505,000205
2026-10-04T12:10:39.225045+00:00,184131008616375,2,ok,9.876,244d3e0402494e415616,494e4156
2026-10-04T12:10:39.235397+00:00,184131018670166,3,ok,10.172,244d3e030309010008,090100
2026-10-04T12:10:39.245591+00:00,184131029074750,4,ok,9.965,244d3e18044d373241000002010f4d414d4241463732325f323032324136,4d373241000002010f4d414d4241463732325f3230323241
2026-10-04T12:10:39.255321+00:00,184131039233500,101,ok,9.537,244d3e0b65ff033700c1800000004000a4,ff033700c1800000004000
2026-10-04T12:10:39.265353+00:00,184131048896458,106,ok,9.908,244d3e126a000000000000000000000000000000000f2750,000000000000000000000000000000000f27
2026-10-04T12:10:39.275477+00:00,184131058923875,107,ok,10.001,244d3e056b00000000006e,0000000000
2026-10-04T12:10:39.285438+00:00,184131069081166,108,ok,9.804,244d3e066c97ffe2fd050018,97ffe2fd0500
2026-10-04T12:10:39.295383+00:00,184131079060625,109,ok,9.775,244d3e0a6d0000000000000000000067,00000000000000000000
2026-10-04T12:10:39.305536+00:00,184131088962000,110,ok,10.018,244d3e076e0a00000000000063,0a000000000000
2026-10-04T12:10:39.315742+00:00,184131099178125,120,ok,10.015,244d3efc78e803d007dc05640000ff00000000e803d007dc05640000ff00000000e803d007dc05640000ff00000000e803d007dc05640000ff00000000e803d007dc05640000ff00000000e803d007dc05640000ff00000000e803d007dc05640000ff00000000e803d007dc05640000ff00000000e803d007dc05640000ff00000000e803d007dc05640000ff00000000e803d007dc05640000ff00000000e803d007dc05640000ff00000000e803d007dc05640000ff00000000e803d007dc05640000ff00000000e803d007dc05640000ff00000000e803d007dc05640000ff00000000e803d007dc05640000ff00000000e803d007dc05640000ff0000000084,e803d007dc05640000ff00000000e803d007dc05640000ff00000000e803d007dc05640000ff00000000e803d007dc05640000ff00000000e803d007dc05640000ff00000000e803d007dc05640000ff00000000e803d007dc05640000ff00000000e803d007dc05640000ff00000000e803d007dc05640000ff00000000e803d007dc05640000ff00000000e803d007dc05640000ff00000000e803d007dc05640000ff00000000e803d007dc05640000ff00000000e803d007dc05640000ff00000000e803d007dc05640000ff00000000e803d007dc05640000ff00000000e803d007dc05640000ff00000000e803d007dc05640000ff00000000
2026-10-04T12:10:39.325744+00:00,184131109355083,122,error_or_bad_checksum,9.840,244d21007a7a,
2026-10-04T12:10:39.335869+00:00,184131119319875,151,ok,9.995,244d3e09970001010002020001009f,000101000202000100
2026-10-04T12:10:39.346175+00:00,184131129493458,166,ok,10.129,244d3e15a600000000000067000000000000000f270f270f2700fc,00000000000067000000000000000f270f270f2700
2026-10-04T12:10:40.223496+00:00,184132009000541,1,ok,7.948,244d3e030100020505,000205
2026-10-04T12:10:40.233511+00:00,184132017077375,2,ok,9.884,244d3e0402494e415616,494e4156
2026-10-04T12:10:40.243542+00:00,184132027105000,3,ok,9.890,244d3e030309010008,090100
2026-10-04T12:10:40.253598+00:00,184132037112875,4,ok,9.935,244d3e18044d373241000002010f4d414d4241463732325f323032324136,4d373241000002010f4d414d4241463732325f3230323241
2026-10-04T12:10:40.263981+00:00,184132047211208,101,ok,10.216,244d3e0b65f5033700c1800000004000ae,f5033700c1800000004000
2026-10-04T12:10:40.274115+00:00,184132057606875,106,ok,9.953,244d3e126a000000000000000000000000000000000f2750,000000000000000000000000000000000f27
2026-10-04T12:10:40.284085+00:00,184132067794625,107,ok,9.734,244d3e056b00000000006e,0000000000
2026-10-04T12:10:40.294051+00:00,184132077739416,108,ok,9.758,244d3e066c98ffe3fd050016,98ffe3fd0500
2026-10-04T12:10:40.303983+00:00,184132087653458,109,ok,9.782,244d3e0a6d0000000000000000000067,00000000000000000000
2026-10-04T12:10:40.314033+00:00,184132097558958,110,ok,9.922,244d3e076e0a00000000000063,0a000000000000
2026-10-04T12:10:40.324307+00:00,184132107983083,120,ok,9.771,244d3efc78e803d007dc05640000ff00000000e803d007dc05640000ff00000000e803d007dc05640000ff00000000e803d007dc05640000ff00000000e803d007dc05640000ff00000000e803d007dc05640000ff00000000e803d007dc05640000ff00000000e803d007dc05640000ff00000000e803d007dc05640000ff00000000e803d007dc05640000ff00000000e803d007dc05640000ff00000000e803d007dc05640000ff00000000e803d007dc05640000ff00000000e803d007dc05640000ff00000000e803d007dc05640000ff00000000e803d007dc05640000ff00000000e803d007dc05640000ff00000000e803d007dc05640000ff0000000084,e803d007dc05640000ff00000000e803d007dc05640000ff00000000e803d007dc05640000ff00000000e803d007dc05640000ff00000000e803d007dc05640000ff00000000e803d007dc05640000ff00000000e803d007dc05640000ff00000000e803d007dc05640000ff00000000e803d007dc05640000ff00000000e803d007dc05640000ff00000000e803d007dc05640000ff00000000e803d007dc05640000ff00000000e803d007dc05640000ff00000000e803d007dc05640000ff00000000e803d007dc05640000ff00000000e803d007dc05640000ff00000000e803d007dc05640000ff00000000e803d007dc05640000ff00000000
2026-10-04T12:10:40.334432+00:00,184132117974708,122,error_or_bad_checksum,9.902,244d21007a7a,
2026-10-04T12:10:40.344465+00:00,184132128066041,151,ok,9.842,244d3e09970001010002020001009f,000101000202000100
2026-10-04T12:10:40.354595+00:00,184132138115500,166,ok,9.925,244d3e15a600000000000067000000000000000f270f270f2700fc,00000000000067000000000000000f270f270f2700
2026-10-04T12:10:41.221956+00:00,184133014075916,1,ok,1.330,244d3e030100020505,000205
2026-10-04T12:10:41.232124+00:00,184133015529208,2,ok,10.042,244d3e0402494e415616,494e4156
2026-10-04T12:10:41.242140+00:00,184133025724875,3,ok,9.864,244d3e030309010008,090100
2026-10-04T12:10:41.252206+00:00,184133035747208,4,ok,9.906,244d3e18044d373241000002010f4d414d4241463732325f323032324136,4d373241000002010f4d414d4241463732325f3230323241
2026-10-04T12:10:41.262237+00:00,184133045834083,101,ok,9.851,244d3e0b65fe033700c1800000004000a5,fe033700c1800000004000
2026-10-04T12:10:41.272199+00:00,184133055886875,106,ok,9.760,244d3e126a000000000000000000000000000000000f2750,000000000000000000000000000000000f27
2026-10-04T12:10:41.282497+00:00,184133065813291,107,ok,10.133,244d3e056b00000000006e,0000000000
2026-10-04T12:10:41.292250+00:00,184133076118083,108,ok,9.581,244d3e066c98ffe3fd060015,98ffe3fd0600
2026-10-04T12:10:41.302228+00:00,184133085886583,109,ok,9.794,244d3e0a6d0000000000000000000067,00000000000000000000
2026-10-04T12:10:41.312450+00:00,184133095827166,110,ok,10.070,244d3e076e0a00000000000063,0a000000000000
2026-10-04T12:10:41.322507+00:00,184133106120541,120,ok,9.833,244d3efc78e803d007dc05640000ff00000000e803d007dc05640000ff00000000e803d007dc05640000ff00000000e803d007dc05640000ff00000000e803d007dc05640000ff00000000e803d007dc05640000ff00000000e803d007dc05640000ff00000000e803d007dc05640000ff00000000e803d007dc05640000ff00000000e803d007dc05640000ff00000000e803d007dc05640000ff00000000e803d007dc05640000ff00000000e803d007dc05640000ff00000000e803d007dc05640000ff00000000e803d007dc05640000ff00000000e803d007dc05640000ff00000000e803d007dc05640000ff00000000e803d007dc05640000ff0000000084,e803d007dc05640000ff00000000e803d007dc05640000ff00000000e803d007dc05640000ff00000000e803d007dc05640000ff00000000e803d007dc05640000ff00000000e803d007dc05640000ff00000000e803d007dc05640000ff00000000e803d007dc05640000ff00000000e803d007dc05640000ff00000000e803d007dc05640000ff00000000e803d007dc05640000ff00000000e803d007dc05640000ff00000000e803d007dc05640000ff00000000e803d007dc05640000ff00000000e803d007dc05640000ff00000000e803d007dc05640000ff00000000e803d007dc05640000ff00000000e803d007dc05640000ff00000000
2026-10-04T12:10:41.332330+00:00,184133116253750,122,error_or_bad_checksum,9.523,244d21007a7a,
2026-10-04T12:10:41.342996+00:00,184133125947083,151,ok,10.498,244d3e09970001010002020001009f,000101000202000100
2026-10-04T12:10:41.352670+00:00,184133136698500,166,ok,9.422,244d3e15a600000000000068000000000000000f270f270f2700f3,00000000000068000000000000000f270f270f2700
2026-10-04T12:10:42.231598+00:00,184134015529500,1,ok,9.519,244d3e030100020505,000205
2026-10-04T12:10:42.241581+00:00,184134025274666,2,ok,9.757,244d3e0402494e415616,494e4156
2026-10-04T12:10:42.251617+00:00,184134035247000,3,ok,9.820,244d3e030309010008,090100
2026-10-04T12:10:42.261643+00:00,184134045215791,4,ok,9.881,244d3e18044d373241000002010f4d414d4241463732325f323032324136,4d373241000002010f4d414d4241463732325f3230323241
2026-10-04T12:10:42.271713+00:00,184134055231875,101,ok,9.930,244d3e0b65fb033700c1800000004000a0,fb033700c1800000004000
2026-10-04T12:10:42.281993+00:00,184134065334000,106,ok,10.108,244d3e126a000000000000000000000000000000000f2750,000000000000000000000000000000000f27
2026-10-04T12:10:42.291676+00:00,184134075628583,107,ok,9.500,244d3e056b00000000006e,0000000000
2026-10-04T12:10:42.301844+00:00,184134085260250,108,ok,10.034,244d3e066c97ffe3fd06001a,97ffe3fd0600
2026-10-04T12:10:42.311743+00:00,184134095453250,109,ok,9.738,244d3e0a6d0000000000000000000067,00000000000000000000
2026-10-04T12:10:42.321794+00:00,184134105360875,110,ok,9.883,244d3e076e0a00000000000063,0a000000000000
2026-10-04T12:10:42.332076+00:00,184134115422291,120,ok,10.102,244d3efc78e803d007dc05640000ff00000000e803d007dc05640000ff00000000e803d007dc05640000ff00000000e803d007dc05640000ff00000000e803d007dc05640000ff00000000e803d007dc05640000ff00000000e803d007dc05640000ff00000000e803d007dc05640000ff00000000e803d007dc05640000ff00000000e803d007dc05640000ff00000000e803d007dc05640000ff00000000e803d007dc05640000ff00000000e803d007dc05640000ff00000000e803d007dc05640000ff00000000e803d007dc05640000ff00000000e803d007dc05640000ff00000000e803d007dc05640000ff00000000e803d007dc05640000ff0000000084,e803d007dc05640000ff00000000e803d007dc05640000ff00000000e803d007dc05640000ff00000000e803d007dc05640000ff00000000e803d007dc05640000ff00000000e803d007dc05640000ff00000000e803d007dc05640000ff00000000e803d007dc05640000ff00000000e803d007dc05640000ff00000000e803d007dc05640000ff00000000e803d007dc05640000ff00000000e803d007dc05640000ff00000000e803d007dc05640000ff00000000e803d007dc05640000ff00000000e803d007dc05640000ff00000000e803d007dc05640000ff00000000e803d007dc05640000ff00000000e803d007dc05640000ff00000000
2026-10-04T12:10:42.341855+00:00,184134125732583,122,error_or_bad_checksum,9.571,244d21007a7a,
2026-10-04T12:10:42.351842+00:00,184134135498625,151,ok,9.792,244d3e09970001010002020001009f,000101000202000100
2026-10-04T12:10:42.362160+00:00,184134145464333,166,ok,10.147,244d3e15a600000000000068000000000000000f270f270f2700f3,00000000000068000000000000000f270f270f2700
