utc,monotonic_ns_start,command_id,state,latency_ms,response_hex,payload_hex
2026-10-04T12:57:21.340283+00:00,186933134678791,1,ok,3.885,244d3e030100020505,000205
2026-10-04T12:57:21.350329+00:00,186933138720750,2,ok,9.889,244d3e0402494e415616,494e4156
2026-10-04T12:57:21.360336+00:00,186933148637500,3,ok,9.980,244d3e030309010008,090100
2026-10-04T12:57:21.370388+00:00,186933158634333,4,ok,10.034,244d3e18044d373241000002010f4d414d4241463732325f323032324136,4d373241000002010f4d414d4241463732325f3230323241
2026-10-04T12:57:21.380359+00:00,186933168703625,101,ok,9.938,244d3e0b6507043200cb00000000800014,07043200cb000000008000
2026-10-04T12:57:21.390456+00:00,186933178655041,106,ok,10.082,244d3e126a00000000000000000000efff000000000f2740,00000000000000000000efff000000000f27
2026-10-04T12:57:21.400483+00:00,186933188772541,107,ok,9.982,244d3e056b00000000016f,0000000001
2026-10-04T12:57:21.410463+00:00,186933198810166,108,ok,9.933,244d3e066c7700d8ff00003a,7700d8ff0000
2026-10-04T12:57:21.420487+00:00,186933208774166,109,ok,9.994,244d3e0a6d0000000000000100000066,00000000000001000000
2026-10-04T12:57:21.430545+00:00,186933218798458,110,ok,10.025,244d3e076e97000000000000fe,97000000000000
2026-10-04T12:57:21.440657+00:00,186933228858250,118,ok,10.078,244d3e15760004000000000000000000000000000000000000a5c2,0004000000000000000000000000000000000000a5
2026-10-04T12:57:21.450809+00:00,186933238981125,120,ok,10.111,244d3efc78e803d007dc05640000ff00000000e803d007dc05640000ff00000000e803d007dc05640000ff00000000e803d007dc05640000ff00000000e803d007dc05640000ff00000000e803d007dc05640000ff00000000e803d007dc05640000ff00000000e803d007dc05640000ff00000000e803d007dc05640000ff00000000e803d007dc05640000ff00000000e803d007dc05640000ff00000000e803d007dc05640000ff00000000e803d007dc05640000ff00000000e803d007dc05640000ff00000000e803d007dc05640000ff00000000e803d007dc05640000ff00000000e803d007dc05640000ff00000000e803d007dc05640000ff0000000084,e803d007dc05640000ff00000000e803d007dc05640000ff00000000e803d007dc05640000ff00000000e803d007dc05640000ff00000000e803d007dc05640000ff00000000e803d007dc05640000ff00000000e803d007dc05640000ff00000000e803d007dc05640000ff00000000e803d007dc05640000ff00000000e803d007dc05640000ff00000000e803d007dc05640000ff00000000e803d007dc05640000ff00000000e803d007dc05640000ff00000000e803d007dc05640000ff00000000e803d007dc05640000ff00000000e803d007dc05640000ff00000000e803d007dc05640000ff00000000e803d007dc05640000ff00000000
2026-10-04T12:57:21.460627+00:00,186933249133791,151,ok,9.774,244d3e09970101010001010001009e,010101000101000100
2026-10-04T12:57:21.470636+00:00,186933258930833,166,ok,9.985,244d3e15a678000100000000000000b50000000f270f270f274a1d,78000100000000000000b50000000f270f270f274a
2026-10-04T12:57:22.343092+00:00,186934139788583,1,ok,1.575,244d3e030100020505,000205
2026-10-04T12:57:22.353161+00:00,186934141444916,2,ok,9.992,244d3e0402494e415616,494e4156
2026-10-04T12:57:22.375409+00:00,186934151531875,3,ok,22.155,244d3e030309010008,090100
2026-10-04T12:57:22.383222+00:00,186934173762083,4,ok,7.738,244d3e18044d373241000002010f4d414d4241463732325f323032324136,4d373241000002010f4d414d4241463732325f3230323241
2026-10-04T12:57:22.393264+00:00,186934181554125,101,ok,9.988,244d3e0b65f0033200cb000000008000e4,f0033200cb000000008000
2026-10-04T12:57:22.403247+00:00,186934191598916,106,ok,9.927,244d3e126a00000000000000000000efff000000000f2740,00000000000000000000efff000000000f27
2026-10-04T12:57:22.413259+00:00,186934201582708,107,ok,9.955,244d3e056b00000000016f,0000000001
2026-10-04T12:57:22.423331+00:00,186934211583083,108,ok,10.027,244d3e066c7700d9ff00003b,7700d9ff0000
2026-10-04T12:57:22.433316+00:00,186934221753125,109,ok,9.842,244d3e0a6d0000000000000a0000006d,0000000000000a000000
2026-10-04T12:57:22.443335+00:00,186934231645166,110,ok,9.971,244d3e076e97000000000000fe,97000000000000
2026-10-04T12:57:22.453663+00:00,186934241653500,118,ok,10.287,244d3e15760004000000000000000000000000000000000000a5c2,0004000000000000000000000000000000000000a5
2026-10-04T12:57:22.463861+00:00,186934252026708,120,ok,10.115,244d3efc78e803d007dc05640000ff00000000e803d007dc05640000ff00000000e803d007dc05640000ff00000000e803d007dc05640000ff00000000e803d007dc05640000ff00000000e803d007dc05640000ff00000000e803d007dc05640000ff00000000e803d007dc05640000ff00000000e803d007dc05640000ff00000000e803d007dc05640000ff00000000e803d007dc05640000ff00000000e803d007dc05640000ff00000000e803d007dc05640000ff00000000e803d007dc05640000ff00000000e803d007dc05640000ff00000000e803d007dc05640000ff00000000e803d007dc05640000ff00000000e803d007dc05640000ff0000000084,e803d007dc05640000ff00000000e803d007dc05640000ff00000000e803d007dc05640000ff00000000e803d007dc05640000ff00000000e803d007dc05640000ff00000000e803d007dc05640000ff00000000e803d007dc05640000ff00000000e803d007dc05640000ff00000000e803d007dc05640000ff00000000e803d007dc05640000ff00000000e803d007dc05640000ff00000000e803d007dc05640000ff00000000e803d007dc05640000ff00000000e803d007dc05640000ff00000000e803d007dc05640000ff00000000e803d007dc05640000ff00000000e803d007dc05640000ff00000000e803d007dc05640000ff00000000
2026-10-04T12:57:22.473720+00:00,186934262197791,151,ok,9.800,244d3e09970101010001010001009e,010101000101000100
2026-10-04T12:57:22.483703+00:00,186934272063541,166,ok,9.922,244d3e15a679000100000000000000c60000000f270f270f274a6f,79000100000000000000c60000000f270f270f274a
2026-10-04T12:57:23.346697+00:00,186935140313458,1,ok,4.651,244d3e030100020505,000205
2026-10-04T12:57:23.356686+00:00,186935145102875,2,ok,9.852,244d3e0402494e415616,494e4156
2026-10-04T12:57:23.366693+00:00,186935155072875,3,ok,9.889,244d3e030309010008,090100
2026-10-04T12:57:23.376764+00:00,186935165092291,4,ok,9.939,244d3e18044d373241000002010f4d414d4241463732325f323032324136,4d373241000002010f4d414d4241463732325f3230323241
2026-10-04T12:57:23.386748+00:00,186935175164041,101,ok,9.851,244d3e0b65f5033200cb000000008000e1,f5033200cb000000008000
2026-10-04T12:57:23.396848+00:00,186935185178500,106,ok,9.934,244d3e126a00000000000000000000efff000000000f2740,00000000000000000000efff000000000f27
2026-10-04T12:57:23.406792+00:00,186935195256416,107,ok,9.805,244d3e056b00000000016f,0000000001
2026-10-04T12:57:23.416822+00:00,186935205189458,108,ok,9.900,244d3e066c7700d8ff00003a,7700d8ff0000
2026-10-04T12:57:23.426909+00:00,186935215227708,109,ok,9.950,244d3e0a6d0000000000000100000066,00000000000001000000
2026-10-04T12:57:23.437150+00:00,186935225417833,110,ok,10.002,244d3e076e97000000000000fe,97000000000000
2026-10-04T12:57:23.447206+00:00,186935235541500,118,ok,9.933,244d3e15760004000000000000000000000000000000000000a5c2,0004000000000000000000000000000000000000a5
2026-10-04T12:57:23.457317+00:00,186935245620833,120,ok,9.972,244d3efc78e803d007dc05640000ff00000000e803d007dc05640000ff00000000e803d007dc05640000ff00000000e803d007dc05640000ff00000000e803d007dc05640000ff00000000e803d007dc05640000ff00000000e803d007dc05640000ff00000000e803d007dc05640000ff00000000e803d007dc05640000ff00000000e803d007dc05640000ff00000000e803d007dc05640000ff00000000e803d007dc05640000ff00000000e803d007dc05640000ff00000000e803d007dc05640000ff00000000e803d007dc05640000ff00000000e803d007dc05640000ff00000000e803d007dc05640000ff00000000e803d007dc05640000ff0000000084,e803d007dc05640000ff00000000e803d007dc05640000ff00000000e803d007dc05640000ff00000000e803d007dc05640000ff00000000e803d007dc05640000ff00000000e803d007dc05640000ff00000000e803d007dc05640000ff00000000e803d007dc05640000ff00000000e803d007dc05640000ff00000000e803d007dc05640000ff00000000e803d007dc05640000ff00000000e803d007dc05640000ff00000000e803d007dc05640000ff00000000e803d007dc05640000ff00000000e803d007dc05640000ff00000000e803d007dc05640000ff00000000e803d007dc05640000ff00000000e803d007dc05640000ff00000000
2026-10-04T12:57:23.467309+00:00,186935255699500,151,ok,9.878,244d3e09970101010001010001009e,010101000101000100
2026-10-04T12:57:23.477183+00:00,186935265757833,166,ok,9.700,244d3e15a679000100000000000000d60000000f270f270f274a7f,79000100000000000000d60000000f270f270f274a
2026-10-04T12:57:24.349779+00:00,186936141860208,1,ok,6.189,244d3e030100020505,000205
2026-10-04T12:57:24.359783+00:00,186936148190250,2,ok,9.867,244d3e0402494e415616,494e4156
2026-10-04T12:57:24.369839+00:00,186936158752791,3,ok,9.355,244d3e030309010008,090100
2026-10-04T12:57:24.379864+00:00,186936168266166,4,ok,9.857,244d3e18044d373241000002010f4d414d4241463732325f323032324136,4d373241000002010f4d414d4241463732325f3230323241
2026-10-04T12:57:24.389872+00:00,186936178281458,101,ok,9.861,244d3e0b65ef033200cb000000008000fb,ef033200cb000000008000
2026-10-04T12:57:24.399923+00:00,186936188297500,106,ok,9.901,244d3e126a00000000000000000000efff000000000f2740,00000000000000000000efff000000000f27
2026-10-04T12:57:24.409923+00:00,186936198372791,107,ok,9.819,244d3e056b00000000016f,0000000001
2026-10-04T12:57:24.419906+00:00,186936208355833,108,ok,9.824,244d3e066c7700d8ff00003a,7700d8ff0000
2026-10-04T12:57:24.429877+00:00,186936218318708,109,ok,9.833,244d3e0a6d0000000000000100000066,00000000000001000000
2026-10-04T12:57:24.439931+00:00,186936228276083,110,ok,9.930,244d3e076e97000000000000fe,97000000000000
2026-10-04T12:57:24.450068+00:00,186936238309333,118,ok,10.026,244d3e15760004000000000000000000000000000000000000a5c2,0004000000000000000000000000000000000000a5
2026-10-04T12:57:24.460177+00:00,186936248505916,120,ok,9.946,244d3efc78e803d007dc05640000ff00000000e803d007dc05640000ff00000000e803d007dc05640000ff00000000e803d007dc05640000ff00000000e803d007dc05640000ff00000000e803d007dc05640000ff00000000e803d007dc05640000ff00000000e803d007dc05640000ff00000000e803d007dc05640000ff00000000e803d007dc05640000ff00000000e803d007dc05640000ff00000000e803d007dc05640000ff00000000e803d007dc05640000ff00000000e803d007dc05640000ff00000000e803d007dc05640000ff00000000e803d007dc05640000ff00000000e803d007dc05640000ff00000000e803d007dc05640000ff0000000084,e803d007dc05640000ff00000000e803d007dc05640000ff00000000e803d007dc05640000ff00000000e803d007dc05640000ff00000000e803d007dc05640000ff00000000e803d007dc05640000ff00000000e803d007dc05640000ff00000000e803d007dc05640000ff00000000e803d007dc05640000ff00000000e803d007dc05640000ff00000000e803d007dc05640000ff00000000e803d007dc05640000ff00000000e803d007dc05640000ff00000000e803d007dc05640000ff00000000e803d007dc05640000ff00000000e803d007dc05640000ff00000000e803d007dc05640000ff00000000e803d007dc05640000ff00000000
2026-10-04T12:57:24.470079+00:00,186936258595750,151,ok,9.750,244d3e09970101010001010001009e,010101000101000100
2026-10-04T12:57:24.480037+00:00,186936268536166,166,ok,9.775,244d3e15a678000100000000000000e60000000f270f270f274a4e,78000100000000000000e60000000f270f270f274a
2026-10-04T12:57:25.353804+00:00,186937145815958,1,ok,6.259,244d3e030100020505,000205
2026-10-04T12:57:25.363796+00:00,186937152240083,2,ok,9.829,244d3e0402494e415616,494e4156
2026-10-04T12:57:25.373738+00:00,186937162210250,3,ok,9.806,244d3e030309010008,090100
2026-10-04T12:57:25.383716+00:00,186937172139416,4,ok,9.858,244d3e18044d373241000002010f4d414d4241463732325f323032324136,4d373241000002010f4d414d4241463732325f3230323241
2026-10-04T12:57:25.393855+00:00,186937182079916,101,ok,10.047,244d3e0b65fe033200cb000000008000ea,fe033200cb000000008000
2026-10-04T12:57:25.403887+00:00,186937192291125,106,ok,9.870,244d3e126a00000000000000000000efff000000000f2740,00000000000000000000efff000000000f27
2026-10-04T12:57:25.413819+00:00,186937202305666,107,ok,9.792,244d3e056b00000000016f,0000000001
2026-10-04T12:57:25.423845+00:00,186937212209875,108,ok,9.913,244d3e066c7700d9ff00003b,7700d9ff0000
2026-10-04T12:57:25.433932+00:00,186937222230291,109,ok,9.978,244d3e0a6d0000000000000100000066,00000000000001000000
2026-10-04T12:57:25.444024+00:00,186937232318958,110,ok,9.979,244d3e076e97000000000000fe,97000000000000
2026-10-04T12:57:25.454085+00:00,186937242426208,118,ok,9.926,244d3e15760004000000000000000000000000000000000000a5c2,0004000000000000000000000000000000000000a5
2026-10-04T12:57:25.464357+00:00,186937252578666,120,ok,10.046,244d3efc78e803d007dc05640000ff00000000e803d007dc05640000ff00000000e803d007dc05640000ff00000000e803d007dc05640000ff00000000e803d007dc05640000ff00000000e803d007dc05640000ff00000000e803d007dc05640000ff00000000e803d007dc05640000ff00000000e803d007dc05640000ff00000000e803d007dc05640000ff00000000e803d007dc05640000ff00000000e803d007dc05640000ff00000000e803d007dc05640000ff00000000e803d007dc05640000ff00000000e803d007dc05640000ff00000000e803d007dc05640000ff00000000e803d007dc05640000ff00000000e803d007dc05640000ff0000000084,e803d007dc05640000ff00000000e803d007dc05640000ff00000000e803d007dc05640000ff00000000e803d007dc05640000ff00000000e803d007dc05640000ff00000000e803d007dc05640000ff00000000e803d007dc05640000ff00000000e803d007dc05640000ff00000000e803d007dc05640000ff00000000e803d007dc05640000ff00000000e803d007dc05640000ff00000000e803d007dc05640000ff00000000e803d007dc05640000ff00000000e803d007dc05640000ff00000000e803d007dc05640000ff00000000e803d007dc05640000ff00000000e803d007dc05640000ff00000000e803d007dc05640000ff00000000
2026-10-04T12:57:25.474001+00:00,186937262844000,151,ok,9.435,244d3e09970101010001010001009e,010101000101000100
2026-10-04T12:57:25.484150+00:00,186937272403666,166,ok,10.025,244d3e15a678000100000000000000f60000000f270f270f274a5e,78000100000000000000f60000000f270f270f274a
2026-10-04T12:57:26.358385+00:00,186938147138666,1,ok,9.504,244d3e030100020505,000205
2026-10-04T12:57:26.368322+00:00,186938156816791,2,ok,9.786,244d3e0402494e415616,494e4156
2026-10-04T12:57:26.378358+00:00,186938166733291,3,ok,9.907,244d3e030309010008,090100
2026-10-04T12:57:26.388368+00:00,186938176757541,4,ok,9.891,244d3e18044d373241000002010f4d414d4241463732325f323032324136,4d373241000002010f4d414d4241463732325f3230323241
2026-10-04T12:57:26.398363+00:00,186938186745500,101,ok,9.900,244d3e0b65f7033200cb000000008000e3,f7033200cb000000008000
2026-10-04T12:57:26.408412+00:00,186938196742916,106,ok,9.950,244d3e126a00000000000000000000efff000000000f2740,00000000000000000000efff000000000f27
2026-10-04T12:57:26.418532+00:00,186938206783166,107,ok,10.027,244d3e056b00000000016f,0000000001
2026-10-04T12:57:26.428622+00:00,186938216977666,108,ok,9.916,244d3e066c7700d8ff00003a,7700d8ff0000
2026-10-04T12:57:26.438566+00:00,186938227071958,109,ok,9.768,244d3e0a6d0000000000000100000066,00000000000001000000
2026-10-04T12:57:26.448595+00:00,186938237020791,110,ok,9.851,244d3e076e97000000000000fe,97000000000000
2026-10-04T12:57:26.463326+00:00,186938246996583,118,ok,14.612,244d3e15760004000000000000000000000000000000000000a5c2,0004000000000000000000000000000000000000a5
2026-10-04T12:57:26.480085+00:00,186938261771166,120,ok,16.598,244d3efc78e803d007dc05640000ff00000000e803d007dc05640000ff00000000e803d007dc05640000ff00000000e803d007dc05640000ff00000000e803d007dc05640000ff00000000e803d007dc05640000ff00000000e803d007dc05640000ff00000000e803d007dc05640000ff00000000e803d007dc05640000ff00000000e803d007dc05640000ff00000000e803d007dc05640000ff00000000e803d007dc05640000ff00000000e803d007dc05640000ff00000000e803d007dc05640000ff00000000e803d007dc05640000ff00000000e803d007dc05640000ff00000000e803d007dc05640000ff00000000e803d007dc05640000ff0000000084,e803d007dc05640000ff00000000e803d007dc05640000ff00000000e803d007dc05640000ff00000000e803d007dc05640000ff00000000e803d007dc05640000ff00000000e803d007dc05640000ff00000000e803d007dc05640000ff00000000e803d007dc05640000ff00000000e803d007dc05640000ff00000000e803d007dc05640000ff00000000e803d007dc05640000ff00000000e803d007dc05640000ff00000000e803d007dc05640000ff00000000e803d007dc05640000ff00000000e803d007dc05640000ff00000000e803d007dc05640000ff00000000e803d007dc05640000ff00000000e803d007dc05640000ff00000000
2026-10-04T12:57:26.489203+00:00,186938278434083,151,ok,9.048,244d3e09970101010001010001009e,010101000101000100
2026-10-04T12:57:26.498884+00:00,186938287600791,166,ok,9.568,244d3e15a678000100000000000000060100000f270f270f274aaf,78000100000000000000060100000f270f270f274a
2026-10-04T12:57:27.363263+00:00,186939152195291,1,ok,9.339,244d3e030100020505,000205
2026-10-04T12:57:27.373310+00:00,186939161672708,2,ok,9.913,244d3e0402494e415616,494e4156
2026-10-04T12:57:27.383264+00:00,186939171740208,3,ok,9.804,244d3e030309010008,090100
2026-10-04T12:57:27.393587+00:00,186939181661875,4,ok,10.207,244d3e18044d373241000002010f4d414d4241463732325f323032324136,4d373241000002010f4d414d4241463732325f3230323241
2026-10-04T12:57:27.403691+00:00,186939191992666,101,ok,9.973,244d3e0b65f8033200cb000000008000ec,f8033200cb000000008000
2026-10-04T12:57:27.413624+00:00,186939202159750,106,ok,9.748,244d3e126a00000000000000000000efff000000000f2740,00000000000000000000efff000000000f27
2026-10-04T12:57:27.423838+00:00,186939212009125,107,ok,10.110,244d3e056b00000000016f,0000000001
2026-10-04T12:57:27.433665+00:00,186939222224041,108,ok,9.723,244d3e066c7800d8ff000035,7800d8ff0000
2026-10-04T12:57:27.443667+00:00,186939232046875,109,ok,9.903,244d3e0a6d0000000000000100000066,00000000000001000000
2026-10-04T12:57:27.453771+00:00,186939242044541,110,ok,10.004,244d3e076e97000000000000fe,97000000000000
2026-10-04T12:57:27.463748+00:00,186939252202833,118,ok,9.828,244d3e15760004000000000000000000000000000000000000a5c2,0004000000000000000000000000000000000000a5
2026-10-04T12:57:27.474390+00:00,186939262130125,120,ok,10.535,244d3efc78e803d007dc05640000ff00000000e803d007dc05640000ff00000000e803d007dc05640000ff00000000e803d007dc05640000ff00000000e803d007dc05640000ff00000000e803d007dc05640000ff00000000e803d007dc05640000ff00000000e803d007dc05640000ff00000000e803d007dc05640000ff00000000e803d007dc05640000ff00000000e803d007dc05640000ff00000000e803d007dc05640000ff00000000e803d007dc05640000ff00000000e803d007dc05640000ff00000000e803d007dc05640000ff00000000e803d007dc05640000ff00000000e803d007dc05640000ff00000000e803d007dc05640000ff0000000084,e803d007dc05640000ff00000000e803d007dc05640000ff00000000e803d007dc05640000ff00000000e803d007dc05640000ff00000000e803d007dc05640000ff00000000e803d007dc05640000ff00000000e803d007dc05640000ff00000000e803d007dc05640000ff00000000e803d007dc05640000ff00000000e803d007dc05640000ff00000000e803d007dc05640000ff00000000e803d007dc05640000ff00000000e803d007dc05640000ff00000000e803d007dc05640000ff00000000e803d007dc05640000ff00000000e803d007dc05640000ff00000000e803d007dc05640000ff00000000e803d007dc05640000ff00000000
2026-10-04T12:57:27.484188+00:00,186939272822375,151,ok,9.643,244d3e09970101010001010001009e,010101000101000100
2026-10-04T12:57:27.494196+00:00,186939282619208,166,ok,9.854,244d3e15a678000100000000000000170100000f270f270f274abe,78000100000000000000170100000f270f270f274a
2026-10-04T12:57:28.357783+00:00,186940154199833,1,ok,1.866,244d3e030100020505,000205
2026-10-04T12:57:28.368179+00:00,186940156170416,2,ok,10.291,244d3e0402494e415616,494e4156
2026-10-04T12:57:28.378215+00:00,186940166579458,3,ok,9.917,244d3e030309010008,090100
2026-10-04T12:57:28.388151+00:00,186940176631833,4,ok,9.778,244d3e18044d373241000002010f4d414d4241463732325f323032324136,4d373241000002010f4d414d4241463732325f3230323241
2026-10-04T12:57:28.398191+00:00,186940186563583,101,ok,9.911,244d3e0b65f6033200cb000000008000e2,f6033200cb000000008000
2026-10-04T12:57:28.407895+00:00,186940196673041,106,ok,9.508,244d3e126a00000000000000000000efff000000000f2740,00000000000000000000efff000000000f27
2026-10-04T12:57:28.418231+00:00,186940206270583,107,ok,10.245,244d3e056b00000000016f,0000000001
2026-10-04T12:57:28.428345+00:00,186940216616208,108,ok,10.008,244d3e066c7900d8ff000034,7900d8ff0000
2026-10-04T12:57:28.438341+00:00,186940226772666,109,ok,9.852,244d3e0a6d0000000000000a0000006d,0000000000000a000000
2026-10-04T12:57:28.448371+00:00,186940236736500,110,ok,9.913,244d3e076e97000000000000fe,97000000000000
2026-10-04T12:57:28.458445+00:00,186940246796250,118,ok,9.933,244d3e15760004000000000000000000000000000000000000a5c2,0004000000000000000000000000000000000000a5
2026-10-04T12:57:28.468707+00:00,186940256855583,120,ok,10.127,244d3efc78e803d007dc05640000ff00000000e803d007dc05640000ff00000000e803d007dc05640000ff00000000e803d007dc05640000ff00000000e803d007dc05640000ff00000000e803d007dc05640000ff00000000e803d007dc05640000ff00000000e803d007dc05640000ff00000000e803d007dc05640000ff00000000e803d007dc05640000ff00000000e803d007dc05640000ff00000000e803d007dc05640000ff00000000e803d007dc05640000ff00000000e803d007dc05640000ff00000000e803d007dc05640000ff00000000e803d007dc05640000ff00000000e803d007dc05640000ff00000000e803d007dc05640000ff0000000084,e803d007dc05640000ff00000000e803d007dc05640000ff00000000e803d007dc05640000ff00000000e803d007dc05640000ff00000000e803d007dc05640000ff00000000e803d007dc05640000ff00000000e803d007dc05640000ff00000000e803d007dc05640000ff00000000e803d007dc05640000ff00000000e803d007dc05640000ff00000000e803d007dc05640000ff00000000e803d007dc05640000ff00000000e803d007dc05640000ff00000000e803d007dc05640000ff00000000e803d007dc05640000ff00000000e803d007dc05640000ff00000000e803d007dc05640000ff00000000e803d007dc05640000ff00000000
2026-10-04T12:57:28.478383+00:00,186940267170916,151,ok,9.495,244d3e09970101010001010001009e,010101000101000100
2026-10-04T12:57:28.488486+00:00,186940276769666,166,ok,9.993,244d3e15a679000100000000000000270100000f270f270f274a8f,79000100000000000000270100000f270f270f274a
2026-10-04T12:57:29.361820+00:00,186941157002875,1,ok,3.102,244d3e030100020505,000205
2026-10-04T12:57:29.371990+00:00,186941160203750,2,ok,10.063,244d3e0402494e415616,494e4156
2026-10-04T12:57:29.381930+00:00,186941170471625,3,ok,9.739,244d3e030309010008,090100
2026-10-04T12:57:29.391915+00:00,186941180430125,4,ok,9.769,244d3e18044d373241000002010f4d414d4241463732325f323032324136,4d373241000002010f4d414d4241463732325f3230323241
2026-10-04T12:57:29.401901+00:00,186941190330166,101,ok,9.856,244d3e0b65fe033200cb000000008000ea,fe033200cb000000008000
2026-10-04T12:57:29.412078+00:00,186941200297333,106,ok,10.063,244d3e126a00000000000000000000efff000000000f2740,00000000000000000000efff000000000f27
2026-10-04T12:57:29.421977+00:00,186941210505041,107,ok,9.756,244d3e056b00000000016f,0000000001
2026-10-04T12:57:29.431968+00:00,186941220373041,108,ok,9.880,244d3e066c7a00d7ff000038,7a00d7ff0000
2026-10-04T12:57:29.442003+00:00,186941230370833,109,ok,9.917,244d3e0a6d0000000000000100000066,00000000000001000000
2026-10-04T12:57:29.452015+00:00,186941240404875,110,ok,9.894,244d3e076e97000000000000fe,97000000000000
2026-10-04T12:57:29.462056+00:00,186941250416500,118,ok,9.925,244d3e15760004000000000000000000000000000000000000a5c2,0004000000000000000000000000000000000000a5
2026-10-04T12:57:29.472455+00:00,186941260448041,120,ok,10.290,244d3efc78e803d007dc05640000ff00000000e803d007dc05640000ff00000000e803d007dc05640000ff00000000e803d007dc05640000ff00000000e803d007dc05640000ff00000000e803d007dc05640000ff00000000e803d007dc05640000ff00000000e803d007dc05640000ff00000000e803d007dc05640000ff00000000e803d007dc05640000ff00000000e803d007dc05640000ff00000000e803d007dc05640000ff00000000e803d007dc05640000ff00000000e803d007dc05640000ff00000000e803d007dc05640000ff00000000e803d007dc05640000ff00000000e803d007dc05640000ff00000000e803d007dc05640000ff0000000084,e803d007dc05640000ff00000000e803d007dc05640000ff00000000e803d007dc05640000ff00000000e803d007dc05640000ff00000000e803d007dc05640000ff00000000e803d007dc05640000ff00000000e803d007dc05640000ff00000000e803d007dc05640000ff00000000e803d007dc05640000ff00000000e803d007dc05640000ff00000000e803d007dc05640000ff00000000e803d007dc05640000ff00000000e803d007dc05640000ff00000000e803d007dc05640000ff00000000e803d007dc05640000ff00000000e803d007dc05640000ff00000000e803d007dc05640000ff00000000e803d007dc05640000ff00000000
2026-10-04T12:57:29.482099+00:00,186941271021250,151,ok,9.361,244d3e09970101010001010001009e,010101000101000100
2026-10-04T12:57:29.492128+00:00,186941280499083,166,ok,9.915,244d3e15a678000100000000000000370100000f270f270f274a9e,78000100000000000000370100000f270f270f274a
2026-10-04T12:57:30.367432+00:00,186942162122541,1,ok,3.592,244d3e030100020505,000205
2026-10-04T12:57:30.377507+00:00,186942165861125,2,ok,9.922,244d3e0402494e415616,494e4156
2026-10-04T12:57:30.387451+00:00,186942175968750,3,ok,9.765,244d3e030309010008,090100
2026-10-04T12:57:30.397514+00:00,186942185889750,4,ok,9.896,244d3e18044d373241000002010f4d414d4241463732325f323032324136,4d373241000002010f4d414d4241463732325f3230323241
2026-10-04T12:57:30.407761+00:00,186942196007291,101,ok,10.033,244d3e0b65fb033200cb000000008000ef,fb033200cb000000008000
2026-10-04T12:57:30.417406+00:00,186942206204791,106,ok,9.484,244d3e126a00000000000000000000efff000000000f2740,00000000000000000000efff000000000f27
2026-10-04T12:57:30.427597+00:00,186942215801291,107,ok,10.072,244d3e056b00000000016f,0000000001
2026-10-04T12:57:30.437594+00:00,186942226040083,108,ok,9.835,244d3e066c7b00d7ff000039,7b00d7ff0000
2026-10-04T12:57:30.447785+00:00,186942236029750,109,ok,10.032,244d3e0a6d0000000000000100000066,00000000000001000000
2026-10-04T12:57:30.457567+00:00,186942246283333,110,ok,9.565,244d3e076e97000000000000fe,97000000000000
2026-10-04T12:57:30.467591+00:00,186942256008291,118,ok,9.869,244d3e15760004000000000000000000000000000000000000a5c2,0004000000000000000000000000000000000000a5
2026-10-04T12:57:30.477906+00:00,186942266045291,120,ok,10.143,244d3efc78e803d007dc05640000ff00000000e803d007dc05640000ff00000000e803d007dc05640000ff00000000e803d007dc05640000ff00000000e803d007dc05640000ff00000000e803d007dc05640000ff00000000e803d007dc05640000ff00000000e803d007dc05640000ff00000000e803d007dc05640000ff00000000e803d007dc05640000ff00000000e803d007dc05640000ff00000000e803d007dc05640000ff00000000e803d007dc05640000ff00000000e803d007dc05640000ff00000000e803d007dc05640000ff00000000e803d007dc05640000ff00000000e803d007dc05640000ff00000000e803d007dc05640000ff0000000084,e803d007dc05640000ff00000000e803d007dc05640000ff00000000e803d007dc05640000ff00000000e803d007dc05640000ff00000000e803d007dc05640000ff00000000e803d007dc05640000ff00000000e803d007dc05640000ff00000000e803d007dc05640000ff00000000e803d007dc05640000ff00000000e803d007dc05640000ff00000000e803d007dc05640000ff00000000e803d007dc05640000ff00000000e803d007dc05640000ff00000000e803d007dc05640000ff00000000e803d007dc05640000ff00000000e803d007dc05640000ff00000000e803d007dc05640000ff00000000e803d007dc05640000ff00000000
2026-10-04T12:57:30.487700+00:00,186942276415750,151,ok,9.564,244d3e09970101010001010001009e,010101000101000100
2026-10-04T12:57:30.497670+00:00,186942286135750,166,ok,9.821,244d3e15a68c000100000000000000470100000f270f270f274a1a,8c000100000000000000470100000f270f270f274a
2026-10-04T12:57:31.371413+00:00,186943166279833,1,ok,3.405,244d3e030100020505,000205
2026-10-04T12:57:31.381532+00:00,186943169913416,2,ok,9.893,244d3e0402494e415616,494e4156
2026-10-04T12:57:31.391425+00:00,186943180008833,3,ok,9.704,244d3e030309010008,090100
2026-10-04T12:57:31.401822+00:00,186943189838208,4,ok,10.266,244d3e18044d373241000002010f4d414d4241463732325f323032324136,4d373241000002010f4d414d4241463732325f3230323241
2026-10-04T12:57:31.411826+00:00,186943200267875,101,ok,9.839,244d3e0b65ef033200cb000000008000fb,ef033200cb000000008000
2026-10-04T12:57:31.421776+00:00,186943210272750,106,ok,9.787,244d3e126a00000000000000000000efff000000000f2740,00000000000000000000efff000000000f27
2026-10-04T12:57:31.431807+00:00,186943220219750,107,ok,9.872,244d3e056b00000000016f,0000000001
2026-10-04T12:57:31.441810+00:00,186943230252041,108,ok,9.846,244d3e066c7c00d6ff00003f,7c00d6ff0000
2026-10-04T12:57:31.452178+00:00,186943240192250,109,ok,10.272,244d3e0a6d0000000000000100000066,00000000000001000000
2026-10-04T12:57:31.462176+00:00,186943250594833,110,ok,9.866,244d3e076e97000000000000fe,97000000000000
2026-10-04T12:57:31.472183+00:00,186943260592250,118,ok,9.879,244d3e15760004000000000000000000000000000000000000a5c2,0004000000000000000000000000000000000000a5
2026-10-04T12:57:31.482379+00:00,186943270596583,120,ok,10.075,244d3efc78e803d007dc05640000ff00000000e803d007dc05640000ff00000000e803d007dc05640000ff00000000e803d007dc05640000ff00000000e803d007dc05640000ff00000000e803d007dc05640000ff00000000e803d007dc05640000ff00000000e803d007dc05640000ff00000000e803d007dc05640000ff00000000e803d007dc05640000ff00000000e803d007dc05640000ff00000000e803d007dc05640000ff00000000e803d007dc05640000ff00000000e803d007dc05640000ff00000000e803d007dc05640000ff00000000e803d007dc05640000ff00000000e803d007dc05640000ff00000000e803d007dc05640000ff0000000084,e803d007dc05640000ff00000000e803d007dc05640000ff00000000e803d007dc05640000ff00000000e803d007dc05640000ff00000000e803d007dc05640000ff00000000e803d007dc05640000ff00000000e803d007dc05640000ff00000000e803d007dc05640000ff00000000e803d007dc05640000ff00000000e803d007dc05640000ff00000000e803d007dc05640000ff00000000e803d007dc05640000ff00000000e803d007dc05640000ff00000000e803d007dc05640000ff00000000e803d007dc05640000ff00000000e803d007dc05640000ff00000000e803d007dc05640000ff00000000e803d007dc05640000ff00000000
2026-10-04T12:57:31.492239+00:00,186943280807375,151,ok,9.720,244d3e09970101010001010001009e,010101000101000100
2026-10-04T12:57:31.502279+00:00,186943290641583,166,ok,9.924,244d3e15a68c000100000000000000570100000f270f270f274a0a,8c000100000000000000570100000f270f270f274a
2026-10-04T12:57:32.376248+00:00,186944168186125,1,ok,6.353,244d3e030100020505,000205
2026-10-04T12:57:32.386476+00:00,186944174626916,2,ok,10.127,244d3e0402494e415616,494e4156
2026-10-04T12:57:32.396409+00:00,186944184954791,3,ok,9.736,244d3e030309010008,090100
2026-10-04T12:57:32.406439+00:00,186944194869708,4,ok,9.854,244d3e18044d373241000002010f4d414d4241463732325f323032324136,4d373241000002010f4d414d4241463732325f3230323241
2026-10-04T12:57:32.417397+00:00,186944204877458,101,ok,10.812,244d3e0b65bd043200cb000000008000ae,bd043200cb000000008000
2026-10-04T12:57:32.427033+00:00,186944215805291,106,ok,9.517,244d3e126a00000000000000000000efff000000000f2740,00000000000000000000efff000000000f27
2026-10-04T12:57:32.437147+00:00,186944225436291,107,ok,9.992,244d3e056b00000000016f,0000000001
2026-10-04T12:57:32.447083+00:00,186944235622875,108,ok,9.750,244d3e066c7d00d6ff00003e,7d00d6ff0000
2026-10-04T12:57:32.457446+00:00,186944245496041,109,ok,10.234,244d3e0a6d0000000000000100000066,00000000000001000000
2026-10-04T12:57:32.467392+00:00,186944255880958,110,ok,9.798,244d3e076e97000000000000fe,97000000000000
2026-10-04T12:57:32.477545+00:00,186944265803791,118,ok,10.017,244d3e15760004000000000000000000000000000000000000a5c2,0004000000000000000000000000000000000000a5
2026-10-04T12:57:32.487799+00:00,186944276192375,120,ok,9.889,244d3efc78e803d007dc05640000ff00000000e803d007dc05640000ff00000000e803d007dc05640000ff00000000e803d007dc05640000ff00000000e803d007dc05640000ff00000000e803d007dc05640000ff00000000e803d007dc05640000ff00000000e803d007dc05640000ff00000000e803d007dc05640000ff00000000e803d007dc05640000ff00000000e803d007dc05640000ff00000000e803d007dc05640000ff00000000e803d007dc05640000ff00000000e803d007dc05640000ff00000000e803d007dc05640000ff00000000e803d007dc05640000ff00000000e803d007dc05640000ff00000000e803d007dc05640000ff0000000084,e803d007dc05640000ff00000000e803d007dc05640000ff00000000e803d007dc05640000ff00000000e803d007dc05640000ff00000000e803d007dc05640000ff00000000e803d007dc05640000ff00000000e803d007dc05640000ff00000000e803d007dc05640000ff00000000e803d007dc05640000ff00000000e803d007dc05640000ff00000000e803d007dc05640000ff00000000e803d007dc05640000ff00000000e803d007dc05640000ff00000000e803d007dc05640000ff00000000e803d007dc05640000ff00000000e803d007dc05640000ff00000000e803d007dc05640000ff00000000e803d007dc05640000ff00000000
2026-10-04T12:57:32.497609+00:00,186944286286208,151,ok,9.604,244d3e09970101010001010001009e,010101000101000100
2026-10-04T12:57:32.507521+00:00,186944296046416,166,ok,9.764,244d3e15a678000100000000000000680100000f270f270f274ac1,78000100000000000000680100000f270f270f274a
2026-10-04T12:57:33.380927+00:00,186945173242125,1,ok,5.975,244d3e030100020505,000205
2026-10-04T12:57:33.391022+00:00,186945179373583,2,ok,9.932,244d3e0402494e415616,494e4156
2026-10-04T12:57:33.401028+00:00,186945189449833,3,ok,9.863,244d3e030309010008,090100
2026-10-04T12:57:33.411657+00:00,186945199470416,4,ok,10.455,244d3e18044d373241000002010f4d414d4241463732325f323032324136,4d373241000002010f4d414d4241463732325f3230323241
2026-10-04T12:57:33.421442+00:00,186945210181375,101,ok,9.543,244d3e0b65f0033200cb000000008000e4,f0033200cb000000008000
2026-10-04T12:57:33.431407+00:00,186945219870666,106,ok,9.821,244d3e126a00000000000000000000efff000000000f2740,00000000000000000000efff000000000f27
2026-10-04T12:57:33.441739+00:00,186945229866083,107,ok,10.158,244d3e056b00000000016f,0000000001
2026-10-04T12:57:33.451780+00:00,186945240182833,108,ok,9.881,244d3e066c7d00d6ff00003e,7d00d6ff0000
2026-10-04T12:57:33.461828+00:00,186945250216583,109,ok,9.894,244d3e0a6d0000000000000100000066,00000000000001000000
2026-10-04T12:57:33.471737+00:00,186945260288541,110,ok,9.738,244d3e076e97000000000000fe,97000000000000
2026-10-04T12:57:33.481903+00:00,186945270185166,118,ok,10.002,244d3e15760004000000000000000000000000000000000000a5c2,0004000000000000000000000000000000000000a5
2026-10-04T12:57:33.492119+00:00,186945280380625,120,ok,10.021,244d3efc78e803d007dc05640000ff00000000e803d007dc05640000ff00000000e803d007dc05640000ff00000000e803d007dc05640000ff00000000e803d007dc05640000ff00000000e803d007dc05640000ff00000000e803d007dc05640000ff00000000e803d007dc05640000ff00000000e803d007dc05640000ff00000000e803d007dc05640000ff00000000e803d007dc05640000ff00000000e803d007dc05640000ff00000000e803d007dc05640000ff00000000e803d007dc05640000ff00000000e803d007dc05640000ff00000000e803d007dc05640000ff00000000e803d007dc05640000ff00000000e803d007dc05640000ff0000000084,e803d007dc05640000ff00000000e803d007dc05640000ff00000000e803d007dc05640000ff00000000e803d007dc05640000ff00000000e803d007dc05640000ff00000000e803d007dc05640000ff00000000e803d007dc05640000ff00000000e803d007dc05640000ff00000000e803d007dc05640000ff00000000e803d007dc05640000ff00000000e803d007dc05640000ff00000000e803d007dc05640000ff00000000e803d007dc05640000ff00000000e803d007dc05640000ff00000000e803d007dc05640000ff00000000e803d007dc05640000ff00000000e803d007dc05640000ff00000000e803d007dc05640000ff00000000
2026-10-04T12:57:33.501853+00:00,186945290613000,151,ok,9.525,244d3e09970101010001010001009e,010101000101000100
2026-10-04T12:57:33.511910+00:00,186945300288000,166,ok,9.907,244d3e15a678000100000000000000790100000f270f270f274ad0,78000100000000000000790100000f270f270f274a
2026-10-04T12:57:34.384042+00:00,186946178174666,1,ok,4.146,244d3e030100020505,000205
2026-10-04T12:57:34.394083+00:00,186946182473291,2,ok,9.898,244d3e0402494e415616,494e4156
2026-10-04T12:57:34.404053+00:00,186946192533000,3,ok,9.812,244d3e030309010008,090100
2026-10-04T12:57:34.414231+00:00,186946202518500,4,ok,9.999,244d3e18044d373241000002010f4d414d4241463732325f323032324136,4d373241000002010f4d414d4241463732325f3230323241
2026-10-04T12:57:34.424461+00:00,186946212718750,101,ok,10.037,244d3e0b65eb033200cb000000008000ff,eb033200cb000000008000
2026-10-04T12:57:34.434489+00:00,186946222841666,106,ok,9.939,244d3e126a00000000000000000000efff000000000f2740,00000000000000000000efff000000000f27
2026-10-04T12:57:34.445132+00:00,186946232952333,107,ok,10.127,244d3e056b00000000016f,0000000001
2026-10-04T12:57:34.454567+00:00,186946243597375,108,ok,9.259,244d3e066c7d00d6ff00003e,7d00d6ff0000
2026-10-04T12:57:34.464505+00:00,186946252995000,109,ok,9.803,244d3e0a6d0000000000000100000066,00000000000001000000
2026-10-04T12:57:34.474665+00:00,186946262904916,110,ok,10.039,244d3e076e97000000000000fe,97000000000000
2026-10-04T12:57:34.484595+00:00,186946273121416,118,ok,9.758,244d3e15760004000000000000000000000000000000000000a5c2,0004000000000000000000000000000000000000a5
2026-10-04T12:57:34.494806+00:00,186946283017500,120,ok,10.077,244d3efc78e803d007dc05640000ff00000000e803d007dc05640000ff00000000e803d007dc05640000ff00000000e803d007dc05640000ff00000000e803d007dc05640000ff00000000e803d007dc05640000ff00000000e803d007dc05640000ff00000000e803d007dc05640000ff00000000e803d007dc05640000ff00000000e803d007dc05640000ff00000000e803d007dc05640000ff00000000e803d007dc05640000ff00000000e803d007dc05640000ff00000000e803d007dc05640000ff00000000e803d007dc05640000ff00000000e803d007dc05640000ff00000000e803d007dc05640000ff00000000e803d007dc05640000ff0000000084,e803d007dc05640000ff00000000e803d007dc05640000ff00000000e803d007dc05640000ff00000000e803d007dc05640000ff00000000e803d007dc05640000ff00000000e803d007dc05640000ff00000000e803d007dc05640000ff00000000e803d007dc05640000ff00000000e803d007dc05640000ff00000000e803d007dc05640000ff00000000e803d007dc05640000ff00000000e803d007dc05640000ff00000000e803d007dc05640000ff00000000e803d007dc05640000ff00000000e803d007dc05640000ff00000000e803d007dc05640000ff00000000e803d007dc05640000ff00000000e803d007dc05640000ff00000000
2026-10-04T12:57:34.504568+00:00,186946293258791,151,ok,9.598,244d3e09970101010001010001009e,010101000101000100
2026-10-04T12:57:34.514704+00:00,186946303037875,166,ok,9.952,244d3e15a6780001000000000000008a0100000f270f270f274a23,780001000000000000008a0100000f270f270f274a
2026-10-04T12:57:35.387174+00:00,186947179156416,1,ok,6.304,244d3e030100020505,000205
2026-10-04T12:57:35.397226+00:00,186947185620666,2,ok,9.886,244d3e0402494e415616,494e4156
2026-10-04T12:57:35.407133+00:00,186947195878166,3,ok,9.547,244d3e030309010008,090100
2026-10-04T12:57:35.417546+00:00,186947205539083,4,ok,10.300,244d3e18044d373241000002010f4d414d4241463732325f323032324136,4d373241000002010f4d414d4241463732325f3230323241
2026-10-04T12:57:35.427484+00:00,186947216002125,101,ok,9.777,244d3e0b65ef033200cb000000008000fb,ef033200cb000000008000
2026-10-04T12:57:35.437577+00:00,186947225891000,106,ok,9.971,244d3e126a00000000000000000000efff000000000f2740,00000000000000000000efff000000000f27
2026-10-04T12:57:35.447701+00:00,186947236025750,107,ok,9.964,244d3e056b00000000016f,0000000001
2026-10-04T12:57:35.457586+00:00,186947246160416,108,ok,9.716,244d3e066c7e00d6ff00003d,7e00d6ff0000
2026-10-04T12:57:35.467611+00:00,186947256019166,109,ok,9.883,244d3e0a6d0000000000000a0000006d,0000000000000a000000
2026-10-04T12:57:35.477648+00:00,186947266045083,110,ok,9.893,244d3e076e97000000000000fe,97000000000000
2026-10-04T12:57:35.487719+00:00,186947276134208,118,ok,9.879,244d3e15760004000000000000000000000000000000000000a5c2,0004000000000000000000000000000000000000a5
2026-10-04T12:57:35.497967+00:00,186947286132791,120,ok,10.120,244d3efc78e803d007dc05640000ff00000000e803d007dc05640000ff00000000e803d007dc05640000ff00000000e803d007dc05640000ff00000000e803d007dc05640000ff00000000e803d007dc05640000ff00000000e803d007dc05640000ff00000000e803d007dc05640000ff00000000e803d007dc05640000ff00000000e803d007dc05640000ff00000000e803d007dc05640000ff00000000e803d007dc05640000ff00000000e803d007dc05640000ff00000000e803d007dc05640000ff00000000e803d007dc05640000ff00000000e803d007dc05640000ff00000000e803d007dc05640000ff00000000e803d007dc05640000ff0000000084,e803d007dc05640000ff00000000e803d007dc05640000ff00000000e803d007dc05640000ff00000000e803d007dc05640000ff00000000e803d007dc05640000ff00000000e803d007dc05640000ff00000000e803d007dc05640000ff00000000e803d007dc05640000ff00000000e803d007dc05640000ff00000000e803d007dc05640000ff00000000e803d007dc05640000ff00000000e803d007dc05640000ff00000000e803d007dc05640000ff00000000e803d007dc05640000ff00000000e803d007dc05640000ff00000000e803d007dc05640000ff00000000e803d007dc05640000ff00000000e803d007dc05640000ff00000000
2026-10-04T12:57:35.507798+00:00,186947296474291,151,ok,9.609,244d3e09970101010001010001009e,010101000101000100
2026-10-04T12:57:35.517664+00:00,186947306274583,166,ok,9.684,244d3e15a6790001000000000000009a0100000f270f270f274a32,790001000000000000009a0100000f270f270f274a
2026-10-04T12:57:36.390131+00:00,186948182311666,1,ok,6.120,244d3e030100020505,000205
2026-10-04T12:57:36.400173+00:00,186948188478125,2,ok,9.998,244d3e0402494e415616,494e4156
2026-10-04T12:57:36.410226+00:00,186948198521791,3,ok,10.006,244d3e030309010008,090100
2026-10-04T12:57:36.420308+00:00,186948208578166,4,ok,10.029,244d3e18044d373241000002010f4d414d4241463732325f323032324136,4d373241000002010f4d414d4241463732325f3230323241
2026-10-04T12:57:36.430208+00:00,186948218696916,101,ok,9.817,244d3e0b65fd033200cb000000008000e9,fd033200cb000000008000
2026-10-04T12:57:36.440292+00:00,186948228540208,106,ok,10.055,244d3e126a00000000000000000000efff000000000f2740,00000000000000000000efff000000000f27
2026-10-04T12:57:36.450324+00:00,186948238648750,107,ok,9.976,244d3e056b00000000016f,0000000001
2026-10-04T12:57:36.460278+00:00,186948248691625,108,ok,9.891,244d3e066c7e00d6ff00003d,7e00d6ff0000
2026-10-04T12:57:36.470468+00:00,186948258614416,109,ok,10.153,244d3e0a6d0000000000000100000066,00000000000001000000
2026-10-04T12:57:36.480368+00:00,186948268869000,110,ok,9.798,244d3e076e97000000000000fe,97000000000000
2026-10-04T12:57:36.490447+00:00,186948278747416,118,ok,9.993,244d3e15760004000000000000000000000000000000000000a5c2,0004000000000000000000000000000000000000a5
2026-10-04T12:57:36.500700+00:00,186948288850458,120,ok,10.143,244d3efc78e803d007dc05640000ff00000000e803d007dc05640000ff00000000e803d007dc05640000ff00000000e803d007dc05640000ff00000000e803d007dc05640000ff00000000e803d007dc05640000ff00000000e803d007dc05640000ff00000000e803d007dc05640000ff00000000e803d007dc05640000ff00000000e803d007dc05640000ff00000000e803d007dc05640000ff00000000e803d007dc05640000ff00000000e803d007dc05640000ff00000000e803d007dc05640000ff00000000e803d007dc05640000ff00000000e803d007dc05640000ff00000000e803d007dc05640000ff00000000e803d007dc05640000ff0000000084,e803d007dc05640000ff00000000e803d007dc05640000ff00000000e803d007dc05640000ff00000000e803d007dc05640000ff00000000e803d007dc05640000ff00000000e803d007dc05640000ff00000000e803d007dc05640000ff00000000e803d007dc05640000ff00000000e803d007dc05640000ff00000000e803d007dc05640000ff00000000e803d007dc05640000ff00000000e803d007dc05640000ff00000000e803d007dc05640000ff00000000e803d007dc05640000ff00000000e803d007dc05640000ff00000000e803d007dc05640000ff00000000e803d007dc05640000ff00000000e803d007dc05640000ff00000000
2026-10-04T12:57:36.510561+00:00,186948299123208,151,ok,9.728,244d3e09970101010001010001009e,010101000101000100
2026-10-04T12:57:36.520507+00:00,186948308996416,166,ok,9.806,244d3e15a678000100000000000000aa0100000f270f270f274a03,78000100000000000000aa0100000f270f270f274a
2026-10-04T12:57:37.394873+00:00,186949184898708,1,ok,8.266,244d3e030100020505,000205
2026-10-04T12:57:37.404909+00:00,186949193335625,2,ok,9.865,244d3e0402494e415616,494e4156
2026-10-04T12:57:37.414865+00:00,186949203370625,3,ok,9.789,244d3e030309010008,090100
2026-10-04T12:57:37.425147+00:00,186949213313666,4,ok,10.132,244d3e18044d373241000002010f4d414d4241463732325f323032324136,4d373241000002010f4d414d4241463732325f3230323241
2026-10-04T12:57:37.435258+00:00,186949223542208,101,ok,10.008,244d3e0b65ee033200cb000000008000fa,ee033200cb000000008000
2026-10-04T12:57:37.445484+00:00,186949233701541,106,ok,10.066,244d3e126a00000000000000000000efff000000000f2740,00000000000000000000efff000000000f27
2026-10-04T12:57:37.455254+00:00,186949244010000,107,ok,9.540,244d3e056b00000000016f,0000000001
2026-10-04T12:57:37.465306+00:00,186949253684291,108,ok,9.917,244d3e066c7e00d6ff00003d,7e00d6ff0000
2026-10-04T12:57:37.475334+00:00,186949263754000,109,ok,9.875,244d3e0a6d0000000000000100000066,00000000000001000000
2026-10-04T12:57:37.485369+00:00,186949273822583,110,ok,9.839,244d3e076e97000000000000fe,97000000000000
2026-10-04T12:57:37.495426+00:00,186949283831958,118,ok,9.886,244d3e15760004000000000000000000000000000000000000a5c2,0004000000000000000000000000000000000000a5
2026-10-04T12:57:37.505760+00:00,186949294008208,120,ok,10.043,244d3efc78e803d007dc05640000ff00000000e803d007dc05640000ff00000000e803d007dc05640000ff00000000e803d007dc05640000ff00000000e803d007dc05640000ff00000000e803d007dc05640000ff00000000e803d007dc05640000ff00000000e803d007dc05640000ff00000000e803d007dc05640000ff00000000e803d007dc05640000ff00000000e803d007dc05640000ff00000000e803d007dc05640000ff00000000e803d007dc05640000ff00000000e803d007dc05640000ff00000000e803d007dc05640000ff00000000e803d007dc05640000ff00000000e803d007dc05640000ff00000000e803d007dc05640000ff0000000084,e803d007dc05640000ff00000000e803d007dc05640000ff00000000e803d007dc05640000ff00000000e803d007dc05640000ff00000000e803d007dc05640000ff00000000e803d007dc05640000ff00000000e803d007dc05640000ff00000000e803d007dc05640000ff00000000e803d007dc05640000ff00000000e803d007dc05640000ff00000000e803d007dc05640000ff00000000e803d007dc05640000ff00000000e803d007dc05640000ff00000000e803d007dc05640000ff00000000e803d007dc05640000ff00000000e803d007dc05640000ff00000000e803d007dc05640000ff00000000e803d007dc05640000ff00000000
2026-10-04T12:57:37.515514+00:00,186949304333833,151,ok,9.470,244d3e09970101010001010001009e,010101000101000100
2026-10-04T12:57:37.525477+00:00,186949313983583,166,ok,9.782,244d3e15a679000100000000000000bb0100000f270f270f274a13,79000100000000000000bb0100000f270f270f274a
2026-10-04T12:57:38.398929+00:00,186950189052166,1,ok,8.169,244d3e030100020505,000205
2026-10-04T12:57:38.408949+00:00,186950197398166,2,ok,9.841,244d3e0402494e415616,494e4156
2026-10-04T12:57:38.418975+00:00,186950207445250,3,ok,9.824,244d3e030309010008,090100
2026-10-04T12:57:38.429225+00:00,186950217426791,4,ok,10.096,244d3e18044d373241000002010f4d414d4241463732325f323032324136,4d373241000002010f4d414d4241463732325f3230323241
2026-10-04T12:57:38.439673+00:00,186950227667583,101,ok,10.208,244d3e0b65ea033200cb000000008000fe,ea033200cb000000008000
2026-10-04T12:57:38.449651+00:00,186950238144916,106,ok,9.802,244d3e126a00000000000000000000efff000000000f2740,00000000000000000000efff000000000f27
2026-10-04T12:57:38.459564+00:00,186950248114125,107,ok,9.742,244d3e056b00000000016f,0000000001
2026-10-04T12:57:38.469594+00:00,186950257979666,108,ok,9.906,244d3e066c7e00d6ff00003d,7e00d6ff0000
2026-10-04T12:57:38.479487+00:00,186950268011125,109,ok,9.770,244d3e0a6d0000000000000100000066,00000000000001000000
2026-10-04T12:57:38.489473+00:00,186950277930208,110,ok,9.832,244d3e076e97000000000000fe,97000000000000
2026-10-04T12:57:38.499692+00:00,186950287950416,118,ok,10.037,244d3e15760004000000000000000000000000000000000000a5c2,0004000000000000000000000000000000000000a5
2026-10-04T12:57:38.509903+00:00,186950298145916,120,ok,10.049,244d3efc78e803d007dc05640000ff00000000e803d007dc05640000ff00000000e803d007dc05640000ff00000000e803d007dc05640000ff00000000e803d007dc05640000ff00000000e803d007dc05640000ff00000000e803d007dc05640000ff00000000e803d007dc05640000ff00000000e803d007dc05640000ff00000000e803d007dc05640000ff00000000e803d007dc05640000ff00000000e803d007dc05640000ff00000000e803d007dc05640000ff00000000e803d007dc05640000ff00000000e803d007dc05640000ff00000000e803d007dc05640000ff00000000e803d007dc05640000ff00000000e803d007dc05640000ff0000000084,e803d007dc05640000ff00000000e803d007dc05640000ff00000000e803d007dc05640000ff00000000e803d007dc05640000ff00000000e803d007dc05640000ff00000000e803d007dc05640000ff00000000e803d007dc05640000ff00000000e803d007dc05640000ff00000000e803d007dc05640000ff00000000e803d007dc05640000ff00000000e803d007dc05640000ff00000000e803d007dc05640000ff00000000e803d007dc05640000ff00000000e803d007dc05640000ff00000000e803d007dc05640000ff00000000e803d007dc05640000ff00000000e803d007dc05640000ff00000000e803d007dc05640000ff00000000
2026-10-04T12:57:38.519803+00:00,186950308370875,151,ok,9.724,244d3e09970101010001010001009e,010101000101000100
2026-10-04T12:57:38.529875+00:00,186950318291708,166,ok,9.882,244d3e15a68d000100000000000000cb0100000f270f270f274a97,8d000100000000000000cb0100000f270f270f274a
2026-10-04T12:57:39.403130+00:00,186951193333291,1,ok,8.095,244d3e030100020505,000205
2026-10-04T12:57:39.413154+00:00,186951201551458,2,ok,9.904,244d3e0402494e415616,494e4156
2026-10-04T12:57:39.423183+00:00,186951211598583,3,ok,9.884,244d3e030309010008,090100
2026-10-04T12:57:39.433185+00:00,186951221577375,4,ok,9.909,244d3e18044d373241000002010f4d414d4241463732325f323032324136,4d373241000002010f4d414d4241463732325f3230323241
2026-10-04T12:57:39.443577+00:00,186951231581583,101,ok,10.295,244d3e0b65f9033200cb000000008000ed,f9033200cb000000008000
2026-10-04T12:57:39.453349+00:00,186951241999583,106,ok,9.623,244d3e126a00000000000000000000efff000000000f2740,00000000000000000000efff000000000f27
2026-10-04T12:57:39.463552+00:00,186951251808125,107,ok,10.045,244d3e056b00000000016f,0000000001
2026-10-04T12:57:39.473568+00:00,186951261946541,108,ok,9.922,244d3e066c7e00d6ff00003d,7e00d6ff0000
2026-10-04T12:57:39.483708+00:00,186951271982583,109,ok,10.026,244d3e0a6d0000000000000a0000006d,0000000000000a000000
2026-10-04T12:57:39.493693+00:00,186951282125958,110,ok,9.866,244d3e076e97000000000000fe,97000000000000
2026-10-04T12:57:39.503767+00:00,186951292099000,118,ok,9.966,244d3e15760004000000000000000000000000000000000000a5c2,0004000000000000000000000000000000000000a5
2026-10-04T12:57:39.513866+00:00,186951302238541,120,ok,9.927,244d3efc78e803d007dc05640000ff00000000e803d007dc05640000ff00000000e803d007dc05640000ff00000000e803d007dc05640000ff00000000e803d007dc05640000ff00000000e803d007dc05640000ff00000000e803d007dc05640000ff00000000e803d007dc05640000ff00000000e803d007dc05640000ff00000000e803d007dc05640000ff00000000e803d007dc05640000ff00000000e803d007dc05640000ff00000000e803d007dc05640000ff00000000e803d007dc05640000ff00000000e803d007dc05640000ff00000000e803d007dc05640000ff00000000e803d007dc05640000ff00000000e803d007dc05640000ff0000000084,e803d007dc05640000ff00000000e803d007dc05640000ff00000000e803d007dc05640000ff00000000e803d007dc05640000ff00000000e803d007dc05640000ff00000000e803d007dc05640000ff00000000e803d007dc05640000ff00000000e803d007dc05640000ff00000000e803d007dc05640000ff00000000e803d007dc05640000ff00000000e803d007dc05640000ff00000000e803d007dc05640000ff00000000e803d007dc05640000ff00000000e803d007dc05640000ff00000000e803d007dc05640000ff00000000e803d007dc05640000ff00000000e803d007dc05640000ff00000000e803d007dc05640000ff00000000
2026-10-04T12:57:39.523691+00:00,186951312422125,151,ok,9.568,244d3e09970101010001010001009e,010101000101000100
2026-10-04T12:57:39.534039+00:00,186951322105791,166,ok,10.234,244d3e15a68c000100000000000000db0100000f270f270f274a86,8c000100000000000000db0100000f270f270f274a
2026-10-04T12:57:40.407681+00:00,186952198364625,1,ok,7.620,244d3e030100020505,000205
2026-10-04T12:57:40.417724+00:00,186952206064250,2,ok,9.962,244d3e0402494e415616,494e4156
2026-10-04T12:57:40.427768+00:00,186952216141083,3,ok,9.930,244d3e030309010008,090100
2026-10-04T12:57:40.437889+00:00,186952226194041,4,ok,9.993,244d3e18044d373241000002010f4d414d4241463732325f323032324136,4d373241000002010f4d414d4241463732325f3230323241
2026-10-04T12:57:40.447948+00:00,186952236418833,101,ok,9.825,244d3e0b65f7033200cb000000008000e3,f7033200cb000000008000
2026-10-04T12:57:40.457844+00:00,186952246456875,106,ok,9.690,244d3e126a00000000000000000000efff000000000f2740,00000000000000000000efff000000000f27
2026-10-04T12:57:40.467940+00:00,186952256247750,107,ok,9.990,244d3e056b00000000016f,0000000001
2026-10-04T12:57:40.477886+00:00,186952266416250,108,ok,9.772,244d3e066c7e00d6ff00003d,7e00d6ff0000
2026-10-04T12:57:40.487924+00:00,186952276307583,109,ok,9.917,244d3e0a6d0000000000000100000066,00000000000001000000
2026-10-04T12:57:40.497946+00:00,186952286357791,110,ok,9.890,244d3e076e97000000000000fe,97000000000000
2026-10-04T12:57:40.507935+00:00,186952296356958,118,ok,9.882,244d3e15760004000000000000000000000000000000000000a5c2,0004000000000000000000000000000000000000a5
2026-10-04T12:57:40.518159+00:00,186952306340333,120,ok,10.124,244d3efc78e803d007dc05640000ff00000000e803d007dc05640000ff00000000e803d007dc05640000ff00000000e803d007dc05640000ff00000000e803d007dc05640000ff00000000e803d007dc05640000ff00000000e803d007dc05640000ff00000000e803d007dc05640000ff00000000e803d007dc05640000ff00000000e803d007dc05640000ff00000000e803d007dc05640000ff00000000e803d007dc05640000ff00000000e803d007dc05640000ff00000000e803d007dc05640000ff00000000e803d007dc05640000ff00000000e803d007dc05640000ff00000000e803d007dc05640000ff00000000e803d007dc05640000ff0000000084,e803d007dc05640000ff00000000e803d007dc05640000ff00000000e803d007dc05640000ff00000000e803d007dc05640000ff00000000e803d007dc05640000ff00000000e803d007dc05640000ff00000000e803d007dc05640000ff00000000e803d007dc05640000ff00000000e803d007dc05640000ff00000000e803d007dc05640000ff00000000e803d007dc05640000ff00000000e803d007dc05640000ff00000000e803d007dc05640000ff00000000e803d007dc05640000ff00000000e803d007dc05640000ff00000000e803d007dc05640000ff00000000e803d007dc05640000ff00000000e803d007dc05640000ff00000000
2026-10-04T12:57:40.528063+00:00,186952316571083,151,ok,9.788,244d3e09970101010001010001009e,010101000101000100
2026-10-04T12:57:40.538086+00:00,186952326541916,166,ok,9.845,244d3e15a679000100000000000000eb0100000f270f270f274a43,79000100000000000000eb0100000f270f270f274a
2026-10-04T12:57:41.412395+00:00,186953202245083,1,ok,8.452,244d3e030100020505,000205
2026-10-04T12:57:41.422444+00:00,186953210845666,2,ok,9.893,244d3e0402494e415616,494e4156
2026-10-04T12:57:41.432461+00:00,186953220909708,3,ok,9.851,244d3e030309010008,090100
2026-10-04T12:57:41.442572+00:00,186953230906541,4,ok,9.969,244d3e18044d373241000002010f4d414d4241463732325f323032324136,4d373241000002010f4d414d4241463732325f3230323241
2026-10-04T12:57:41.452761+00:00,186953241009625,101,ok,10.051,244d3e0b65f8033200cb000000008000ec,f8033200cb000000008000
2026-10-04T12:57:41.462641+00:00,186953251209916,106,ok,9.731,244d3e126a00000000000000000000efff000000000f2740,00000000000000000000efff000000000f27
2026-10-04T12:57:41.472532+00:00,186953261092125,107,ok,9.738,244d3e056b00000000016f,0000000001
2026-10-04T12:57:41.482630+00:00,186953271087833,108,ok,9.796,244d3e066c7e00d6ff00003d,7e00d6ff0000
2026-10-04T12:57:41.492599+00:00,186953281081875,109,ok,9.815,244d3e0a6d0000000000000100000066,00000000000001000000
2026-10-04T12:57:41.503174+00:00,186953291013666,110,ok,10.416,244d3e076e97000000000000fe,97000000000000
2026-10-04T12:57:41.512944+00:00,186953301662541,118,ok,9.581,244d3e15760004000000000000000000000000000000000000a5c2,0004000000000000000000000000000000000000a5
2026-10-04T12:57:41.523564+00:00,186953311378875,120,ok,10.482,244d3efc78e803d007dc05640000ff00000000e803d007dc05640000ff00000000e803d007dc05640000ff00000000e803d007dc05640000ff00000000e803d007dc05640000ff00000000e803d007dc05640000ff00000000e803d007dc05640000ff00000000e803d007dc05640000ff00000000e803d007dc05640000ff00000000e803d007dc05640000ff00000000e803d007dc05640000ff00000000e803d007dc05640000ff00000000e803d007dc05640000ff00000000e803d007dc05640000ff00000000e803d007dc05640000ff00000000e803d007dc05640000ff00000000e803d007dc05640000ff00000000e803d007dc05640000ff0000000084,e803d007dc05640000ff00000000e803d007dc05640000ff00000000e803d007dc05640000ff00000000e803d007dc05640000ff00000000e803d007dc05640000ff00000000e803d007dc05640000ff00000000e803d007dc05640000ff00000000e803d007dc05640000ff00000000e803d007dc05640000ff00000000e803d007dc05640000ff00000000e803d007dc05640000ff00000000e803d007dc05640000ff00000000e803d007dc05640000ff00000000e803d007dc05640000ff00000000e803d007dc05640000ff00000000e803d007dc05640000ff00000000e803d007dc05640000ff00000000e803d007dc05640000ff00000000
2026-10-04T12:57:41.533296+00:00,186953322037500,151,ok,9.556,244d3e09970101010001010001009e,010101000101000100
2026-10-04T12:57:41.543339+00:00,186953331738416,166,ok,9.899,244d3e15a678000100000000000000fb0100000f270f270f274a52,78000100000000000000fb0100000f270f270f274a
2026-10-04T12:57:42.407555+00:00,186954204236333,1,ok,1.622,244d3e030100020505,000205
2026-10-04T12:57:42.417644+00:00,186954205967458,2,ok,9.976,244d3e0402494e415616,494e4156
2026-10-04T12:57:42.427695+00:00,186954216081791,3,ok,9.910,244d3e030309010008,090100
2026-10-04T12:57:42.437698+00:00,186954226121583,4,ok,9.879,244d3e18044d373241000002010f4d414d4241463732325f323032324136,4d373241000002010f4d414d4241463732325f3230323241
2026-10-04T12:57:42.451014+00:00,186954236134666,101,ok,13.179,244d3e0b65fb033200cb000000008000ef,fb033200cb000000008000
2026-10-04T12:57:42.457790+00:00,186954249686750,106,ok,6.403,244d3e126a00000000000000000000efff000000000f2740,00000000000000000000efff000000000f27
2026-10-04T12:57:42.467765+00:00,186954256229625,107,ok,9.835,244d3e056b00000000016f,0000000001
2026-10-04T12:57:42.480944+00:00,186954266195208,108,ok,12.863,244d3e066c7e00d6ff00003d,7e00d6ff0000
2026-10-04T12:57:42.487960+00:00,186954279389958,109,ok,6.872,244d3e0a6d0000000000000100000066,00000000000001000000
2026-10-04T12:57:42.497836+00:00,186954286404708,110,ok,9.730,244d3e076e97000000000000fe,97000000000000
2026-10-04T12:57:42.507853+00:00,186954296263291,118,ok,9.891,244d3e15760004000000000000000000000000000000000000a5c2,0004000000000000000000000000000000000000a5
2026-10-04T12:57:42.518182+00:00,186954306279416,120,ok,10.205,244d3efc78e803d007dc05640000ff00000000e803d007dc05640000ff00000000e803d007dc05640000ff00000000e803d007dc05640000ff00000000e803d007dc05640000ff00000000e803d007dc05640000ff00000000e803d007dc05640000ff00000000e803d007dc05640000ff00000000e803d007dc05640000ff00000000e803d007dc05640000ff00000000e803d007dc05640000ff00000000e803d007dc05640000ff00000000e803d007dc05640000ff00000000e803d007dc05640000ff00000000e803d007dc05640000ff00000000e803d007dc05640000ff00000000e803d007dc05640000ff00000000e803d007dc05640000ff0000000084,e803d007dc05640000ff00000000e803d007dc05640000ff00000000e803d007dc05640000ff00000000e803d007dc05640000ff00000000e803d007dc05640000ff00000000e803d007dc05640000ff00000000e803d007dc05640000ff00000000e803d007dc05640000ff00000000e803d007dc05640000ff00000000e803d007dc05640000ff00000000e803d007dc05640000ff00000000e803d007dc05640000ff00000000e803d007dc05640000ff00000000e803d007dc05640000ff00000000e803d007dc05640000ff00000000e803d007dc05640000ff00000000e803d007dc05640000ff00000000e803d007dc05640000ff00000000
2026-10-04T12:57:42.528037+00:00,186954316647125,151,ok,9.687,244d3e09970101010001010001009e,010101000101000100
2026-10-04T12:57:42.538040+00:00,186954326574333,166,ok,9.764,244d3e15a6780001000000000000000c0200000f270f270f274aa6,780001000000000000000c0200000f270f270f274a
2026-10-04T12:57:43.412490+00:00,186955209261625,1,ok,1.535,244d3e030100020505,000205
2026-10-04T12:57:43.422581+00:00,186955210934041,2,ok,9.949,244d3e0402494e415616,494e4156
2026-10-04T12:57:43.432952+00:00,186955221049041,3,ok,10.161,244d3e030309010008,090100
2026-10-04T12:57:43.442568+00:00,186955231536416,4,ok,9.339,244d3e18044d373241000002010f4d414d4241463732325f323032324136,4d373241000002010f4d414d4241463732325f3230323241
2026-10-04T12:57:43.452638+00:00,186955240994500,101,ok,9.942,244d3e0b65f6033200cb000000008000e2,f6033200cb000000008000
2026-10-04T12:57:43.462667+00:00,186955251086916,106,ok,9.881,244d3e126a00000000000000000000efff000000000f2740,00000000000000000000efff000000000f27
2026-10-04T12:57:43.472696+00:00,186955261122125,107,ok,9.877,244d3e056b00000000016f,0000000001
2026-10-04T12:57:43.482716+00:00,186955271131125,108,ok,9.887,244d3e066c7e00d6ff00003d,7e00d6ff0000
2026-10-04T12:57:43.493068+00:00,186955281141583,109,ok,10.225,244d3e0a6d0000000000000100000066,00000000000001000000
2026-10-04T12:57:43.503085+00:00,186955291529875,110,ok,9.857,244d3e076e97000000000000fe,97000000000000
2026-10-04T12:57:43.513043+00:00,186955301576458,118,ok,9.768,244d3e15760004000000000000000000000000000000000000a5c2,0004000000000000000000000000000000000000a5
2026-10-04T12:57:43.523284+00:00,186955311475458,120,ok,10.109,244d3efc78e803d007dc05640000ff00000000e803d007dc05640000ff00000000e803d007dc05640000ff00000000e803d007dc05640000ff00000000e803d007dc05640000ff00000000e803d007dc05640000ff00000000e803d007dc05640000ff00000000e803d007dc05640000ff00000000e803d007dc05640000ff00000000e803d007dc05640000ff00000000e803d007dc05640000ff00000000e803d007dc05640000ff00000000e803d007dc05640000ff00000000e803d007dc05640000ff00000000e803d007dc05640000ff00000000e803d007dc05640000ff00000000e803d007dc05640000ff00000000e803d007dc05640000ff0000000084,e803d007dc05640000ff00000000e803d007dc05640000ff00000000e803d007dc05640000ff00000000e803d007dc05640000ff00000000e803d007dc05640000ff00000000e803d007dc05640000ff00000000e803d007dc05640000ff00000000e803d007dc05640000ff00000000e803d007dc05640000ff00000000e803d007dc05640000ff00000000e803d007dc05640000ff00000000e803d007dc05640000ff00000000e803d007dc05640000ff00000000e803d007dc05640000ff00000000e803d007dc05640000ff00000000e803d007dc05640000ff00000000e803d007dc05640000ff00000000e803d007dc05640000ff00000000
2026-10-04T12:57:43.532791+00:00,186955321760750,151,ok,9.331,244d3e09970101010001010001009e,010101000101000100
2026-10-04T12:57:43.543145+00:00,186955331255500,166,ok,10.193,244d3e15a6780001000000000000001c0200000f270f270f274ab6,780001000000000000001c0200000f270f270f274a
2026-10-04T12:57:44.416712+00:00,186956214290625,1,ok,0.730,244d3e030100020505,000205
2026-10-04T12:57:44.427118+00:00,186956215104375,2,ok,10.322,244d3e0402494e415616,494e4156
2026-10-04T12:57:44.437224+00:00,186956225532958,3,ok,9.995,244d3e030309010008,090100
2026-10-04T12:57:44.447141+00:00,186956235699500,4,ok,9.751,244d3e18044d373241000002010f4d414d4241463732325f323032324136,4d373241000002010f4d414d4241463732325f3230323241
2026-10-04T12:57:44.457449+00:00,186956245559875,101,ok,10.200,244d3e0b65ee033200cb000000008000fa,ee033200cb000000008000
2026-10-04T12:57:44.467496+00:00,186956255879708,106,ok,9.925,244d3e126a00000000000000000000efff000000000f2740,00000000000000000000efff000000000f27
2026-10-04T12:57:44.477529+00:00,186956265919208,107,ok,9.915,244d3e056b00000000016f,0000000001
2026-10-04T12:57:44.487655+00:00,186956275937958,108,ok,10.022,244d3e066c7e00d6ff00003d,7e00d6ff0000
2026-10-04T12:57:44.498494+00:00,186956286141708,109,ok,10.657,244d3e0a6d0000000000000100000066,00000000000001000000
2026-10-04T12:57:44.507535+00:00,186956296958125,110,ok,8.889,244d3e076e97000000000000fe,97000000000000
2026-10-04T12:57:44.517612+00:00,186956305946750,118,ok,9.975,244d3e15760004000000000000000000000000000000000000a5c2,0004000000000000000000000000000000000000a5
2026-10-04T12:57:44.527903+00:00,186956316029333,120,ok,10.179,244d3efc78e803d007dc05640000ff00000000e803d007dc05640000ff00000000e803d007dc05640000ff00000000e803d007dc05640000ff00000000e803d007dc05640000ff00000000e803d007dc05640000ff00000000e803d007dc05640000ff00000000e803d007dc05640000ff00000000e803d007dc05640000ff00000000e803d007dc05640000ff00000000e803d007dc05640000ff00000000e803d007dc05640000ff00000000e803d007dc05640000ff00000000e803d007dc05640000ff00000000e803d007dc05640000ff00000000e803d007dc05640000ff00000000e803d007dc05640000ff00000000e803d007dc05640000ff0000000084,e803d007dc05640000ff00000000e803d007dc05640000ff00000000e803d007dc05640000ff00000000e803d007dc05640000ff00000000e803d007dc05640000ff00000000e803d007dc05640000ff00000000e803d007dc05640000ff00000000e803d007dc05640000ff00000000e803d007dc05640000ff00000000e803d007dc05640000ff00000000e803d007dc05640000ff00000000e803d007dc05640000ff00000000e803d007dc05640000ff00000000e803d007dc05640000ff00000000e803d007dc05640000ff00000000e803d007dc05640000ff00000000e803d007dc05640000ff00000000e803d007dc05640000ff00000000
2026-10-04T12:57:44.537722+00:00,186956326370083,151,ok,9.656,244d3e09970101010001010001009e,010101000101000100
2026-10-04T12:57:44.547776+00:00,186956336174791,166,ok,9.905,244d3e15a6790001000000000000002c0200000f270f270f274a87,790001000000000000002c0200000f270f270f274a
2026-10-04T12:57:45.430559+00:00,186957219382583,1,ok,9.481,244d3e030100020505,000205
2026-10-04T12:57:45.440457+00:00,186957229124250,2,ok,9.647,244d3e0402494e415616,494e4156
2026-10-04T12:57:45.450606+00:00,186957238851250,3,ok,10.066,244d3e030309010008,090100
2026-10-04T12:57:45.460654+00:00,186957249011583,4,ok,9.943,244d3e18044d373241000002010f4d414d4241463732325f323032324136,4d373241000002010f4d414d4241463732325f3230323241
2026-10-04T12:57:45.470916+00:00,186957259089833,101,ok,10.119,244d3e0b65fb033200cb000000008000ef,fb033200cb000000008000
2026-10-04T12:57:45.480624+00:00,186957269402041,106,ok,9.532,244d3e126a00000000000000000000efff000000000f2740,00000000000000000000efff000000000f27
2026-10-04T12:57:45.490637+00:00,186957279056875,107,ok,9.891,244d3e056b00000000016f,0000000001
2026-10-04T12:57:45.500723+00:00,186957289045416,108,ok,9.983,244d3e066c7e00d6ff00003d,7e00d6ff0000
2026-10-04T12:57:45.510728+00:00,186957299191500,109,ok,9.843,244d3e0a6d0000000000000100000066,00000000000001000000
2026-10-04T12:57:45.520744+00:00,186957309176750,110,ok,9.875,244d3e076e97000000000000fe,97000000000000
2026-10-04T12:57:45.530812+00:00,186957319176708,118,ok,9.941,244d3e15760004000000000000000000000000000000000000a5c2,0004000000000000000000000000000000000000a5
2026-10-04T12:57:45.541103+00:00,186957329257250,120,ok,10.153,244d3efc78e803d007dc05640000ff00000000e803d007dc05640000ff00000000e803d007dc05640000ff00000000e803d007dc05640000ff00000000e803d007dc05640000ff00000000e803d007dc05640000ff00000000e803d007dc05640000ff00000000e803d007dc05640000ff00000000e803d007dc05640000ff00000000e803d007dc05640000ff00000000e803d007dc05640000ff00000000e803d007dc05640000ff00000000e803d007dc05640000ff00000000e803d007dc05640000ff00000000e803d007dc05640000ff00000000e803d007dc05640000ff00000000e803d007dc05640000ff00000000e803d007dc05640000ff0000000084,e803d007dc05640000ff00000000e803d007dc05640000ff00000000e803d007dc05640000ff00000000e803d007dc05640000ff00000000e803d007dc05640000ff00000000e803d007dc05640000ff00000000e803d007dc05640000ff00000000e803d007dc05640000ff00000000e803d007dc05640000ff00000000e803d007dc05640000ff00000000e803d007dc05640000ff00000000e803d007dc05640000ff00000000e803d007dc05640000ff00000000e803d007dc05640000ff00000000e803d007dc05640000ff00000000e803d007dc05640000ff00000000e803d007dc05640000ff00000000e803d007dc05640000ff00000000
2026-10-04T12:57:45.550837+00:00,186957339647250,151,ok,9.496,244d3e09970101010001010001009e,010101000101000100
2026-10-04T12:57:45.560834+00:00,186957349295958,166,ok,9.845,244d3e15a68c0001000000000000003c0200000f270f270f274a62,8c0001000000000000003c0200000f270f270f274a
2026-10-04T12:57:46.424779+00:00,186958221969583,1,ok,1.110,244d3e030100020505,000205
2026-10-04T12:57:46.434895+00:00,186958223249291,2,ok,9.951,244d3e0402494e415616,494e4156
2026-10-04T12:57:46.444817+00:00,186958233333916,3,ok,9.795,244d3e030309010008,090100
2026-10-04T12:57:46.455428+00:00,186958243221791,4,ok,10.511,244d3e18044d373241000002010f4d414d4241463732325f323032324136,4d373241000002010f4d414d4241463732325f3230323241
2026-10-04T12:57:46.465308+00:00,186958253884000,101,ok,9.730,244d3e0b65f4033200cb000000008000e0,f4033200cb000000008000
2026-10-04T12:57:46.474944+00:00,186958263749833,106,ok,9.499,244d3e126a00000000000000000000efff000000000f2740,00000000000000000000efff000000000f27
2026-10-04T12:57:46.484930+00:00,186958273366625,107,ok,9.874,244d3e056b00000000016f,0000000001
2026-10-04T12:57:46.495041+00:00,186958283366958,108,ok,9.978,244d3e066c7e00d6ff00003d,7e00d6ff0000
2026-10-04T12:57:46.505293+00:00,186958293496041,109,ok,10.110,244d3e0a6d0000000000000a0000006d,0000000000000a000000
2026-10-04T12:57:46.515370+00:00,186958303681791,110,ok,9.995,244d3e076e97000000000000fe,97000000000000
2026-10-04T12:57:46.525442+00:00,186958313826500,118,ok,9.921,244d3e15760004000000000000000000000000000000000000a5c2,0004000000000000000000000000000000000000a5
2026-10-04T12:57:46.535732+00:00,186958323892416,120,ok,10.097,244d3efc78e803d007dc05640000ff00000000e803d007dc05640000ff00000000e803d007dc05640000ff00000000e803d007dc05640000ff00000000e803d007dc05640000ff00000000e803d007dc05640000ff00000000e803d007dc05640000ff00000000e803d007dc05640000ff00000000e803d007dc05640000ff00000000e803d007dc05640000ff00000000e803d007dc05640000ff00000000e803d007dc05640000ff00000000e803d007dc05640000ff00000000e803d007dc05640000ff00000000e803d007dc05640000ff00000000e803d007dc05640000ff00000000e803d007dc05640000ff00000000e803d007dc05640000ff0000000084,e803d007dc05640000ff00000000e803d007dc05640000ff00000000e803d007dc05640000ff00000000e803d007dc05640000ff00000000e803d007dc05640000ff00000000e803d007dc05640000ff00000000e803d007dc05640000ff00000000e803d007dc05640000ff00000000e803d007dc05640000ff00000000e803d007dc05640000ff00000000e803d007dc05640000ff00000000e803d007dc05640000ff00000000e803d007dc05640000ff00000000e803d007dc05640000ff00000000e803d007dc05640000ff00000000e803d007dc05640000ff00000000e803d007dc05640000ff00000000e803d007dc05640000ff00000000
2026-10-04T12:57:46.545437+00:00,186958334267875,151,ok,9.476,244d3e09970101010001010001009e,010101000101000100
2026-10-04T12:57:46.555573+00:00,186958343879541,166,ok,9.995,244d3e15a68c0001000000000000004c0200000f270f270f274a12,8c0001000000000000004c0200000f270f270f274a
2026-10-04T12:57:47.438309+00:00,186959226907083,1,ok,9.716,244d3e030100020505,000205
2026-10-04T12:57:47.448175+00:00,186959236734541,2,ok,9.757,244d3e0402494e415616,494e4156
2026-10-04T12:57:47.458198+00:00,186959246566708,3,ok,9.948,244d3e030309010008,090100
2026-10-04T12:57:47.468544+00:00,186959256591791,4,ok,10.268,244d3e18044d373241000002010f4d414d4241463732325f323032324136,4d373241000002010f4d414d4241463732325f3230323241
2026-10-04T12:57:47.478572+00:00,186959266934625,101,ok,9.953,244d3e0b65f4033200cb000000008000e0,f4033200cb000000008000
2026-10-04T12:57:47.488589+00:00,186959276964833,106,ok,9.940,244d3e126a00000000000000000000efff000000000f2740,00000000000000000000efff000000000f27
2026-10-04T12:57:47.498614+00:00,186959286982875,107,ok,9.946,244d3e056b00000000016f,0000000001
2026-10-04T12:57:47.508646+00:00,186959297047041,108,ok,9.914,244d3e066c7d00d6ff00003e,7d00d6ff0000
2026-10-04T12:57:47.518658+00:00,186959307034166,109,ok,9.939,244d3e0a6d0000000000000100000066,00000000000001000000
2026-10-04T12:57:47.528812+00:00,186959317062708,110,ok,10.058,244d3e076e97000000000000fe,97000000000000
2026-10-04T12:57:47.538711+00:00,186959327305541,118,ok,9.722,244d3e15760004000000000000000000000000000000000000a5c2,0004000000000000000000000000000000000000a5
2026-10-04T12:57:47.549130+00:00,186959337115666,120,ok,10.327,244d3efc78e803d007dc05640000ff00000000e803d007dc05640000ff00000000e803d007dc05640000ff00000000e803d007dc05640000ff00000000e803d007dc05640000ff00000000e803d007dc05640000ff00000000e803d007dc05640000ff00000000e803d007dc05640000ff00000000e803d007dc05640000ff00000000e803d007dc05640000ff00000000e803d007dc05640000ff00000000e803d007dc05640000ff00000000e803d007dc05640000ff00000000e803d007dc05640000ff00000000e803d007dc05640000ff00000000e803d007dc05640000ff00000000e803d007dc05640000ff00000000e803d007dc05640000ff0000000084,e803d007dc05640000ff00000000e803d007dc05640000ff00000000e803d007dc05640000ff00000000e803d007dc05640000ff00000000e803d007dc05640000ff00000000e803d007dc05640000ff00000000e803d007dc05640000ff00000000e803d007dc05640000ff00000000e803d007dc05640000ff00000000e803d007dc05640000ff00000000e803d007dc05640000ff00000000e803d007dc05640000ff00000000e803d007dc05640000ff00000000e803d007dc05640000ff00000000e803d007dc05640000ff00000000e803d007dc05640000ff00000000e803d007dc05640000ff00000000e803d007dc05640000ff00000000
2026-10-04T12:57:47.559190+00:00,186959347566333,151,ok,9.935,244d3e09970101010001010001009e,010101000101000100
2026-10-04T12:57:47.569105+00:00,186959357639625,166,ok,9.780,244d3e15a6780001000000000000005c0200000f270f270f274af6,780001000000000000005c0200000f270f270f274a
2026-10-04T12:57:48.443476+00:00,186960232034041,1,ok,9.756,244d3e030100020505,000205
2026-10-04T12:57:48.453461+00:00,186960241907041,2,ok,9.868,244d3e0402494e415616,494e4156
2026-10-04T12:57:48.463516+00:00,186960251893250,3,ok,9.932,244d3e030309010008,090100
2026-10-04T12:57:48.473632+00:00,186960261994208,4,ok,9.946,244d3e18044d373241000002010f4d414d4241463732325f323032324136,4d373241000002010f4d414d4241463732325f3230323241
2026-10-04T12:57:48.483520+00:00,186960272097250,101,ok,9.737,244d3e0b65f7033200cb000000008000e3,f7033200cb000000008000
2026-10-04T12:57:48.493550+00:00,186960281942333,106,ok,9.922,244d3e126a00000000000000000000efff000000000f2740,00000000000000000000efff000000000f27
2026-10-04T12:57:48.503618+00:00,186960291974208,107,ok,9.957,244d3e056b00000000016f,0000000001
2026-10-04T12:57:48.513611+00:00,186960302064750,108,ok,9.860,244d3e066c7d00d6ff00003e,7d00d6ff0000
2026-10-04T12:57:48.523699+00:00,186960312106250,109,ok,9.907,244d3e0a6d0000000000000100000066,00000000000001000000
2026-10-04T12:57:48.533942+00:00,186960322129375,110,ok,10.127,244d3e076e97000000000000fe,97000000000000
2026-10-04T12:57:48.544042+00:00,186960332354458,118,ok,10.002,244d3e15760004000000000000000000000000000000000000a5c2,0004000000000000000000000000000000000000a5
2026-10-04T12:57:48.554215+00:00,186960342535916,120,ok,9.995,244d3efc78e803d007dc05640000ff00000000e803d007dc05640000ff00000000e803d007dc05640000ff00000000e803d007dc05640000ff00000000e803d007dc05640000ff00000000e803d007dc05640000ff00000000e803d007dc05640000ff00000000e803d007dc05640000ff00000000e803d007dc05640000ff00000000e803d007dc05640000ff00000000e803d007dc05640000ff00000000e803d007dc05640000ff00000000e803d007dc05640000ff00000000e803d007dc05640000ff00000000e803d007dc05640000ff00000000e803d007dc05640000ff00000000e803d007dc05640000ff00000000e803d007dc05640000ff0000000084,e803d007dc05640000ff00000000e803d007dc05640000ff00000000e803d007dc05640000ff00000000e803d007dc05640000ff00000000e803d007dc05640000ff00000000e803d007dc05640000ff00000000e803d007dc05640000ff00000000e803d007dc05640000ff00000000e803d007dc05640000ff00000000e803d007dc05640000ff00000000e803d007dc05640000ff00000000e803d007dc05640000ff00000000e803d007dc05640000ff00000000e803d007dc05640000ff00000000e803d007dc05640000ff00000000e803d007dc05640000ff00000000e803d007dc05640000ff00000000e803d007dc05640000ff00000000
2026-10-04T12:57:48.564018+00:00,186960352779916,151,ok,9.552,244d3e09970101010001010001009e,010101000101000100
2026-10-04T12:57:48.574090+00:00,186960362434208,166,ok,9.970,244d3e15a6790001000000000000006d0200000f270f270f274ac6,790001000000000000006d0200000f270f270f274a
2026-10-04T12:57:49.438939+00:00,186961235109666,1,ok,2.140,244d3e030100020505,000205
2026-10-04T12:57:49.448980+00:00,186961237365583,2,ok,9.923,244d3e0402494e415616,494e4156
2026-10-04T12:57:49.459033+00:00,186961247501833,3,ok,9.846,244d3e030309010008,090100
2026-10-04T12:57:49.469028+00:00,186961257468250,4,ok,9.874,244d3e18044d373241000002010f4d414d4241463732325f323032324136,4d373241000002010f4d414d4241463732325f3230323241
2026-10-04T12:57:49.479429+00:00,186961267464291,101,ok,10.275,244d3e0b6507043200cb00000000800014,07043200cb000000008000
2026-10-04T12:57:49.489438+00:00,186961277914000,106,ok,9.825,244d3e126a00000000000000000000efff000000000f2740,00000000000000000000efff000000000f27
2026-10-04T12:57:49.499446+00:00,186961287882500,107,ok,9.871,244d3e056b00000000016f,0000000001
2026-10-04T12:57:49.509536+00:00,186961297967333,108,ok,9.884,244d3e066c7d00d6ff00003e,7d00d6ff0000
2026-10-04T12:57:49.519462+00:00,186961307968541,109,ok,9.800,244d3e0a6d0000000000000100000066,00000000000001000000
2026-10-04T12:57:49.529409+00:00,186961317887458,110,ok,9.842,244d3e076e97000000000000fe,97000000000000
2026-10-04T12:57:49.539521+00:00,186961327806541,118,ok,10.035,244d3e15760004000000000000000000000000000000000000a5c2,0004000000000000000000000000000000000000a5
2026-10-04T12:57:49.549689+00:00,186961337921958,120,ok,10.083,244d3efc78e803d007dc05640000ff00000000e803d007dc05640000ff00000000e803d007dc05640000ff00000000e803d007dc05640000ff00000000e803d007dc05640000ff00000000e803d007dc05640000ff00000000e803d007dc05640000ff00000000e803d007dc05640000ff00000000e803d007dc05640000ff00000000e803d007dc05640000ff00000000e803d007dc05640000ff00000000e803d007dc05640000ff00000000e803d007dc05640000ff00000000e803d007dc05640000ff00000000e803d007dc05640000ff00000000e803d007dc05640000ff00000000e803d007dc05640000ff00000000e803d007dc05640000ff0000000084,e803d007dc05640000ff00000000e803d007dc05640000ff00000000e803d007dc05640000ff00000000e803d007dc05640000ff00000000e803d007dc05640000ff00000000e803d007dc05640000ff00000000e803d007dc05640000ff00000000e803d007dc05640000ff00000000e803d007dc05640000ff00000000e803d007dc05640000ff00000000e803d007dc05640000ff00000000e803d007dc05640000ff00000000e803d007dc05640000ff00000000e803d007dc05640000ff00000000e803d007dc05640000ff00000000e803d007dc05640000ff00000000e803d007dc05640000ff00000000e803d007dc05640000ff00000000
2026-10-04T12:57:49.559474+00:00,186961348174375,151,ok,9.618,244d3e09970101010001010001009e,010101000101000100
2026-10-04T12:57:49.569543+00:00,186961357898625,166,ok,9.959,244d3e15a6790001000000000000007d0200000f270f270f274ad6,790001000000000000007d0200000f270f270f274a
2026-10-04T12:57:50.442294+00:00,186962235646583,1,ok,4.968,244d3e030100020505,000205
2026-10-04T12:57:50.452337+00:00,186962240726083,2,ok,9.930,244d3e0402494e415616,494e4156
2026-10-04T12:57:50.462407+00:00,186962250740291,3,ok,9.988,244d3e030309010008,090100
2026-10-04T12:57:50.472413+00:00,186962260809208,4,ok,9.925,244d3e18044d373241000002010f4d414d4241463732325f323032324136,4d373241000002010f4d414d4241463732325f3230323241
2026-10-04T12:57:50.482445+00:00,186962270845458,101,ok,9.918,244d3e0b65eb033200cb000000008000ff,eb033200cb000000008000
2026-10-04T12:57:50.492710+00:00,186962280911541,106,ok,10.118,244d3e126a00000000000000000000efff000000000f2740,00000000000000000000efff000000000f27
2026-10-04T12:57:50.502764+00:00,186962291138958,107,ok,9.943,244d3e056b00000000016f,0000000001
2026-10-04T12:57:50.512780+00:00,186962301254000,108,ok,9.845,244d3e066c7d00d6ff00003e,7d00d6ff0000
2026-10-04T12:57:50.522826+00:00,186962311186458,109,ok,9.956,244d3e0a6d0000000000000100000066,00000000000001000000
2026-10-04T12:57:50.532801+00:00,186962321263166,110,ok,9.857,244d3e076e97000000000000fe,97000000000000
2026-10-04T12:57:50.542843+00:00,186962331220750,118,ok,9.942,244d3e15760004000000000000000000000000000000000000a5c2,0004000000000000000000000000000000000000a5
2026-10-04T12:57:50.553187+00:00,186962341263916,120,ok,10.224,244d3efc78e803d007dc05640000ff00000000e803d007dc05640000ff00000000e803d007dc05640000ff00000000e803d007dc05640000ff00000000e803d007dc05640000ff00000000e803d007dc05640000ff00000000e803d007dc05640000ff00000000e803d007dc05640000ff00000000e803d007dc05640000ff00000000e803d007dc05640000ff00000000e803d007dc05640000ff00000000e803d007dc05640000ff00000000e803d007dc05640000ff00000000e803d007dc05640000ff00000000e803d007dc05640000ff00000000e803d007dc05640000ff00000000e803d007dc05640000ff00000000e803d007dc05640000ff0000000084,e803d007dc05640000ff00000000e803d007dc05640000ff00000000e803d007dc05640000ff00000000e803d007dc05640000ff00000000e803d007dc05640000ff00000000e803d007dc05640000ff00000000e803d007dc05640000ff00000000e803d007dc05640000ff00000000e803d007dc05640000ff00000000e803d007dc05640000ff00000000e803d007dc05640000ff00000000e803d007dc05640000ff00000000e803d007dc05640000ff00000000e803d007dc05640000ff00000000e803d007dc05640000ff00000000e803d007dc05640000ff00000000e803d007dc05640000ff00000000e803d007dc05640000ff00000000
2026-10-04T12:57:50.562944+00:00,186962351861541,151,ok,9.400,244d3e09970101010001010001009e,010101000101000100
2026-10-04T12:57:50.573016+00:00,186962361380125,166,ok,9.950,244d3e15a6780001000000000000008d0200000f270f270f274a27,780001000000000000008d0200000f270f270f274a
2026-10-04T12:57:51.446171+00:00,186963239387083,1,ok,5.083,244d3e030100020505,000205
2026-10-04T12:57:51.456106+00:00,186963244663958,2,ok,9.763,244d3e0402494e415616,494e4156
2026-10-04T12:57:51.466107+00:00,186963254574875,3,ok,9.829,244d3e030309010008,090100
2026-10-04T12:57:51.476076+00:00,186963264534625,4,ok,9.863,244d3e18044d373241000002010f4d414d4241463732325f323032324136,4d373241000002010f4d414d4241463732325f3230323241
2026-10-04T12:57:51.486067+00:00,186963274492625,101,ok,9.898,244d3e0b65f2033200cb000000008000e6,f2033200cb000000008000
2026-10-04T12:57:51.496174+00:00,186963284464458,106,ok,10.032,244d3e126a00000000000000000000efff000000000f2740,00000000000000000000efff000000000f27
2026-10-04T12:57:51.506125+00:00,186963294584750,107,ok,9.864,244d3e056b00000000016f,0000000001
2026-10-04T12:57:51.516166+00:00,186963304541875,108,ok,9.947,244d3e066c7d00d6ff00003e,7d00d6ff0000
2026-10-04T12:57:51.526196+00:00,186963314585250,109,ok,9.916,244d3e0a6d0000000000000100000066,00000000000001000000
2026-10-04T12:57:51.536183+00:00,186963324603833,110,ok,9.902,244d3e076e97000000000000fe,97000000000000
2026-10-04T12:57:51.546220+00:00,186963334590625,118,ok,9.952,244d3e15760004000000000000000000000000000000000000a5c2,0004000000000000000000000000000000000000a5
2026-10-04T12:57:51.556537+00:00,186963344634500,120,ok,10.224,244d3efc78e803d007dc05640000ff00000000e803d007dc05640000ff00000000e803d007dc05640000ff00000000e803d007dc05640000ff00000000e803d007dc05640000ff00000000e803d007dc05640000ff00000000e803d007dc05640000ff00000000e803d007dc05640000ff00000000e803d007dc05640000ff00000000e803d007dc05640000ff00000000e803d007dc05640000ff00000000e803d007dc05640000ff00000000e803d007dc05640000ff00000000e803d007dc05640000ff00000000e803d007dc05640000ff00000000e803d007dc05640000ff00000000e803d007dc05640000ff00000000e803d007dc05640000ff0000000084,e803d007dc05640000ff00000000e803d007dc05640000ff00000000e803d007dc05640000ff00000000e803d007dc05640000ff00000000e803d007dc05640000ff00000000e803d007dc05640000ff00000000e803d007dc05640000ff00000000e803d007dc05640000ff00000000e803d007dc05640000ff00000000e803d007dc05640000ff00000000e803d007dc05640000ff00000000e803d007dc05640000ff00000000e803d007dc05640000ff00000000e803d007dc05640000ff00000000e803d007dc05640000ff00000000e803d007dc05640000ff00000000e803d007dc05640000ff00000000e803d007dc05640000ff00000000
2026-10-04T12:57:51.566266+00:00,186963354987875,151,ok,9.602,244d3e09970101010001010001009e,010101000101000100
2026-10-04T12:57:51.576280+00:00,186963364682916,166,ok,9.920,244d3e15a6780001000000000000009d0200000f270f270f274a37,780001000000000000009d0200000f270f270f274a
2026-10-04T12:57:52.449478+00:00,186964241268291,1,ok,6.524,244d3e030100020505,000205
2026-10-04T12:57:52.459448+00:00,186964247919000,2,ok,9.850,244d3e0402494e415616,494e4156
2026-10-04T12:57:52.469487+00:00,186964257874708,3,ok,9.932,244d3e030309010008,090100
2026-10-04T12:57:52.479539+00:00,186964267937875,4,ok,9.923,244d3e18044d373241000002010f4d414d4241463732325f323032324136,4d373241000002010f4d414d4241463732325f3230323241
2026-10-04T12:57:52.489598+00:00,186964277998125,101,ok,9.918,244d3e0b65f2033200cb000000008000e6,f2033200cb000000008000
2026-10-04T12:57:52.499860+00:00,186964288065083,106,ok,10.117,244d3e126a00000000000000000000efff000000000f2740,00000000000000000000efff000000000f27
2026-10-04T12:57:52.509599+00:00,186964298298791,107,ok,9.618,244d3e056b00000000016f,0000000001
2026-10-04T12:57:52.519714+00:00,186964308044541,108,ok,9.987,244d3e066c7d00d6ff00003e,7d00d6ff0000
2026-10-04T12:57:52.530320+00:00,186964318222166,109,ok,10.413,244d3e0a6d0000000000000100000066,00000000000001000000
2026-10-04T12:57:52.539653+00:00,186964328852958,110,ok,9.119,244d3e076e97000000000000fe,97000000000000
2026-10-04T12:57:52.549698+00:00,186964338109750,118,ok,9.902,244d3e15760004000000000000000000000000000000000000a5c2,0004000000000000000000000000000000000000a5
2026-10-04T12:57:52.559980+00:00,186964348175250,120,ok,10.125,244d3efc78e803d007dc05640000ff00000000e803d007dc05640000ff00000000e803d007dc05640000ff00000000e803d007dc05640000ff00000000e803d007dc05640000ff00000000e803d007dc05640000ff00000000e803d007dc05640000ff00000000e803d007dc05640000ff00000000e803d007dc05640000ff00000000e803d007dc05640000ff00000000e803d007dc05640000ff00000000e803d007dc05640000ff00000000e803d007dc05640000ff00000000e803d007dc05640000ff00000000e803d007dc05640000ff00000000e803d007dc05640000ff00000000e803d007dc05640000ff00000000e803d007dc05640000ff0000000084,e803d007dc05640000ff00000000e803d007dc05640000ff00000000e803d007dc05640000ff00000000e803d007dc05640000ff00000000e803d007dc05640000ff00000000e803d007dc05640000ff00000000e803d007dc05640000ff00000000e803d007dc05640000ff00000000e803d007dc05640000ff00000000e803d007dc05640000ff00000000e803d007dc05640000ff00000000e803d007dc05640000ff00000000e803d007dc05640000ff00000000e803d007dc05640000ff00000000e803d007dc05640000ff00000000e803d007dc05640000ff00000000e803d007dc05640000ff00000000e803d007dc05640000ff00000000
2026-10-04T12:57:52.569737+00:00,186964358435541,151,ok,9.615,244d3e09970101010001010001009e,010101000101000100
2026-10-04T12:57:52.579793+00:00,186964368312125,166,ok,9.801,244d3e15a68c000100000000000000ad0200000f270f270f274af3,8c000100000000000000ad0200000f270f270f274a
2026-10-04T12:57:53.453754+00:00,186965245847708,1,ok,6.228,244d3e030100020505,000205
2026-10-04T12:57:53.463790+00:00,186965252182583,2,ok,9.928,244d3e0402494e415616,494e4156
2026-10-04T12:57:53.473787+00:00,186965262259875,3,ok,9.852,244d3e030309010008,090100
2026-10-04T12:57:53.483899+00:00,186965272218916,4,ok,10.001,244d3e18044d373241000002010f4d414d4241463732325f323032324136,4d373241000002010f4d414d4241463732325f3230323241
2026-10-04T12:57:53.493868+00:00,186965282337666,101,ok,9.851,244d3e0b65ee033200cb000000008000fa,ee033200cb000000008000
2026-10-04T12:57:53.504651+00:00,186965292319916,106,ok,10.642,244d3e126a00000000000000000000efff000000000f2740,00000000000000000000efff000000000f27
2026-10-04T12:57:53.514254+00:00,186965303229750,107,ok,9.324,244d3e056b00000000016f,0000000001
2026-10-04T12:57:53.524282+00:00,186965312704750,108,ok,9.899,244d3e066c7d00d6ff00003e,7d00d6ff0000
2026-10-04T12:57:53.534242+00:00,186965322733708,109,ok,9.831,244d3e0a6d0000000000000100000066,00000000000001000000
2026-10-04T12:57:53.544198+00:00,186965332676666,110,ok,9.847,244d3e076e97000000000000fe,97000000000000
2026-10-04T12:57:53.554298+00:00,186965342612708,118,ok,10.010,244d3e15760004000000000000000000000000000000000000a5c2,0004000000000000000000000000000000000000a5
2026-10-04T12:57:53.564759+00:00,186965352757791,120,ok,10.316,244d3efc78e803d007dc05640000ff00000000e803d007dc05640000ff00000000e803d007dc05640000ff00000000e803d007dc05640000ff00000000e803d007dc05640000ff00000000e803d007dc05640000ff00000000e803d007dc05640000ff00000000e803d007dc05640000ff00000000e803d007dc05640000ff00000000e803d007dc05640000ff00000000e803d007dc05640000ff00000000e803d007dc05640000ff00000000e803d007dc05640000ff00000000e803d007dc05640000ff00000000e803d007dc05640000ff00000000e803d007dc05640000ff00000000e803d007dc05640000ff00000000e803d007dc05640000ff0000000084,e803d007dc05640000ff00000000e803d007dc05640000ff00000000e803d007dc05640000ff00000000e803d007dc05640000ff00000000e803d007dc05640000ff00000000e803d007dc05640000ff00000000e803d007dc05640000ff00000000e803d007dc05640000ff00000000e803d007dc05640000ff00000000e803d007dc05640000ff00000000e803d007dc05640000ff00000000e803d007dc05640000ff00000000e803d007dc05640000ff00000000e803d007dc05640000ff00000000e803d007dc05640000ff00000000e803d007dc05640000ff00000000e803d007dc05640000ff00000000e803d007dc05640000ff00000000
2026-10-04T12:57:53.574265+00:00,186965363257666,151,ok,9.332,244d3e09970101010001010001009e,010101000101000100
2026-10-04T12:57:53.584318+00:00,186965372664833,166,ok,9.977,244d3e15a68d000100000000000000be0200000f270f270f274ae1,8d000100000000000000be0200000f270f270f274a
2026-10-04T12:57:54.458380+00:00,186966249805708,1,ok,6.897,244d3e030100020505,000205
2026-10-04T12:57:54.468439+00:00,186966256799708,2,ok,9.963,244d3e0402494e415616,494e4156
2026-10-04T12:57:54.478447+00:00,186966266855791,3,ok,9.915,244d3e030309010008,090100
2026-10-04T12:57:54.488527+00:00,186966276870291,4,ok,9.980,244d3e18044d373241000002010f4d414d4241463732325f323032324136,4d373241000002010f4d414d4241463732325f3230323241
2026-10-04T12:57:54.498548+00:00,186966287007208,101,ok,9.858,244d3e0b6500043200cb00000000800013,00043200cb000000008000
2026-10-04T12:57:54.508477+00:00,186966297014958,106,ok,9.785,244d3e126a00000000000000000000efff000000000f2740,00000000000000000000efff000000000f27
2026-10-04T12:57:54.518498+00:00,186966306916833,107,ok,9.904,244d3e056b00000000016f,0000000001
2026-10-04T12:57:54.528522+00:00,186966316920916,108,ok,9.920,244d3e066c7c00d6ff00003f,7c00d6ff0000
2026-10-04T12:57:54.539103+00:00,186966326954541,109,ok,10.336,244d3e0a6d0000000000000a0000006d,0000000000000a000000
2026-10-04T12:57:54.549076+00:00,186966337888166,110,ok,9.501,244d3e076e97000000000000fe,97000000000000
2026-10-04T12:57:54.559000+00:00,186966347567583,118,ok,9.749,244d3e15760004000000000000000000000000000000000000a5c2,0004000000000000000000000000000000000000a5
2026-10-04T12:57:54.569169+00:00,186966357471916,120,ok,10.018,244d3efc78e803d007dc05640000ff00000000e803d007dc05640000ff00000000e803d007dc05640000ff00000000e803d007dc05640000ff00000000e803d007dc05640000ff00000000e803d007dc05640000ff00000000e803d007dc05640000ff00000000e803d007dc05640000ff00000000e803d007dc05640000ff00000000e803d007dc05640000ff00000000e803d007dc05640000ff00000000e803d007dc05640000ff00000000e803d007dc05640000ff00000000e803d007dc05640000ff00000000e803d007dc05640000ff00000000e803d007dc05640000ff00000000e803d007dc05640000ff00000000e803d007dc05640000ff0000000084,e803d007dc05640000ff00000000e803d007dc05640000ff00000000e803d007dc05640000ff00000000e803d007dc05640000ff00000000e803d007dc05640000ff00000000e803d007dc05640000ff00000000e803d007dc05640000ff00000000e803d007dc05640000ff00000000e803d007dc05640000ff00000000e803d007dc05640000ff00000000e803d007dc05640000ff00000000e803d007dc05640000ff00000000e803d007dc05640000ff00000000e803d007dc05640000ff00000000e803d007dc05640000ff00000000e803d007dc05640000ff00000000e803d007dc05640000ff00000000e803d007dc05640000ff00000000
2026-10-04T12:57:54.579376+00:00,186966367672250,151,ok,10.021,244d3e09970101010001010001009e,010101000101000100
2026-10-04T12:57:54.589264+00:00,186966377867583,166,ok,9.718,244d3e15a678000100000000000000ce0200000f270f270f274a64,78000100000000000000ce0200000f270f270f274a
2026-10-04T12:57:55.462497+00:00,186967254178291,1,ok,6.646,244d3e030100020505,000205
2026-10-04T12:57:55.472565+00:00,186967260910708,2,ok,9.980,244d3e0402494e415616,494e4156
2026-10-04T12:57:55.482860+00:00,186967271003875,3,ok,10.177,244d3e030309010008,090100
2026-10-04T12:57:55.492578+00:00,186967281376958,4,ok,9.522,244d3e18044d373241000002010f4d414d4241463732325f323032324136,4d373241000002010f4d414d4241463732325f3230323241
2026-10-04T12:57:55.502618+00:00,186967291038375,101,ok,9.897,244d3e0b6502043200cb00000000800011,02043200cb000000008000
2026-10-04T12:57:55.512674+00:00,186967301095833,106,ok,9.888,244d3e126a00000000000000000000efff000000000f2740,00000000000000000000efff000000000f27
2026-10-04T12:57:55.522889+00:00,186967311244958,107,ok,9.968,244d3e056b00000000016f,0000000001
2026-10-04T12:57:55.533063+00:00,186967321323250,108,ok,10.061,244d3e066c7c00d6ff00003f,7c00d6ff0000
2026-10-04T12:57:55.542725+00:00,186967331547208,109,ok,9.501,244d3e0a6d0000000000000100000066,00000000000001000000
2026-10-04T12:57:55.552716+00:00,186967341149666,110,ok,9.886,244d3e076e97000000000000fe,97000000000000
2026-10-04T12:57:55.562617+00:00,186967351191833,118,ok,9.747,244d3e15760004000000000000000000000000000000000000a5c2,0004000000000000000000000000000000000000a5
2026-10-04T12:57:55.573166+00:00,186967361074166,120,ok,10.407,244d3efc78e803d007dc05640000ff00000000e803d007dc05640000ff00000000e803d007dc05640000ff00000000e803d007dc05640000ff00000000e803d007dc05640000ff00000000e803d007dc05640000ff00000000e803d007dc05640000ff00000000e803d007dc05640000ff00000000e803d007dc05640000ff00000000e803d007dc05640000ff00000000e803d007dc05640000ff00000000e803d007dc05640000ff00000000e803d007dc05640000ff00000000e803d007dc05640000ff00000000e803d007dc05640000ff00000000e803d007dc05640000ff00000000e803d007dc05640000ff00000000e803d007dc05640000ff0000000084,e803d007dc05640000ff00000000e803d007dc05640000ff00000000e803d007dc05640000ff00000000e803d007dc05640000ff00000000e803d007dc05640000ff00000000e803d007dc05640000ff00000000e803d007dc05640000ff00000000e803d007dc05640000ff00000000e803d007dc05640000ff00000000e803d007dc05640000ff00000000e803d007dc05640000ff00000000e803d007dc05640000ff00000000e803d007dc05640000ff00000000e803d007dc05640000ff00000000e803d007dc05640000ff00000000e803d007dc05640000ff00000000e803d007dc05640000ff00000000e803d007dc05640000ff00000000
2026-10-04T12:57:55.582735+00:00,186967371777958,151,ok,9.279,244d3e09970101010001010001009e,010101000101000100
2026-10-04T12:57:55.592696+00:00,186967381184125,166,ok,9.836,244d3e15a679000100000000000000de0200000f270f270f274a75,79000100000000000000de0200000f270f270f274a
2026-10-04T12:57:56.466071+00:00,186968259135583,1,ok,5.257,244d3e030100020505,000205
2026-10-04T12:57:56.476140+00:00,186968264539666,2,ok,9.926,244d3e0402494e415616,494e4156
2026-10-04T12:57:56.486190+00:00,186968274613333,3,ok,9.900,244d3e030309010008,090100
2026-10-04T12:57:56.496309+00:00,186968284656666,4,ok,9.976,244d3e18044d373241000002010f4d414d4241463732325f323032324136,4d373241000002010f4d414d4241463732325f3230323241
2026-10-04T12:57:56.506262+00:00,186968294797583,101,ok,9.792,244d3e0b65f8033200cb000000008000ec,f8033200cb000000008000
2026-10-04T12:57:56.516230+00:00,186968304743083,106,ok,9.809,244d3e126a00000000000000000000efff000000000f2740,00000000000000000000efff000000000f27
2026-10-04T12:57:56.526196+00:00,186968314697500,107,ok,9.826,244d3e056b00000000016f,0000000001
2026-10-04T12:57:56.536306+00:00,186968324634541,108,ok,10.000,244d3e066c7c00d6ff00003f,7c00d6ff0000
2026-10-04T12:57:56.546319+00:00,186968334743791,109,ok,9.900,244d3e0a6d0000000000000a0000006d,0000000000000a000000
2026-10-04T12:57:56.556539+00:00,186968344754583,110,ok,10.109,244d3e076e97000000000000fe,97000000000000
2026-10-04T12:57:56.566304+00:00,186968354982833,118,ok,9.648,244d3e15760004000000000000000000000000000000000000a5c2,0004000000000000000000000000000000000000a5
2026-10-04T12:57:56.576618+00:00,186968364752416,120,ok,10.189,244d3efc78e803d007dc05640000ff00000000e803d007dc05640000ff00000000e803d007dc05640000ff00000000e803d007dc05640000ff00000000e803d007dc05640000ff00000000e803d007dc05640000ff00000000e803d007dc05640000ff00000000e803d007dc05640000ff00000000e803d007dc05640000ff00000000e803d007dc05640000ff00000000e803d007dc05640000ff00000000e803d007dc05640000ff00000000e803d007dc05640000ff00000000e803d007dc05640000ff00000000e803d007dc05640000ff00000000e803d007dc05640000ff00000000e803d007dc05640000ff00000000e803d007dc05640000ff0000000084,e803d007dc05640000ff00000000e803d007dc05640000ff00000000e803d007dc05640000ff00000000e803d007dc05640000ff00000000e803d007dc05640000ff00000000e803d007dc05640000ff00000000e803d007dc05640000ff00000000e803d007dc05640000ff00000000e803d007dc05640000ff00000000e803d007dc05640000ff00000000e803d007dc05640000ff00000000e803d007dc05640000ff00000000e803d007dc05640000ff00000000e803d007dc05640000ff00000000e803d007dc05640000ff00000000e803d007dc05640000ff00000000e803d007dc05640000ff00000000e803d007dc05640000ff00000000
2026-10-04T12:57:56.586395+00:00,186968375137250,151,ok,9.583,244d3e09970101010001010001009e,010101000101000100
2026-10-04T12:57:56.596440+00:00,186968384837583,166,ok,9.930,244d3e15a679000100000000000000ee0200000f270f270f274a45,79000100000000000000ee0200000f270f270f274a
2026-10-04T12:57:57.469593+00:00,186969262659291,1,ok,5.257,244d3e030100020505,000205
2026-10-04T12:57:57.480021+00:00,186969268058375,2,ok,10.219,244d3e0402494e415616,494e4156
2026-10-04T12:57:57.489838+00:00,186969278574458,3,ok,9.591,244d3e030309010008,090100
2026-10-04T12:57:57.499857+00:00,186969288278666,4,ok,9.907,244d3e18044d373241000002010f4d414d4241463732325f323032324136,4d373241000002010f4d414d4241463732325f3230323241
2026-10-04T12:57:57.509920+00:00,186969298310416,101,ok,9.934,244d3e0b65fe033200cb000000008000ea,fe033200cb000000008000
2026-10-04T12:57:57.519953+00:00,186969308382416,106,ok,9.895,244d3e126a00000000000000000000efff000000000f2740,00000000000000000000efff000000000f27
2026-10-04T12:57:57.529976+00:00,186969318415500,107,ok,9.885,244d3e056b00000000016f,0000000001
2026-10-04T12:57:57.540119+00:00,186969328463541,108,ok,9.980,244d3e066c7c00d6ff00003f,7c00d6ff0000
2026-10-04T12:57:57.549981+00:00,186969338645583,109,ok,9.661,244d3e0a6d0000000000000a0000006d,0000000000000a000000
2026-10-04T12:57:57.560034+00:00,186969348429875,110,ok,9.928,244d3e076e97000000000000fe,97000000000000
2026-10-04T12:57:57.570129+00:00,186969358490500,118,ok,9.959,244d3e15760004000000000000000000000000000000000000a5c2,0004000000000000000000000000000000000000a5
2026-10-04T12:57:57.580366+00:00,186969368622958,120,ok,10.071,244d3efc78e803d007dc05640000ff00000000e803d007dc05640000ff00000000e803d007dc05640000ff00000000e803d007dc05640000ff00000000e803d007dc05640000ff00000000e803d007dc05640000ff00000000e803d007dc05640000ff00000000e803d007dc05640000ff00000000e803d007dc05640000ff00000000e803d007dc05640000ff00000000e803d007dc05640000ff00000000e803d007dc05640000ff00000000e803d007dc05640000ff00000000e803d007dc05640000ff00000000e803d007dc05640000ff00000000e803d007dc05640000ff00000000e803d007dc05640000ff00000000e803d007dc05640000ff0000000084,e803d007dc05640000ff00000000e803d007dc05640000ff00000000e803d007dc05640000ff00000000e803d007dc05640000ff00000000e803d007dc05640000ff00000000e803d007dc05640000ff00000000e803d007dc05640000ff00000000e803d007dc05640000ff00000000e803d007dc05640000ff00000000e803d007dc05640000ff00000000e803d007dc05640000ff00000000e803d007dc05640000ff00000000e803d007dc05640000ff00000000e803d007dc05640000ff00000000e803d007dc05640000ff00000000e803d007dc05640000ff00000000e803d007dc05640000ff00000000e803d007dc05640000ff00000000
2026-10-04T12:57:57.590161+00:00,186969379061916,151,ok,9.393,244d3e09970101010001010001009e,010101000101000100
2026-10-04T12:57:57.600081+00:00,186969388627041,166,ok,9.777,244d3e15a678000100000000000000fe0200000f270f270f274a54,78000100000000000000fe0200000f270f270f274a
2026-10-04T12:57:58.472640+00:00,186970266063041,1,ok,4.900,244d3e030100020505,000205
2026-10-04T12:57:58.482670+00:00,186970271102875,2,ok,9.891,244d3e0402494e415616,494e4156
2026-10-04T12:57:58.492711+00:00,186970281154625,3,ok,9.878,244d3e030309010008,090100
2026-10-04T12:57:58.502713+00:00,186970291179208,4,ok,9.859,244d3e18044d373241000002010f4d414d4241463732325f323032324136,4d373241000002010f4d414d4241463732325f3230323241
2026-10-04T12:57:58.513055+00:00,186970301164916,101,ok,10.216,244d3e0b65fd033200cb000000008000e9,fd033200cb000000008000
2026-10-04T12:57:58.523073+00:00,186970311516375,106,ok,9.879,244d3e126a00000000000000000000efff000000000f2740,00000000000000000000efff000000000f27
2026-10-04T12:57:58.532958+00:00,186970321538750,107,ok,9.753,244d3e056b00000000016f,0000000001
2026-10-04T12:57:58.543108+00:00,186970331364750,108,ok,10.064,244d3e066c7c00d6ff00003f,7c00d6ff0000
2026-10-04T12:57:58.553019+00:00,186970341592625,109,ok,9.757,244d3e0a6d0000000000000a0000006d,0000000000000a000000
2026-10-04T12:57:58.563592+00:00,186970351441250,110,ok,10.469,244d3e076e97000000000000fe,97000000000000
2026-10-04T12:57:58.573588+00:00,186970362134333,118,ok,9.782,244d3e15760004000000000000000000000000000000000000a5c2,0004000000000000000000000000000000000000a5
2026-10-04T12:57:58.584024+00:00,186970372050958,120,ok,10.301,244d3efc78e803d007dc05640000ff00000000e803d007dc05640000ff00000000e803d007dc05640000ff00000000e803d007dc05640000ff00000000e803d007dc05640000ff00000000e803d007dc05640000ff00000000e803d007dc05640000ff00000000e803d007dc05640000ff00000000e803d007dc05640000ff00000000e803d007dc05640000ff00000000e803d007dc05640000ff00000000e803d007dc05640000ff00000000e803d007dc05640000ff00000000e803d007dc05640000ff00000000e803d007dc05640000ff00000000e803d007dc05640000ff00000000e803d007dc05640000ff00000000e803d007dc05640000ff0000000084,e803d007dc05640000ff00000000e803d007dc05640000ff00000000e803d007dc05640000ff00000000e803d007dc05640000ff00000000e803d007dc05640000ff00000000e803d007dc05640000ff00000000e803d007dc05640000ff00000000e803d007dc05640000ff00000000e803d007dc05640000ff00000000e803d007dc05640000ff00000000e803d007dc05640000ff00000000e803d007dc05640000ff00000000e803d007dc05640000ff00000000e803d007dc05640000ff00000000e803d007dc05640000ff00000000e803d007dc05640000ff00000000e803d007dc05640000ff00000000e803d007dc05640000ff00000000
2026-10-04T12:57:58.593856+00:00,186970382547250,151,ok,9.633,244d3e09970101010001010001009e,010101000101000100
2026-10-04T12:57:58.603849+00:00,186970392480291,166,ok,9.694,244d3e15a6780001000000000000000f0300000f270f270f274aa4,780001000000000000000f0300000f270f270f274a
2026-10-04T12:57:59.476584+00:00,186971267627291,1,ok,7.290,244d3e030100020505,000205
2026-10-04T12:57:59.486555+00:00,186971275017875,2,ok,9.871,244d3e0402494e415616,494e4156
2026-10-04T12:57:59.496707+00:00,186971285058250,3,ok,9.968,244d3e030309010008,090100
2026-10-04T12:57:59.507065+00:00,186971295182000,4,ok,10.210,244d3e18044d373241000002010f4d414d4241463732325f323032324136,4d373241000002010f4d414d4241463732325f3230323241
2026-10-04T12:57:59.516931+00:00,186971305751375,101,ok,9.514,244d3e0b65fb033200cb000000008000ef,fb033200cb000000008000
2026-10-04T12:57:59.527021+00:00,186971315359583,106,ok,9.994,244d3e126a00000000000000000000efff000000000f2740,00000000000000000000efff000000000f27
2026-10-04T12:57:59.537316+00:00,186971325471958,107,ok,10.176,244d3e056b00000000016f,0000000001
2026-10-04T12:57:59.547387+00:00,186971335759916,108,ok,9.957,244d3e066c7c00d6ff00003f,7c00d6ff0000
2026-10-04T12:57:59.557733+00:00,186971345869291,109,ok,10.193,244d3e0a6d0000000000000a0000006d,0000000000000a000000
2026-10-04T12:57:59.567650+00:00,186971356195125,110,ok,9.788,244d3e076e97000000000000fe,97000000000000
2026-10-04T12:57:59.577887+00:00,186971366084583,118,ok,10.117,244d3e15760004000000000000000000000000000000000000a5c2,0004000000000000000000000000000000000000a5
2026-10-04T12:57:59.587984+00:00,186971376397166,120,ok,9.918,244d3efc78e803d007dc05640000ff00000000e803d007dc05640000ff00000000e803d007dc05640000ff00000000e803d007dc05640000ff00000000e803d007dc05640000ff00000000e803d007dc05640000ff00000000e803d007dc05640000ff00000000e803d007dc05640000ff00000000e803d007dc05640000ff00000000e803d007dc05640000ff00000000e803d007dc05640000ff00000000e803d007dc05640000ff00000000e803d007dc05640000ff00000000e803d007dc05640000ff00000000e803d007dc05640000ff00000000e803d007dc05640000ff00000000e803d007dc05640000ff00000000e803d007dc05640000ff0000000084,e803d007dc05640000ff00000000e803d007dc05640000ff00000000e803d007dc05640000ff00000000e803d007dc05640000ff00000000e803d007dc05640000ff00000000e803d007dc05640000ff00000000e803d007dc05640000ff00000000e803d007dc05640000ff00000000e803d007dc05640000ff00000000e803d007dc05640000ff00000000e803d007dc05640000ff00000000e803d007dc05640000ff00000000e803d007dc05640000ff00000000e803d007dc05640000ff00000000e803d007dc05640000ff00000000e803d007dc05640000ff00000000e803d007dc05640000ff00000000e803d007dc05640000ff00000000
2026-10-04T12:57:59.597848+00:00,186971386489041,151,ok,9.688,244d3e09970101010001010001009e,010101000101000100
2026-10-04T12:57:59.608168+00:00,186971397821125,166,ok,8.646,244d3e15a68c0001000000000000001f0300000f270f270f274a40,8c0001000000000000001f0300000f270f270f274a
2026-10-04T12:58:00.481841+00:00,186972270741500,1,ok,9.428,244d3e030100020505,000205
2026-10-04T12:58:00.491864+00:00,186972280368083,2,ok,9.827,244d3e0402494e415616,494e4156
2026-10-04T12:58:00.501893+00:00,186972290338041,3,ok,9.881,244d3e030309010008,090100
2026-10-04T12:58:00.512056+00:00,186972300383958,4,ok,10.001,244d3e18044d373241000002010f4d414d4241463732325f323032324136,4d373241000002010f4d414d4241463732325f3230323241
2026-10-04T12:58:00.521927+00:00,186972310569791,101,ok,9.687,244d3e0b65f4033200cb000000008000e0,f4033200cb000000008000
2026-10-04T12:58:00.531911+00:00,186972320415333,106,ok,9.829,244d3e126a00000000000000000000efff000000000f2740,00000000000000000000efff000000000f27
2026-10-04T12:58:00.541908+00:00,186972330409250,107,ok,9.833,244d3e056b00000000016f,0000000001
2026-10-04T12:58:00.551935+00:00,186972340377916,108,ok,9.889,244d3e066c7c00d6ff00003f,7c00d6ff0000
2026-10-04T12:58:00.561982+00:00,186972350401000,109,ok,9.913,244d3e0a6d0000000000000100000066,00000000000001000000
2026-10-04T12:58:00.572040+00:00,186972360455625,110,ok,9.910,244d3e076e97000000000000fe,97000000000000
2026-10-04T12:58:00.582038+00:00,186972370630583,118,ok,9.740,244d3e15760004000000000000000000000000000000000000a5c2,0004000000000000000000000000000000000000a5
2026-10-04T12:58:00.592219+00:00,186972380519958,120,ok,10.032,244d3efc78e803d007dc05640000ff00000000e803d007dc05640000ff00000000e803d007dc05640000ff00000000e803d007dc05640000ff00000000e803d007dc05640000ff00000000e803d007dc05640000ff00000000e803d007dc05640000ff00000000e803d007dc05640000ff00000000e803d007dc05640000ff00000000e803d007dc05640000ff00000000e803d007dc05640000ff00000000e803d007dc05640000ff00000000e803d007dc05640000ff00000000e803d007dc05640000ff00000000e803d007dc05640000ff00000000e803d007dc05640000ff00000000e803d007dc05640000ff00000000e803d007dc05640000ff0000000084,e803d007dc05640000ff00000000e803d007dc05640000ff00000000e803d007dc05640000ff00000000e803d007dc05640000ff00000000e803d007dc05640000ff00000000e803d007dc05640000ff00000000e803d007dc05640000ff00000000e803d007dc05640000ff00000000e803d007dc05640000ff00000000e803d007dc05640000ff00000000e803d007dc05640000ff00000000e803d007dc05640000ff00000000e803d007dc05640000ff00000000e803d007dc05640000ff00000000e803d007dc05640000ff00000000e803d007dc05640000ff00000000e803d007dc05640000ff00000000e803d007dc05640000ff00000000
2026-10-04T12:58:00.602139+00:00,186972390678916,151,ok,9.788,244d3e09970101010001010001009e,010101000101000100
2026-10-04T12:58:00.612156+00:00,186972400635541,166,ok,9.852,244d3e15a68c0001000000000000002f0300000f270f270f274a70,8c0001000000000000002f0300000f270f270f274a
2026-10-04T12:58:01.486747+00:00,186973275759250,1,ok,9.314,244d3e030100020505,000205
2026-10-04T12:58:01.496752+00:00,186973285219875,2,ok,9.865,244d3e0402494e415616,494e4156
2026-10-04T12:58:01.506805+00:00,186973295265000,3,ok,9.870,244d3e030309010008,090100
2026-10-04T12:58:01.516792+00:00,186973305311583,4,ok,9.815,244d3e18044d373241000002010f4d414d4241463732325f323032324136,4d373241000002010f4d414d4241463732325f3230323241
2026-10-04T12:58:01.526761+00:00,186973315275666,101,ok,9.822,244d3e0b6508043200cb0000000080001b,08043200cb000000008000
2026-10-04T12:58:01.537025+00:00,186973325207916,106,ok,10.149,244d3e126a00000000000000000000efff000000000f2740,00000000000000000000efff000000000f27
2026-10-04T12:58:01.546842+00:00,186973335522750,107,ok,9.653,244d3e056b00000000016f,0000000001
2026-10-04T12:58:01.556961+00:00,186973345292291,108,ok,9.999,244d3e066c7b00d6ff000038,7b00d6ff0000
2026-10-04T12:58:01.566896+00:00,186973355451875,109,ok,9.777,244d3e0a6d0000000000000100000066,00000000000001000000
2026-10-04T12:58:01.576929+00:00,186973365357041,110,ok,9.904,244d3e076e97000000000000fe,97000000000000
2026-10-04T12:58:01.586981+00:00,186973375393208,118,ok,9.920,244d3e15760004000000000000000000000000000000000000a5c2,0004000000000000000000000000000000000000a5
2026-10-04T12:58:01.597311+00:00,186973385436291,120,ok,10.208,244d3efc78e803d007dc05640000ff00000000e803d007dc05640000ff00000000e803d007dc05640000ff00000000e803d007dc05640000ff00000000e803d007dc05640000ff00000000e803d007dc05640000ff00000000e803d007dc05640000ff00000000e803d007dc05640000ff00000000e803d007dc05640000ff00000000e803d007dc05640000ff00000000e803d007dc05640000ff00000000e803d007dc05640000ff00000000e803d007dc05640000ff00000000e803d007dc05640000ff00000000e803d007dc05640000ff00000000e803d007dc05640000ff00000000e803d007dc05640000ff00000000e803d007dc05640000ff0000000084,e803d007dc05640000ff00000000e803d007dc05640000ff00000000e803d007dc05640000ff00000000e803d007dc05640000ff00000000e803d007dc05640000ff00000000e803d007dc05640000ff00000000e803d007dc05640000ff00000000e803d007dc05640000ff00000000e803d007dc05640000ff00000000e803d007dc05640000ff00000000e803d007dc05640000ff00000000e803d007dc05640000ff00000000e803d007dc05640000ff00000000e803d007dc05640000ff00000000e803d007dc05640000ff00000000e803d007dc05640000ff00000000e803d007dc05640000ff00000000e803d007dc05640000ff00000000
2026-10-04T12:58:01.606971+00:00,186973398202375,151,ok,7.105,244d3e09970101010001010001009e,010101000101000100
2026-10-04T12:58:01.617059+00:00,186973405432708,166,ok,9.962,244d3e15a6780001000000000000003f0300000f270f270f274a94,780001000000000000003f0300000f270f270f274a
2026-10-04T12:58:02.489324+00:00,186974280796500,1,ok,6.860,244d3e030100020505,000205
2026-10-04T12:58:02.499262+00:00,186974287848666,2,ok,9.750,244d3e0402494e415616,494e4156
2026-10-04T12:58:02.509249+00:00,186974297695958,3,ok,9.889,244d3e030309010008,090100
2026-10-04T12:58:02.519246+00:00,186974307712166,4,ok,9.871,244d3e18044d373241000002010f4d414d4241463732325f323032324136,4d373241000002010f4d414d4241463732325f3230323241
2026-10-04T12:58:02.529404+00:00,186974317680291,101,ok,10.057,244d3e0b65ea033200cb000000008000fe,ea033200cb000000008000
2026-10-04T12:58:02.539374+00:00,186974327914291,106,ok,9.787,244d3e126a00000000000000000000efff000000000f2740,00000000000000000000efff000000000f27
2026-10-04T12:58:02.549338+00:00,186974337876625,107,ok,9.796,244d3e056b00000000016f,0000000001
2026-10-04T12:58:02.559392+00:00,186974347801250,108,ok,9.922,244d3e066c7b00d6ff000038,7b00d6ff0000
2026-10-04T12:58:02.570077+00:00,186974357887666,109,ok,10.523,244d3e0a6d0000000000000a0000006d,0000000000000a000000
2026-10-04T12:58:02.579680+00:00,186974368568583,110,ok,9.448,244d3e076e97000000000000fe,97000000000000
2026-10-04T12:58:02.589731+00:00,186974378141291,118,ok,9.927,244d3e15760004000000000000000000000000000000000000a5c2,0004000000000000000000000000000000000000a5
2026-10-04T12:58:02.600072+00:00,186974388183791,120,ok,10.222,244d3efc78e803d007dc05640000ff00000000e803d007dc05640000ff00000000e803d007dc05640000ff00000000e803d007dc05640000ff00000000e803d007dc05640000ff00000000e803d007dc05640000ff00000000e803d007dc05640000ff00000000e803d007dc05640000ff00000000e803d007dc05640000ff00000000e803d007dc05640000ff00000000e803d007dc05640000ff00000000e803d007dc05640000ff00000000e803d007dc05640000ff00000000e803d007dc05640000ff00000000e803d007dc05640000ff00000000e803d007dc05640000ff00000000e803d007dc05640000ff00000000e803d007dc05640000ff0000000084,e803d007dc05640000ff00000000e803d007dc05640000ff00000000e803d007dc05640000ff00000000e803d007dc05640000ff00000000e803d007dc05640000ff00000000e803d007dc05640000ff00000000e803d007dc05640000ff00000000e803d007dc05640000ff00000000e803d007dc05640000ff00000000e803d007dc05640000ff00000000e803d007dc05640000ff00000000e803d007dc05640000ff00000000e803d007dc05640000ff00000000e803d007dc05640000ff00000000e803d007dc05640000ff00000000e803d007dc05640000ff00000000e803d007dc05640000ff00000000e803d007dc05640000ff00000000
2026-10-04T12:58:02.609801+00:00,186974398567625,151,ok,9.569,244d3e09970101010001010001009e,010101000101000100
2026-10-04T12:58:02.619892+00:00,186974408256208,166,ok,9.966,244d3e15a6780001000000000000004f0300000f270f270f274ae4,780001000000000000004f0300000f270f270f274a
2026-10-04T12:58:03.494566+00:00,186975285987333,1,ok,6.905,244d3e030100020505,000205
2026-10-04T12:58:03.504477+00:00,186975293095791,2,ok,9.716,244d3e0402494e415616,494e4156
2026-10-04T12:58:03.514542+00:00,186975302973541,3,ok,9.900,244d3e030309010008,090100
2026-10-04T12:58:03.524849+00:00,186975313030125,4,ok,10.153,244d3e18044d373241000002010f4d414d4241463732325f323032324136,4d373241000002010f4d414d4241463732325f3230323241
2026-10-04T12:58:03.534478+00:00,186975323373833,101,ok,9.443,244d3e0b65f2033200cb000000008000e6,f2033200cb000000008000
2026-10-04T12:58:03.544588+00:00,186975332916166,106,ok,10.005,244d3e126a00000000000000000000efff000000000f2740,00000000000000000000efff000000000f27
2026-10-04T12:58:03.554557+00:00,186975343085416,107,ok,9.808,244d3e056b00000000016f,0000000001
2026-10-04T12:58:03.564681+00:00,186975353095250,108,ok,9.916,244d3e066c7b00d6ff000038,7b00d6ff0000
2026-10-04T12:58:03.574579+00:00,186975363196625,109,ok,9.722,244d3e0a6d0000000000000a0000006d,0000000000000a000000
2026-10-04T12:58:03.584675+00:00,186975373038500,110,ok,9.971,244d3e076e97000000000000fe,97000000000000
2026-10-04T12:58:03.594700+00:00,186975383171041,118,ok,9.861,244d3e15760004000000000000000000000000000000000000a5c2,0004000000000000000000000000000000000000a5
2026-10-04T12:58:03.604823+00:00,186975393203791,120,ok,9.957,244d3efc78e803d007dc05640000ff00000000e803d007dc05640000ff00000000e803d007dc05640000ff00000000e803d007dc05640000ff00000000e803d007dc05640000ff00000000e803d007dc05640000ff00000000e803d007dc05640000ff00000000e803d007dc05640000ff00000000e803d007dc05640000ff00000000e803d007dc05640000ff00000000e803d007dc05640000ff00000000e803d007dc05640000ff00000000e803d007dc05640000ff00000000e803d007dc05640000ff00000000e803d007dc05640000ff00000000e803d007dc05640000ff00000000e803d007dc05640000ff00000000e803d007dc05640000ff0000000084,e803d007dc05640000ff00000000e803d007dc05640000ff00000000e803d007dc05640000ff00000000e803d007dc05640000ff00000000e803d007dc05640000ff00000000e803d007dc05640000ff00000000e803d007dc05640000ff00000000e803d007dc05640000ff00000000e803d007dc05640000ff00000000e803d007dc05640000ff00000000e803d007dc05640000ff00000000e803d007dc05640000ff00000000e803d007dc05640000ff00000000e803d007dc05640000ff00000000e803d007dc05640000ff00000000e803d007dc05640000ff00000000e803d007dc05640000ff00000000e803d007dc05640000ff00000000
2026-10-04T12:58:03.614721+00:00,186975403334916,151,ok,9.722,244d3e09970101010001010001009e,010101000101000100
2026-10-04T12:58:03.625325+00:00,186975413220416,166,ok,10.444,244d3e15a678000100000000000000600300000f270f270f274acb,78000100000000000000600300000f270f270f274a
2026-10-04T12:58:04.497215+00:00,186976287561583,1,ok,7.990,244d3e030100020505,000205
2026-10-04T12:58:04.507298+00:00,186976295710166,2,ok,9.924,244d3e0402494e415616,494e4156
2026-10-04T12:58:04.517272+00:00,186976305772750,3,ok,9.827,244d3e030309010008,090100
2026-10-04T12:58:04.527328+00:00,186976315773875,4,ok,9.888,244d3e18044d373241000002010f4d414d4241463732325f323032324136,4d373241000002010f4d414d4241463732325f3230323241
2026-10-04T12:58:04.537384+00:00,186976325816916,101,ok,9.902,244d3e0b65f9033200cb000000008000ed,f9033200cb000000008000
2026-10-04T12:58:04.547390+00:00,186976335902916,106,ok,9.822,244d3e126a00000000000000000000efff000000000f2740,00000000000000000000efff000000000f27
2026-10-04T12:58:04.557458+00:00,186976345878541,107,ok,9.919,244d3e056b00000000016f,0000000001
2026-10-04T12:58:04.567413+00:00,186976355911500,108,ok,9.842,244d3e066c7b00d6ff000038,7b00d6ff0000
2026-10-04T12:58:04.577473+00:00,186976365874916,109,ok,9.935,244d3e0a6d0000000000000100000066,00000000000001000000
2026-10-04T12:58:04.587515+00:00,186976375933416,110,ok,9.918,244d3e076e97000000000000fe,97000000000000
2026-10-04T12:58:04.598337+00:00,186976386024750,118,ok,10.650,244d3e15760004000000000000000000000000000000000000a5c2,0004000000000000000000000000000000000000a5
2026-10-04T12:58:04.607864+00:00,186976396880666,120,ok,9.321,244d3efc78e803d007dc05640000ff00000000e803d007dc05640000ff00000000e803d007dc05640000ff00000000e803d007dc05640000ff00000000e803d007dc05640000ff00000000e803d007dc05640000ff00000000e803d007dc05640000ff00000000e803d007dc05640000ff00000000e803d007dc05640000ff00000000e803d007dc05640000ff00000000e803d007dc05640000ff00000000e803d007dc05640000ff00000000e803d007dc05640000ff00000000e803d007dc05640000ff00000000e803d007dc05640000ff00000000e803d007dc05640000ff00000000e803d007dc05640000ff00000000e803d007dc05640000ff0000000084,e803d007dc05640000ff00000000e803d007dc05640000ff00000000e803d007dc05640000ff00000000e803d007dc05640000ff00000000e803d007dc05640000ff00000000e803d007dc05640000ff00000000e803d007dc05640000ff00000000e803d007dc05640000ff00000000e803d007dc05640000ff00000000e803d007dc05640000ff00000000e803d007dc05640000ff00000000e803d007dc05640000ff00000000e803d007dc05640000ff00000000e803d007dc05640000ff00000000e803d007dc05640000ff00000000e803d007dc05640000ff00000000e803d007dc05640000ff00000000e803d007dc05640000ff00000000
2026-10-04T12:58:04.617456+00:00,186976406357666,151,ok,9.435,244d3e09970101010001010001009e,010101000101000100
2026-10-04T12:58:04.627552+00:00,186976415964625,166,ok,9.924,244d3e15a678000100000000000000700300000f270f270f274adb,78000100000000000000700300000f270f270f274a
2026-10-04T12:58:05.501481+00:00,186977292337208,1,ok,7.486,244d3e030100020505,000205
2026-10-04T12:58:05.511643+00:00,186977299946458,2,ok,10.033,244d3e0402494e415616,494e4156
2026-10-04T12:58:05.521527+00:00,186977310167500,3,ok,9.702,244d3e030309010008,090100
2026-10-04T12:58:05.531655+00:00,186977319983208,4,ok,10.011,244d3e18044d373241000002010f4d414d4241463732325f323032324136,4d373241000002010f4d414d4241463732325f3230323241
2026-10-04T12:58:05.541561+00:00,186977330105166,101,ok,9.798,244d3e0b65f8033200cb000000008000ec,f8033200cb000000008000
2026-10-04T12:58:05.551594+00:00,186977340006166,106,ok,9.930,244d3e126a00000000000000000000efff000000000f2740,00000000000000000000efff000000000f27
2026-10-04T12:58:05.561701+00:00,186977350049416,107,ok,9.990,244d3e056b00000000016f,0000000001
2026-10-04T12:58:05.571791+00:00,186977360191541,108,ok,9.935,244d3e066c7b00d6ff000038,7b00d6ff0000
2026-10-04T12:58:05.582049+00:00,186977370342166,109,ok,10.045,244d3e0a6d0000000000000a0000006d,0000000000000a000000
2026-10-04T12:58:05.592095+00:00,186977380654291,110,ok,9.717,244d3e076e97000000000000fe,97000000000000
2026-10-04T12:58:05.602063+00:00,186977390613000,118,ok,9.788,244d3e15760004000000000000000000000000000000000000a5c2,0004000000000000000000000000000000000000a5
2026-10-04T12:58:05.612351+00:00,186977400553625,120,ok,10.133,244d3efc78e803d007dc05640000ff00000000e803d007dc05640000ff00000000e803d007dc05640000ff00000000e803d007dc05640000ff00000000e803d007dc05640000ff00000000e803d007dc05640000ff00000000e803d007dc05640000ff00000000e803d007dc05640000ff00000000e803d007dc05640000ff00000000e803d007dc05640000ff00000000e803d007dc05640000ff00000000e803d007dc05640000ff00000000e803d007dc05640000ff00000000e803d007dc05640000ff00000000e803d007dc05640000ff00000000e803d007dc05640000ff00000000e803d007dc05640000ff00000000e803d007dc05640000ff0000000084,e803d007dc05640000ff00000000e803d007dc05640000ff00000000e803d007dc05640000ff00000000e803d007dc05640000ff00000000e803d007dc05640000ff00000000e803d007dc05640000ff00000000e803d007dc05640000ff00000000e803d007dc05640000ff00000000e803d007dc05640000ff00000000e803d007dc05640000ff00000000e803d007dc05640000ff00000000e803d007dc05640000ff00000000e803d007dc05640000ff00000000e803d007dc05640000ff00000000e803d007dc05640000ff00000000e803d007dc05640000ff00000000e803d007dc05640000ff00000000e803d007dc05640000ff00000000
2026-10-04T12:58:05.622116+00:00,186977410897541,151,ok,9.556,244d3e09970101010001010001009e,010101000101000100
2026-10-04T12:58:05.632860+00:00,186977420656333,166,ok,10.547,244d3e15a679000100000000000000800300000f270f270f274a2a,79000100000000000000800300000f270f270f274a
2026-10-04T12:58:06.504696+00:00,186978295499083,1,ok,7.534,244d3e030100020505,000205
2026-10-04T12:58:06.514753+00:00,186978303279291,2,ok,9.810,244d3e0402494e415616,494e4156
2026-10-04T12:58:06.524645+00:00,186978313254833,3,ok,9.732,244d3e030309010008,090100
2026-10-04T12:58:06.534702+00:00,186978323106416,4,ok,9.936,244d3e18044d373241000002010f4d414d4241463732325f323032324136,4d373241000002010f4d414d4241463732325f3230323241
2026-10-04T12:58:06.544814+00:00,186978333183833,101,ok,9.962,244d3e0b65f3033200cb000000008000e7,f3033200cb000000008000
2026-10-04T12:58:06.554793+00:00,186978343337541,106,ok,9.793,244d3e126a00000000000000000000efff000000000f2740,00000000000000000000efff000000000f27
2026-10-04T12:58:06.564862+00:00,186978353312666,107,ok,9.877,244d3e056b00000000016f,0000000001
2026-10-04T12:58:06.574808+00:00,186978363404291,108,ok,9.744,244d3e066c7b00d6ff000038,7b00d6ff0000
2026-10-04T12:58:06.584820+00:00,186978373355458,109,ok,9.804,244d3e0a6d0000000000000a0000006d,0000000000000a000000
2026-10-04T12:58:06.594765+00:00,186978383302291,110,ok,9.801,244d3e076e97000000000000fe,97000000000000
2026-10-04T12:58:06.604956+00:00,186978393213083,118,ok,10.080,244d3e15760004000000000000000000000000000000000000a5c2,0004000000000000000000000000000000000000a5
2026-10-04T12:58:06.615143+00:00,186978403457416,120,ok,10.020,244d3efc78e803d007dc05640000ff00000000e803d007dc05640000ff00000000e803d007dc05640000ff00000000e803d007dc05640000ff00000000e803d007dc05640000ff00000000e803d007dc05640000ff00000000e803d007dc05640000ff00000000e803d007dc05640000ff00000000e803d007dc05640000ff00000000e803d007dc05640000ff00000000e803d007dc05640000ff00000000e803d007dc05640000ff00000000e803d007dc05640000ff00000000e803d007dc05640000ff00000000e803d007dc05640000ff00000000e803d007dc05640000ff00000000e803d007dc05640000ff00000000e803d007dc05640000ff0000000084,e803d007dc05640000ff00000000e803d007dc05640000ff00000000e803d007dc05640000ff00000000e803d007dc05640000ff00000000e803d007dc05640000ff00000000e803d007dc05640000ff00000000e803d007dc05640000ff00000000e803d007dc05640000ff00000000e803d007dc05640000ff00000000e803d007dc05640000ff00000000e803d007dc05640000ff00000000e803d007dc05640000ff00000000e803d007dc05640000ff00000000e803d007dc05640000ff00000000e803d007dc05640000ff00000000e803d007dc05640000ff00000000e803d007dc05640000ff00000000e803d007dc05640000ff00000000
2026-10-04T12:58:06.624902+00:00,186978413688416,151,ok,9.549,244d3e09970101010001010001009e,010101000101000100
2026-10-04T12:58:06.634896+00:00,186978423426416,166,ok,9.815,244d3e15a68d000100000000000000900300000f270f270f274ace,8d000100000000000000900300000f270f270f274a
2026-10-04T12:58:07.507943+00:00,186979300515208,1,ok,5.730,244d3e030100020505,000205
2026-10-04T12:58:07.517631+00:00,186979306431500,2,ok,9.540,244d3e0402494e415616,494e4156
2026-10-04T12:58:07.527424+00:00,186979316142125,3,ok,9.623,244d3e030309010008,090100
2026-10-04T12:58:07.537509+00:00,186979325875583,4,ok,9.973,244d3e18044d373241000002010f4d414d4241463732325f323032324136,4d373241000002010f4d414d4241463732325f3230323241
2026-10-04T12:58:07.547564+00:00,186979336020125,101,ok,9.881,244d3e0b65ef033200cb000000008000fb,ef033200cb000000008000
2026-10-04T12:58:07.557838+00:00,186979346086875,106,ok,10.090,244d3e126a00000000000000000000efff000000000f2740,00000000000000000000efff000000000f27
2026-10-04T12:58:07.567878+00:00,186979356328583,107,ok,9.889,244d3e056b00000000016f,0000000001
2026-10-04T12:58:07.577910+00:00,186979366363750,108,ok,9.886,244d3e066c7b00d6ff000038,7b00d6ff0000
2026-10-04T12:58:07.588328+00:00,186979376411791,109,ok,10.256,244d3e0a6d0000000000000100000066,00000000000001000000
2026-10-04T12:58:07.598397+00:00,186979386857916,110,ok,9.849,244d3e076e97000000000000fe,97000000000000
2026-10-04T12:58:07.608238+00:00,186979396942500,118,ok,9.639,244d3e15760004000000000000000000000000000000000000a5c2,0004000000000000000000000000000000000000a5
2026-10-04T12:58:07.618455+00:00,186979406719500,120,ok,10.080,244d3efc78e803d007dc05640000ff00000000e803d007dc05640000ff00000000e803d007dc05640000ff00000000e803d007dc05640000ff00000000e803d007dc05640000ff00000000e803d007dc05640000ff00000000e803d007dc05640000ff00000000e803d007dc05640000ff00000000e803d007dc05640000ff00000000e803d007dc05640000ff00000000e803d007dc05640000ff00000000e803d007dc05640000ff00000000e803d007dc05640000ff00000000e803d007dc05640000ff00000000e803d007dc05640000ff00000000e803d007dc05640000ff00000000e803d007dc05640000ff00000000e803d007dc05640000ff0000000084,e803d007dc05640000ff00000000e803d007dc05640000ff00000000e803d007dc05640000ff00000000e803d007dc05640000ff00000000e803d007dc05640000ff00000000e803d007dc05640000ff00000000e803d007dc05640000ff00000000e803d007dc05640000ff00000000e803d007dc05640000ff00000000e803d007dc05640000ff00000000e803d007dc05640000ff00000000e803d007dc05640000ff00000000e803d007dc05640000ff00000000e803d007dc05640000ff00000000e803d007dc05640000ff00000000e803d007dc05640000ff00000000e803d007dc05640000ff00000000e803d007dc05640000ff00000000
2026-10-04T12:58:07.628293+00:00,186979416933208,151,ok,9.700,244d3e09970101010001010001009e,010101000101000100
2026-10-04T12:58:07.638268+00:00,186979426772708,166,ok,9.840,244d3e15a678000100000000000000a00300000f270f270f274a0b,78000100000000000000a00300000f270f270f274a
2026-10-04T12:58:08.514872+00:00,186980305546833,1,ok,7.662,244d3e030100020505,000205
2026-10-04T12:58:08.524732+00:00,186980313396958,2,ok,9.679,244d3e0402494e415616,494e4156
2026-10-04T12:58:08.534768+00:00,186980323234375,3,ok,9.881,244d3e030309010008,090100
2026-10-04T12:58:08.544818+00:00,186980333228583,4,ok,9.939,244d3e18044d373241000002010f4d414d4241463732325f323032324136,4d373241000002010f4d414d4241463732325f3230323241
2026-10-04T12:58:08.554711+00:00,186980343266958,101,ok,9.799,244d3e0b6590043200cb00000000800083,90043200cb000000008000
2026-10-04T12:58:08.564772+00:00,186980353099666,106,ok,10.025,244d3e126a00000000000000000000efff000000000f2740,00000000000000000000efff000000000f27
2026-10-04T12:58:08.574756+00:00,186980363176458,107,ok,9.935,244d3e056b00000000016f,0000000001
2026-10-04T12:58:08.584836+00:00,186980373140500,108,ok,10.049,244d3e066c7b00d6ff000038,7b00d6ff0000
2026-10-04T12:58:08.594807+00:00,186980383231750,109,ok,9.930,244d3e0a6d0000000000000a0000006d,0000000000000a000000
2026-10-04T12:58:08.604871+00:00,186980393198208,110,ok,10.028,244d3e076e97000000000000fe,97000000000000
2026-10-04T12:58:08.615204+00:00,186980403260041,118,ok,10.300,244d3e15760004000000000000000000000000000000000000a5c2,0004000000000000000000000000000000000000a5
2026-10-04T12:58:08.625443+00:00,186980413588750,120,ok,10.208,244d3efc78e803d007dc05640000ff00000000e803d007dc05640000ff00000000e803d007dc05640000ff00000000e803d007dc05640000ff00000000e803d007dc05640000ff00000000e803d007dc05640000ff00000000e803d007dc05640000ff00000000e803d007dc05640000ff00000000e803d007dc05640000ff00000000e803d007dc05640000ff00000000e803d007dc05640000ff00000000e803d007dc05640000ff00000000e803d007dc05640000ff00000000e803d007dc05640000ff00000000e803d007dc05640000ff00000000e803d007dc05640000ff00000000e803d007dc05640000ff00000000e803d007dc05640000ff0000000084,e803d007dc05640000ff00000000e803d007dc05640000ff00000000e803d007dc05640000ff00000000e803d007dc05640000ff00000000e803d007dc05640000ff00000000e803d007dc05640000ff00000000e803d007dc05640000ff00000000e803d007dc05640000ff00000000e803d007dc05640000ff00000000e803d007dc05640000ff00000000e803d007dc05640000ff00000000e803d007dc05640000ff00000000e803d007dc05640000ff00000000e803d007dc05640000ff00000000e803d007dc05640000ff00000000e803d007dc05640000ff00000000e803d007dc05640000ff00000000e803d007dc05640000ff00000000
2026-10-04T12:58:08.635253+00:00,186980423869958,151,ok,9.732,244d3e09970101010001010001009e,010101000101000100
2026-10-04T12:58:08.645381+00:00,186980433708916,166,ok,10.013,244d3e15a68c000100000000000000b30300000f270f270f274aec,8c000100000000000000b30300000f270f270f274a
2026-10-04T12:58:09.518159+00:00,186981310659250,1,ok,5.842,244d3e030100020505,000205
2026-10-04T12:58:09.528103+00:00,186981316662750,2,ok,9.790,244d3e0402494e415616,494e4156
2026-10-04T12:58:09.538267+00:00,186981326552708,3,ok,10.055,244d3e030309010008,090100
2026-10-04T12:58:09.548284+00:00,186981336826250,4,ok,9.800,244d3e18044d373241000002010f4d414d4241463732325f323032324136,4d373241000002010f4d414d4241463732325f3230323241
2026-10-04T12:58:09.558409+00:00,186981346778750,101,ok,9.974,244d3e0b65ea033200cb000000008000fe,ea033200cb000000008000
2026-10-04T12:58:09.568320+00:00,186981356916125,106,ok,9.747,244d3e126a00000000000000000000efff000000000f2740,00000000000000000000efff000000000f27
2026-10-04T12:58:09.578373+00:00,186981366844166,107,ok,9.867,244d3e056b00000000016f,0000000001
2026-10-04T12:58:09.588285+00:00,186981376929250,108,ok,9.700,244d3e066c7b00d7ff000039,7b00d7ff0000
2026-10-04T12:58:09.598417+00:00,186981386768125,109,ok,9.986,244d3e0a6d0000000000000100000066,00000000000001000000
2026-10-04T12:58:09.608448+00:00,186981396952583,110,ok,9.835,244d3e076e97000000000000fe,97000000000000
2026-10-04T12:58:09.618503+00:00,186981407018000,118,ok,9.827,244d3e15760004000000000000000000000000000000000000a5c2,0004000000000000000000000000000000000000a5
2026-10-04T12:58:09.628993+00:00,186981417027375,120,ok,10.305,244d3efc78e803d007dc05640000ff00000000e803d007dc05640000ff00000000e803d007dc05640000ff00000000e803d007dc05640000ff00000000e803d007dc05640000ff00000000e803d007dc05640000ff00000000e803d007dc05640000ff00000000e803d007dc05640000ff00000000e803d007dc05640000ff00000000e803d007dc05640000ff00000000e803d007dc05640000ff00000000e803d007dc05640000ff00000000e803d007dc05640000ff00000000e803d007dc05640000ff00000000e803d007dc05640000ff00000000e803d007dc05640000ff00000000e803d007dc05640000ff00000000e803d007dc05640000ff0000000084,e803d007dc05640000ff00000000e803d007dc05640000ff00000000e803d007dc05640000ff00000000e803d007dc05640000ff00000000e803d007dc05640000ff00000000e803d007dc05640000ff00000000e803d007dc05640000ff00000000e803d007dc05640000ff00000000e803d007dc05640000ff00000000e803d007dc05640000ff00000000e803d007dc05640000ff00000000e803d007dc05640000ff00000000e803d007dc05640000ff00000000e803d007dc05640000ff00000000e803d007dc05640000ff00000000e803d007dc05640000ff00000000e803d007dc05640000ff00000000e803d007dc05640000ff00000000
2026-10-04T12:58:09.638724+00:00,186981427562083,151,ok,9.505,244d3e09970101010001010001009e,010101000101000100
2026-10-04T12:58:09.648833+00:00,186981437334041,166,ok,9.840,244d3e15a678000100000000000000c30300000f270f270f274a68,78000100000000000000c30300000f270f270f274a
2026-10-04T12:58:10.521202+00:00,186982315602208,1,ok,3.943,244d3e030100020505,000205
2026-10-04T12:58:10.531699+00:00,186982319710916,2,ok,10.332,244d3e0402494e415616,494e4156
2026-10-04T12:58:10.541373+00:00,186982330394500,3,ok,9.321,244d3e030309010008,090100
2026-10-04T12:58:10.551354+00:00,186982339886458,4,ok,9.812,244d3e18044d373241000002010f4d414d4241463732325f323032324136,4d373241000002010f4d414d4241463732325f3230323241
2026-10-04T12:58:10.561342+00:00,186982349840625,101,ok,9.846,244d3e0b65ee033200cb000000008000fa,ee033200cb000000008000
2026-10-04T12:58:10.571398+00:00,186982359842583,106,ok,9.893,244d3e126a00000000000000000000efff000000000f2740,00000000000000000000efff000000000f27
2026-10-04T12:58:10.581486+00:00,186982369893416,107,ok,9.932,244d3e056b00000000016f,0000000001
2026-10-04T12:58:10.591550+00:00,186982380007166,108,ok,9.883,244d3e066c7a00d7ff000038,7a00d7ff0000
2026-10-04T12:58:10.601457+00:00,186982390078208,109,ok,9.723,244d3e0a6d0000000000000100000066,00000000000001000000
2026-10-04T12:58:10.611640+00:00,186982399971916,110,ok,10.004,244d3e076e97000000000000fe,97000000000000
2026-10-04T12:58:10.621426+00:00,186982410209625,118,ok,9.563,244d3e15760004000000000000000000000000000000000000a5c2,0004000000000000000000000000000000000000a5
2026-10-04T12:58:10.632045+00:00,186982419894541,120,ok,10.492,244d3efc78e803d007dc05640000ff00000000e803d007dc05640000ff00000000e803d007dc05640000ff00000000e803d007dc05640000ff00000000e803d007dc05640000ff00000000e803d007dc05640000ff00000000e803d007dc05640000ff00000000e803d007dc05640000ff00000000e803d007dc05640000ff00000000e803d007dc05640000ff00000000e803d007dc05640000ff00000000e803d007dc05640000ff00000000e803d007dc05640000ff00000000e803d007dc05640000ff00000000e803d007dc05640000ff00000000e803d007dc05640000ff00000000e803d007dc05640000ff00000000e803d007dc05640000ff0000000084,e803d007dc05640000ff00000000e803d007dc05640000ff00000000e803d007dc05640000ff00000000e803d007dc05640000ff00000000e803d007dc05640000ff00000000e803d007dc05640000ff00000000e803d007dc05640000ff00000000e803d007dc05640000ff00000000e803d007dc05640000ff00000000e803d007dc05640000ff00000000e803d007dc05640000ff00000000e803d007dc05640000ff00000000e803d007dc05640000ff00000000e803d007dc05640000ff00000000e803d007dc05640000ff00000000e803d007dc05640000ff00000000e803d007dc05640000ff00000000e803d007dc05640000ff00000000
2026-10-04T12:58:10.641491+00:00,186982430624875,151,ok,9.216,244d3e09970101010001010001009e,010101000101000100
2026-10-04T12:58:10.651627+00:00,186982439951750,166,ok,10.018,244d3e15a679000100000000000000d30300000f270f270f274a79,79000100000000000000d30300000f270f270f274a
2026-10-04T12:58:11.525502+00:00,186983319886041,1,ok,3.962,244d3e030100020505,000205
2026-10-04T12:58:11.535623+00:00,186983323970750,2,ok,9.999,244d3e0402494e415616,494e4156
2026-10-04T12:58:11.545570+00:00,186983334135583,3,ok,9.785,244d3e030309010008,090100
2026-10-04T12:58:11.555922+00:00,186983344039875,4,ok,10.232,244d3e18044d373241000002010f4d414d4241463732325f323032324136,4d373241000002010f4d414d4241463732325f3230323241
2026-10-04T12:58:11.565962+00:00,186983354406958,101,ok,9.902,244d3e0b65fe033200cb000000008000ea,fe033200cb000000008000
2026-10-04T12:58:11.576097+00:00,186983364459000,106,ok,9.980,244d3e126a00000000000000000000efff000000000f2740,00000000000000000000efff000000000f27
2026-10-04T12:58:11.586075+00:00,186983374663791,107,ok,9.746,244d3e056b00000000016f,0000000001
2026-10-04T12:58:11.596036+00:00,186983384600833,108,ok,9.781,244d3e066c7a00d7ff000038,7a00d7ff0000
2026-10-04T12:58:11.606077+00:00,186983394531208,109,ok,9.890,244d3e0a6d0000000000000100000066,00000000000001000000
2026-10-04T12:58:11.616063+00:00,186983404608000,110,ok,9.803,244d3e076e97000000000000fe,97000000000000
2026-10-04T12:58:11.626005+00:00,186983414578083,118,ok,9.780,244d3e15760004000000000000000000000000000000000000a5c2,0004000000000000000000000000000000000000a5
2026-10-04T12:58:11.636488+00:00,186983424461708,120,ok,10.371,244d3efc78e803d007dc05640000ff00000000e803d007dc05640000ff00000000e803d007dc05640000ff00000000e803d007dc05640000ff00000000e803d007dc05640000ff00000000e803d007dc05640000ff00000000e803d007dc05640000ff00000000e803d007dc05640000ff00000000e803d007dc05640000ff00000000e803d007dc05640000ff00000000e803d007dc05640000ff00000000e803d007dc05640000ff00000000e803d007dc05640000ff00000000e803d007dc05640000ff00000000e803d007dc05640000ff00000000e803d007dc05640000ff00000000e803d007dc05640000ff00000000e803d007dc05640000ff0000000084,e803d007dc05640000ff00000000e803d007dc05640000ff00000000e803d007dc05640000ff00000000e803d007dc05640000ff00000000e803d007dc05640000ff00000000e803d007dc05640000ff00000000e803d007dc05640000ff00000000e803d007dc05640000ff00000000e803d007dc05640000ff00000000e803d007dc05640000ff00000000e803d007dc05640000ff00000000e803d007dc05640000ff00000000e803d007dc05640000ff00000000e803d007dc05640000ff00000000e803d007dc05640000ff00000000e803d007dc05640000ff00000000e803d007dc05640000ff00000000e803d007dc05640000ff00000000
2026-10-04T12:58:11.646174+00:00,186983435049000,151,ok,9.464,244d3e09970101010001010001009e,010101000101000100
2026-10-04T12:58:11.656164+00:00,186983444665500,166,ok,9.840,244d3e15a678000100000000000000e30300000f270f270f274a48,78000100000000000000e30300000f270f270f274a
2026-10-04T12:58:12.528598+00:00,186984320803750,1,ok,6.143,244d3e030100020505,000205
2026-10-04T12:58:12.539223+00:00,186984327073875,2,ok,10.492,244d3e0402494e415616,494e4156
2026-10-04T12:58:12.548772+00:00,186984337782708,3,ok,9.333,244d3e030309010008,090100
2026-10-04T12:58:12.558792+00:00,186984347290250,4,ok,9.848,244d3e18044d373241000002010f4d414d4241463732325f323032324136,4d373241000002010f4d414d4241463732325f3230323241
2026-10-04T12:58:12.568738+00:00,186984357316208,101,ok,9.771,244d3e0b65ea033200cb000000008000fe,ea033200cb000000008000
2026-10-04T12:58:12.578935+00:00,186984367257958,106,ok,10.018,244d3e126a00000000000000000000efff000000000f2740,00000000000000000000efff000000000f27
2026-10-04T12:58:12.589002+00:00,186984377538916,107,ok,9.806,244d3e056b00000000016f,0000000001
2026-10-04T12:58:12.598856+00:00,186984387528583,108,ok,9.672,244d3e066c7a00d7ff000038,7a00d7ff0000
2026-10-04T12:58:12.609179+00:00,186984397462458,109,ok,10.063,244d3e0a6d0000000000000a0000006d,0000000000000a000000
2026-10-04T12:58:12.619106+00:00,186984407709083,110,ok,9.751,244d3e076e97000000000000fe,97000000000000
2026-10-04T12:58:12.629124+00:00,186984417573000,118,ok,9.903,244d3e15760004000000000000000000000000000000000000a5c2,0004000000000000000000000000000000000000a5
2026-10-04T12:58:12.639545+00:00,186984427617625,120,ok,10.273,244d3efc78e803d007dc05640000ff00000000e803d007dc05640000ff00000000e803d007dc05640000ff00000000e803d007dc05640000ff00000000e803d007dc05640000ff00000000e803d007dc05640000ff00000000e803d007dc05640000ff00000000e803d007dc05640000ff00000000e803d007dc05640000ff00000000e803d007dc05640000ff00000000e803d007dc05640000ff00000000e803d007dc05640000ff00000000e803d007dc05640000ff00000000e803d007dc05640000ff00000000e803d007dc05640000ff00000000e803d007dc05640000ff00000000e803d007dc05640000ff00000000e803d007dc05640000ff0000000084,e803d007dc05640000ff00000000e803d007dc05640000ff00000000e803d007dc05640000ff00000000e803d007dc05640000ff00000000e803d007dc05640000ff00000000e803d007dc05640000ff00000000e803d007dc05640000ff00000000e803d007dc05640000ff00000000e803d007dc05640000ff00000000e803d007dc05640000ff00000000e803d007dc05640000ff00000000e803d007dc05640000ff00000000e803d007dc05640000ff00000000e803d007dc05640000ff00000000e803d007dc05640000ff00000000e803d007dc05640000ff00000000e803d007dc05640000ff00000000e803d007dc05640000ff00000000
2026-10-04T12:58:12.649325+00:00,186984438072666,151,ok,9.590,244d3e09970101010001010001009e,010101000101000100
2026-10-04T12:58:12.659177+00:00,186984447859833,166,ok,9.665,244d3e15a678000100000000000000f30300000f270f270f274a58,78000100000000000000f30300000f270f270f274a
2026-10-04T12:58:13.533887+00:00,186985323508458,1,ok,8.728,244d3e030100020505,000205
2026-10-04T12:58:13.543958+00:00,186985332389208,2,ok,9.914,244d3e0402494e415616,494e4156
2026-10-04T12:58:13.553935+00:00,186985342511333,3,ok,9.768,244d3e030309010008,090100
2026-10-04T12:58:13.564103+00:00,186985352437791,4,ok,10.012,244d3e18044d373241000002010f4d414d4241463732325f323032324136,4d373241000002010f4d414d4241463732325f3230323241
2026-10-04T12:58:13.574305+00:00,186985362653666,101,ok,10.000,244d3e0b65ee033200cb000000008000fa,ee033200cb000000008000
2026-10-04T12:58:13.584314+00:00,186985372862541,106,ok,9.800,244d3e126a00000000000000000000efff000000000f2740,00000000000000000000efff000000000f27
2026-10-04T12:58:13.594317+00:00,186985382833375,107,ok,9.832,244d3e056b00000000016f,0000000001
2026-10-04T12:58:13.604672+00:00,186985392814333,108,ok,10.205,244d3e066c7a00d7ff000038,7a00d7ff0000
2026-10-04T12:58:13.614659+00:00,186985403204541,109,ok,9.806,244d3e0a6d0000000000000100000066,00000000000001000000
2026-10-04T12:58:13.624655+00:00,186985413182750,110,ok,9.823,244d3e076e97000000000000fe,97000000000000
2026-10-04T12:58:13.634737+00:00,186985423145208,118,ok,9.946,244d3e15760004000000000000000000000000000000000000a5c2,0004000000000000000000000000000000000000a5
2026-10-04T12:58:13.644951+00:00,186985433301000,120,ok,9.995,244d3efc78e803d007dc05640000ff00000000e803d007dc05640000ff00000000e803d007dc05640000ff00000000e803d007dc05640000ff00000000e803d007dc05640000ff00000000e803d007dc05640000ff00000000e803d007dc05640000ff00000000e803d007dc05640000ff00000000e803d007dc05640000ff00000000e803d007dc05640000ff00000000e803d007dc05640000ff00000000e803d007dc05640000ff00000000e803d007dc05640000ff00000000e803d007dc05640000ff00000000e803d007dc05640000ff00000000e803d007dc05640000ff00000000e803d007dc05640000ff00000000e803d007dc05640000ff0000000084,e803d007dc05640000ff00000000e803d007dc05640000ff00000000e803d007dc05640000ff00000000e803d007dc05640000ff00000000e803d007dc05640000ff00000000e803d007dc05640000ff00000000e803d007dc05640000ff00000000e803d007dc05640000ff00000000e803d007dc05640000ff00000000e803d007dc05640000ff00000000e803d007dc05640000ff00000000e803d007dc05640000ff00000000e803d007dc05640000ff00000000e803d007dc05640000ff00000000e803d007dc05640000ff00000000e803d007dc05640000ff00000000e803d007dc05640000ff00000000e803d007dc05640000ff00000000
2026-10-04T12:58:13.654808+00:00,186985443469875,151,ok,9.685,244d3e09970101010001010001009e,010101000101000100
2026-10-04T12:58:13.664770+00:00,186985453325750,166,ok,9.795,244d3e15a68c000100000000000000040400000f270f270f274a5c,8c000100000000000000040400000f270f270f274a
2026-10-04T12:58:14.537828+00:00,186986328563708,1,ok,7.619,244d3e030100020505,000205
2026-10-04T12:58:14.547826+00:00,186986336316083,2,ok,9.865,244d3e0402494e415616,494e4156
2026-10-04T12:58:14.557926+00:00,186986346290625,3,ok,9.987,244d3e030309010008,090100
2026-10-04T12:58:14.567919+00:00,186986356445708,4,ok,9.828,244d3e18044d373241000002010f4d414d4241463732325f323032324136,4d373241000002010f4d414d4241463732325f3230323241
2026-10-04T12:58:14.578136+00:00,186986366416041,101,ok,10.060,244d3e0b65ea033200cb000000008000fe,ea033200cb000000008000
2026-10-04T12:58:14.588161+00:00,186986376718333,106,ok,9.796,244d3e126a00000000000000000000efff000000000f2740,00000000000000000000efff000000000f27
2026-10-04T12:58:14.598310+00:00,186986386676666,107,ok,9.983,244d3e056b00000000016f,0000000001
2026-10-04T12:58:14.608337+00:00,186986396810375,108,ok,9.877,244d3e066c7a00d7ff000038,7a00d7ff0000
2026-10-04T12:58:14.618665+00:00,186986406861666,109,ok,10.157,244d3e0a6d0000000000000100000066,00000000000001000000
2026-10-04T12:58:14.628695+00:00,186986417232458,110,ok,9.816,244d3e076e97000000000000fe,97000000000000
2026-10-04T12:58:14.638673+00:00,186986427200291,118,ok,9.826,244d3e15760004000000000000000000000000000000000000a5c2,0004000000000000000000000000000000000000a5
2026-10-04T12:58:14.648952+00:00,186986437242291,120,ok,10.062,244d3efc78e803d007dc05640000ff00000000e803d007dc05640000ff00000000e803d007dc05640000ff00000000e803d007dc05640000ff00000000e803d007dc05640000ff00000000e803d007dc05640000ff00000000e803d007dc05640000ff00000000e803d007dc05640000ff00000000e803d007dc05640000ff00000000e803d007dc05640000ff00000000e803d007dc05640000ff00000000e803d007dc05640000ff00000000e803d007dc05640000ff00000000e803d007dc05640000ff00000000e803d007dc05640000ff00000000e803d007dc05640000ff00000000e803d007dc05640000ff00000000e803d007dc05640000ff0000000084,e803d007dc05640000ff00000000e803d007dc05640000ff00000000e803d007dc05640000ff00000000e803d007dc05640000ff00000000e803d007dc05640000ff00000000e803d007dc05640000ff00000000e803d007dc05640000ff00000000e803d007dc05640000ff00000000e803d007dc05640000ff00000000e803d007dc05640000ff00000000e803d007dc05640000ff00000000e803d007dc05640000ff00000000e803d007dc05640000ff00000000e803d007dc05640000ff00000000e803d007dc05640000ff00000000e803d007dc05640000ff00000000e803d007dc05640000ff00000000e803d007dc05640000ff00000000
2026-10-04T12:58:14.658737+00:00,186986447520791,151,ok,9.569,244d3e09970101010001010001009e,010101000101000100
2026-10-04T12:58:14.668798+00:00,186986457264833,166,ok,9.886,244d3e15a68c000100000000000000140400000f270f270f274a4c,8c000100000000000000140400000f270f270f274a
2026-10-04T12:58:15.533694+00:00,186987329009375,1,ok,3.023,244d3e030100020505,000205
2026-10-04T12:58:15.543767+00:00,186987332375166,2,ok,9.743,244d3e0402494e415616,494e4156
2026-10-04T12:58:15.553744+00:00,186987342332166,3,ok,9.762,244d3e030309010008,090100
2026-10-04T12:58:15.563721+00:00,186987352246208,4,ok,9.829,244d3e18044d373241000002010f4d414d4241463732325f323032324136,4d373241000002010f4d414d4241463732325f3230323241
2026-10-04T12:58:15.573723+00:00,186987362226875,101,ok,9.847,244d3e0b6500043200cb00000000800013,00043200cb000000008000
2026-10-04T12:58:15.584107+00:00,186987372260708,106,ok,10.199,244d3e126a00000000000000000000efff000000000f2740,00000000000000000000efff000000000f27
2026-10-04T12:58:15.594087+00:00,186987382631791,107,ok,9.806,244d3e056b00000000016f,0000000001
2026-10-04T12:58:15.604190+00:00,186987392568833,108,ok,9.969,244d3e066c7a00d7ff000038,7a00d7ff0000
2026-10-04T12:58:15.614107+00:00,186987402707291,109,ok,9.752,244d3e0a6d0000000000000100000066,00000000000001000000
2026-10-04T12:58:15.623871+00:00,186987412716625,110,ok,9.506,244d3e076e97000000000000fe,97000000000000
2026-10-04T12:58:15.634133+00:00,186987422425458,118,ok,10.065,244d3e15760004000000000000000000000000000000000000a5c2,0004000000000000000000000000000000000000a5
2026-10-04T12:58:15.644546+00:00,186987432617875,120,ok,10.280,244d3efc78e803d007dc05640000ff00000000e803d007dc05640000ff00000000e803d007dc05640000ff00000000e803d007dc05640000ff00000000e803d007dc05640000ff00000000e803d007dc05640000ff00000000e803d007dc05640000ff00000000e803d007dc05640000ff00000000e803d007dc05640000ff00000000e803d007dc05640000ff00000000e803d007dc05640000ff00000000e803d007dc05640000ff00000000e803d007dc05640000ff00000000e803d007dc05640000ff00000000e803d007dc05640000ff00000000e803d007dc05640000ff00000000e803d007dc05640000ff00000000e803d007dc05640000ff0000000084,e803d007dc05640000ff00000000e803d007dc05640000ff00000000e803d007dc05640000ff00000000e803d007dc05640000ff00000000e803d007dc05640000ff00000000e803d007dc05640000ff00000000e803d007dc05640000ff00000000e803d007dc05640000ff00000000e803d007dc05640000ff00000000e803d007dc05640000ff00000000e803d007dc05640000ff00000000e803d007dc05640000ff00000000e803d007dc05640000ff00000000e803d007dc05640000ff00000000e803d007dc05640000ff00000000e803d007dc05640000ff00000000e803d007dc05640000ff00000000e803d007dc05640000ff00000000
2026-10-04T12:58:15.654583+00:00,186987443062416,151,ok,9.872,244d3e09970101010001010001009e,010101000101000100
2026-10-04T12:58:15.664569+00:00,186987453126291,166,ok,9.797,244d3e15a678000100000000000000240400000f270f270f274a88,78000100000000000000240400000f270f270f274a
2026-10-04T12:58:16.538984+00:00,186988332835416,1,ok,4.500,244d3e030100020505,000205
2026-10-04T12:58:16.549000+00:00,186988337532458,2,ok,9.817,244d3e0402494e415616,494e4156
2026-10-04T12:58:16.558830+00:00,186988347551166,3,ok,9.640,244d3e030309010008,090100
2026-10-04T12:58:16.569287+00:00,186988357290083,4,ok,10.350,244d3e18044d373241000002010f4d414d4241463732325f323032324136,4d373241000002010f4d414d4241463732325f3230323241
2026-10-04T12:58:16.579324+00:00,186988367815166,101,ok,9.863,244d3e0b65f5033200cb000000008000e1,f5033200cb000000008000
2026-10-04T12:58:16.589326+00:00,186988377848333,106,ok,9.831,244d3e126a00000000000000000000efff000000000f2740,00000000000000000000efff000000000f27
2026-10-04T12:58:16.599339+00:00,186988387826416,107,ok,9.870,244d3e056b00000000016f,0000000001
2026-10-04T12:58:16.609376+00:00,186988397825750,108,ok,9.905,244d3e066c7a00d7ff000038,7a00d7ff0000
2026-10-04T12:58:16.619385+00:00,186988407916791,109,ok,9.829,244d3e0a6d0000000000000100000066,00000000000001000000
2026-10-04T12:58:16.629366+00:00,186988417850708,110,ok,9.873,244d3e076e97000000000000fe,97000000000000
2026-10-04T12:58:16.639466+00:00,186988427842125,118,ok,9.980,244d3e15760004000000000000000000000000000000000000a5c2,0004000000000000000000000000000000000000a5
2026-10-04T12:58:16.649670+00:00,186988437999791,120,ok,10.023,244d3efc78e803d007dc05640000ff00000000e803d007dc05640000ff00000000e803d007dc05640000ff00000000e803d007dc05640000ff00000000e803d007dc05640000ff00000000e803d007dc05640000ff00000000e803d007dc05640000ff00000000e803d007dc05640000ff00000000e803d007dc05640000ff00000000e803d007dc05640000ff00000000e803d007dc05640000ff00000000e803d007dc05640000ff00000000e803d007dc05640000ff00000000e803d007dc05640000ff00000000e803d007dc05640000ff00000000e803d007dc05640000ff00000000e803d007dc05640000ff00000000e803d007dc05640000ff0000000084,e803d007dc05640000ff00000000e803d007dc05640000ff00000000e803d007dc05640000ff00000000e803d007dc05640000ff00000000e803d007dc05640000ff00000000e803d007dc05640000ff00000000e803d007dc05640000ff00000000e803d007dc05640000ff00000000e803d007dc05640000ff00000000e803d007dc05640000ff00000000e803d007dc05640000ff00000000e803d007dc05640000ff00000000e803d007dc05640000ff00000000e803d007dc05640000ff00000000e803d007dc05640000ff00000000e803d007dc05640000ff00000000e803d007dc05640000ff00000000e803d007dc05640000ff00000000
2026-10-04T12:58:16.659627+00:00,186988448239333,151,ok,9.743,244d3e09970101010001010001009e,010101000101000100
2026-10-04T12:58:16.669491+00:00,186988458111833,166,ok,9.731,244d3e15a679000100000000000000340400000f270f270f274a99,79000100000000000000340400000f270f270f274a
2026-10-04T12:58:17.544461+00:00,186989336415583,1,ok,6.398,244d3e030100020505,000205
2026-10-04T12:58:17.554413+00:00,186989342974041,2,ok,9.796,244d3e0402494e415616,494e4156
2026-10-04T12:58:17.564448+00:00,186989352929333,3,ok,9.876,244d3e030309010008,090100
2026-10-04T12:58:17.574559+00:00,186989363009125,4,ok,9.901,244d3e18044d373241000002010f4d414d4241463732325f323032324136,4d373241000002010f4d414d4241463732325f3230323241
2026-10-04T12:58:17.584510+00:00,186989373101916,101,ok,9.763,244d3e0b65f5033200cb000000008000e1,f5033200cb000000008000
2026-10-04T12:58:17.594608+00:00,186989383036208,106,ok,9.922,244d3e126a00000000000000000000efff000000000f2740,00000000000000000000efff000000000f27
2026-10-04T12:58:17.604589+00:00,186989393149416,107,ok,9.794,244d3e056b00000000016f,0000000001
2026-10-04T12:58:17.614562+00:00,186989403084083,108,ok,9.832,244d3e066c7a00d7ff000038,7a00d7ff0000
2026-10-04T12:58:17.624589+00:00,186989413107166,109,ok,9.835,244d3e0a6d0000000000000a0000006d,0000000000000a000000
2026-10-04T12:58:17.634554+00:00,186989423110916,110,ok,9.804,244d3e076e97000000000000fe,97000000000000
2026-10-04T12:58:17.644686+00:00,186989433025000,118,ok,10.019,244d3e15760004000000000000000000000000000000000000a5c2,0004000000000000000000000000000000000000a5
2026-10-04T12:58:17.655014+00:00,186989443213916,120,ok,10.156,244d3efc78e803d007dc05640000ff00000000e803d007dc05640000ff00000000e803d007dc05640000ff00000000e803d007dc05640000ff00000000e803d007dc05640000ff00000000e803d007dc05640000ff00000000e803d007dc05640000ff00000000e803d007dc05640000ff00000000e803d007dc05640000ff00000000e803d007dc05640000ff00000000e803d007dc05640000ff00000000e803d007dc05640000ff00000000e803d007dc05640000ff00000000e803d007dc05640000ff00000000e803d007dc05640000ff00000000e803d007dc05640000ff00000000e803d007dc05640000ff00000000e803d007dc05640000ff0000000084,e803d007dc05640000ff00000000e803d007dc05640000ff00000000e803d007dc05640000ff00000000e803d007dc05640000ff00000000e803d007dc05640000ff00000000e803d007dc05640000ff00000000e803d007dc05640000ff00000000e803d007dc05640000ff00000000e803d007dc05640000ff00000000e803d007dc05640000ff00000000e803d007dc05640000ff00000000e803d007dc05640000ff00000000e803d007dc05640000ff00000000e803d007dc05640000ff00000000e803d007dc05640000ff00000000e803d007dc05640000ff00000000e803d007dc05640000ff00000000e803d007dc05640000ff00000000
2026-10-04T12:58:17.664877+00:00,186989453541125,151,ok,9.688,244d3e09970101010001010001009e,010101000101000100
2026-10-04T12:58:17.674654+00:00,186989463432708,166,ok,9.581,244d3e15a678000100000000000000440400000f270f270f274ae8,78000100000000000000440400000f270f270f274a
2026-10-04T12:58:18.547431+00:00,186990336788875,1,ok,9.007,244d3e030100020505,000205
2026-10-04T12:58:18.557477+00:00,186990345913833,2,ok,9.923,244d3e0402494e415616,494e4156
2026-10-04T12:58:18.567489+00:00,186990356006750,3,ok,9.838,244d3e030309010008,090100
2026-10-04T12:58:18.577542+00:00,186990365994500,4,ok,9.898,244d3e18044d373241000002010f4d414d4241463732325f323032324136,4d373241000002010f4d414d4241463732325f3230323241
2026-10-04T12:58:18.587499+00:00,186990376005791,101,ok,9.856,244d3e0b65a9043200cb000000008000ba,a9043200cb000000008000
2026-10-04T12:58:18.597549+00:00,186990385972875,106,ok,9.939,244d3e126a00000000000000000000efff000000000f2740,00000000000000000000efff000000000f27
2026-10-04T12:58:18.607599+00:00,186990396079000,107,ok,9.881,244d3e056b00000000016f,0000000001
2026-10-04T12:58:18.617629+00:00,186990406088875,108,ok,9.901,244d3e066c7900d7ff00003b,7900d7ff0000
2026-10-04T12:58:18.627690+00:00,186990416146166,109,ok,9.896,244d3e0a6d0000000000000a0000006d,0000000000000a000000
2026-10-04T12:58:18.637709+00:00,186990426296000,110,ok,9.770,244d3e076e97000000000000fe,97000000000000
2026-10-04T12:58:18.647659+00:00,186990436245541,118,ok,9.779,244d3e15760004000000000000000000000000000000000000a5c2,0004000000000000000000000000000000000000a5
2026-10-04T12:58:18.657929+00:00,186990446132875,120,ok,10.156,244d3efc78e803d007dc05640000ff00000000e803d007dc05640000ff00000000e803d007dc05640000ff00000000e803d007dc05640000ff00000000e803d007dc05640000ff00000000e803d007dc05640000ff00000000e803d007dc05640000ff00000000e803d007dc05640000ff00000000e803d007dc05640000ff00000000e803d007dc05640000ff00000000e803d007dc05640000ff00000000e803d007dc05640000ff00000000e803d007dc05640000ff00000000e803d007dc05640000ff00000000e803d007dc05640000ff00000000e803d007dc05640000ff00000000e803d007dc05640000ff00000000e803d007dc05640000ff0000000084,e803d007dc05640000ff00000000e803d007dc05640000ff00000000e803d007dc05640000ff00000000e803d007dc05640000ff00000000e803d007dc05640000ff00000000e803d007dc05640000ff00000000e803d007dc05640000ff00000000e803d007dc05640000ff00000000e803d007dc05640000ff00000000e803d007dc05640000ff00000000e803d007dc05640000ff00000000e803d007dc05640000ff00000000e803d007dc05640000ff00000000e803d007dc05640000ff00000000e803d007dc05640000ff00000000e803d007dc05640000ff00000000e803d007dc05640000ff00000000e803d007dc05640000ff00000000
2026-10-04T12:58:18.667752+00:00,186990456474833,151,ok,9.637,244d3e09970101010001010001009e,010101000101000100
2026-10-04T12:58:18.677713+00:00,186990466266000,166,ok,9.810,244d3e15a679000100000000000000550400000f270f270f274af8,79000100000000000000550400000f270f270f274a
2026-10-04T12:58:19.553121+00:00,186991341263750,1,ok,10.207,244d3e030100020505,000205
2026-10-04T12:58:19.563021+00:00,186991351908583,2,ok,9.472,244d3e0402494e415616,494e4156
2026-10-04T12:58:19.573497+00:00,186991361489708,3,ok,10.370,244d3e030309010008,090100
2026-10-04T12:58:19.583251+00:00,186991371972833,4,ok,9.645,244d3e18044d373241000002010f4d414d4241463732325f323032324136,4d373241000002010f4d414d4241463732325f3230323241
2026-10-04T12:58:19.593362+00:00,186991381712583,101,ok,10.013,244d3e0b65f4033200cb000000008000e0,f4033200cb000000008000
2026-10-04T12:58:19.603506+00:00,186991391826791,106,ok,10.034,244d3e126a00000000000000000000efff000000000f2740,00000000000000000000efff000000000f27
2026-10-04T12:58:19.613345+00:00,186991402058666,107,ok,9.653,244d3e056b00000000016f,0000000001
2026-10-04T12:58:19.623413+00:00,186991411784458,108,ok,9.991,244d3e066c7900d7ff00003b,7900d7ff0000
2026-10-04T12:58:19.633395+00:00,186991421914666,109,ok,9.847,244d3e0a6d0000000000000a0000006d,0000000000000a000000
2026-10-04T12:58:19.643444+00:00,186991431851333,110,ok,9.957,244d3e076e97000000000000fe,97000000000000
2026-10-04T12:58:19.653480+00:00,186991441909041,118,ok,9.936,244d3e15760004000000000000000000000000000000000000a5c2,0004000000000000000000000000000000000000a5
2026-10-04T12:58:19.663764+00:00,186991451964208,120,ok,10.164,244d3efc78e803d007dc05640000ff00000000e803d007dc05640000ff00000000e803d007dc05640000ff00000000e803d007dc05640000ff00000000e803d007dc05640000ff00000000e803d007dc05640000ff00000000e803d007dc05640000ff00000000e803d007dc05640000ff00000000e803d007dc05640000ff00000000e803d007dc05640000ff00000000e803d007dc05640000ff00000000e803d007dc05640000ff00000000e803d007dc05640000ff00000000e803d007dc05640000ff00000000e803d007dc05640000ff00000000e803d007dc05640000ff00000000e803d007dc05640000ff00000000e803d007dc05640000ff0000000084,e803d007dc05640000ff00000000e803d007dc05640000ff00000000e803d007dc05640000ff00000000e803d007dc05640000ff00000000e803d007dc05640000ff00000000e803d007dc05640000ff00000000e803d007dc05640000ff00000000e803d007dc05640000ff00000000e803d007dc05640000ff00000000e803d007dc05640000ff00000000e803d007dc05640000ff00000000e803d007dc05640000ff00000000e803d007dc05640000ff00000000e803d007dc05640000ff00000000e803d007dc05640000ff00000000e803d007dc05640000ff00000000e803d007dc05640000ff00000000e803d007dc05640000ff00000000
2026-10-04T12:58:19.673688+00:00,186991462250375,151,ok,9.797,244d3e09970101010001010001009e,010101000101000100
2026-10-04T12:58:19.683508+00:00,186991472219166,166,ok,9.655,244d3e15a678000100000000000000650400000f270f270f274ac9,78000100000000000000650400000f270f270f274a
2026-10-04T12:58:20.556181+00:00,186992345810416,1,ok,8.728,244d3e030100020505,000205
2026-10-04T12:58:20.566139+00:00,186992354722750,2,ok,9.777,244d3e0402494e415616,494e4156
2026-10-04T12:58:20.576172+00:00,186992364665125,3,ok,9.864,244d3e030309010008,090100
2026-10-04T12:58:20.586229+00:00,186992374719958,4,ok,9.860,244d3e18044d373241000002010f4d414d4241463732325f323032324136,4d373241000002010f4d414d4241463732325f3230323241
2026-10-04T12:58:20.596234+00:00,186992385369875,101,ok,9.226,244d3e0b65fd033200cb000000008000e9,fd033200cb000000008000
2026-10-04T12:58:20.606246+00:00,186992394735250,106,ok,9.873,244d3e126a00000000000000000000efff000000000f2740,00000000000000000000efff000000000f27
2026-10-04T12:58:20.616139+00:00,186992404758000,107,ok,9.749,244d3e056b00000000016f,0000000001
2026-10-04T12:58:20.626157+00:00,186992414586541,108,ok,9.944,244d3e066c7900d7ff00003b,7900d7ff0000
2026-10-04T12:58:20.636261+00:00,186992424563458,109,ok,10.063,244d3e0a6d0000000000000a0000006d,0000000000000a000000
2026-10-04T12:58:20.646163+00:00,186992434759625,110,ok,9.776,244d3e076e97000000000000fe,97000000000000
2026-10-04T12:58:20.656490+00:00,186992444576458,118,ok,10.289,244d3e15760004000000000000000000000000000000000000a5c2,0004000000000000000000000000000000000000a5
2026-10-04T12:58:20.666779+00:00,186992454887916,120,ok,10.266,244d3efc78e803d007dc05640000ff00000000e803d007dc05640000ff00000000e803d007dc05640000ff00000000e803d007dc05640000ff00000000e803d007dc05640000ff00000000e803d007dc05640000ff00000000e803d007dc05640000ff00000000e803d007dc05640000ff00000000e803d007dc05640000ff00000000e803d007dc05640000ff00000000e803d007dc05640000ff00000000e803d007dc05640000ff00000000e803d007dc05640000ff00000000e803d007dc05640000ff00000000e803d007dc05640000ff00000000e803d007dc05640000ff00000000e803d007dc05640000ff00000000e803d007dc05640000ff0000000084,e803d007dc05640000ff00000000e803d007dc05640000ff00000000e803d007dc05640000ff00000000e803d007dc05640000ff00000000e803d007dc05640000ff00000000e803d007dc05640000ff00000000e803d007dc05640000ff00000000e803d007dc05640000ff00000000e803d007dc05640000ff00000000e803d007dc05640000ff00000000e803d007dc05640000ff00000000e803d007dc05640000ff00000000e803d007dc05640000ff00000000e803d007dc05640000ff00000000e803d007dc05640000ff00000000e803d007dc05640000ff00000000e803d007dc05640000ff00000000e803d007dc05640000ff00000000
2026-10-04T12:58:20.676307+00:00,186992465199916,151,ok,9.478,244d3e09970101010001010001009e,010101000101000100
2026-10-04T12:58:20.686497+00:00,186992474745125,166,ok,10.124,244d3e15a68c000100000000000000750400000f270f270f274a2d,8c000100000000000000750400000f270f270f274a
2026-10-04T12:58:21.549416+00:00,186993346934708,1,ok,0.840,244d3e030100020505,000205
2026-10-04T12:58:21.559509+00:00,186993347926333,2,ok,9.949,244d3e0402494e415616,494e4156
2026-10-04T12:58:21.569747+00:00,186993357983791,3,ok,10.123,244d3e030309010008,090100
2026-10-04T12:58:21.579631+00:00,186993368297166,4,ok,9.692,244d3e18044d373241000002010f4d414d4241463732325f323032324136,4d373241000002010f4d414d4241463732325f3230323241
2026-10-04T12:58:21.589548+00:00,186993378168375,101,ok,9.744,244d3e0b65e9033200cb000000008000fd,e9033200cb000000008000
2026-10-04T12:58:21.599616+00:00,186993388079208,106,ok,9.899,244d3e126a00000000000000000000efff000000000f2740,00000000000000000000efff000000000f27
2026-10-04T12:58:21.609541+00:00,186993398100708,107,ok,9.807,244d3e056b00000000016f,0000000001
2026-10-04T12:58:21.619639+00:00,186993408020750,108,ok,9.984,244d3e066c7900d7ff00003b,7900d7ff0000
2026-10-04T12:58:21.629708+00:00,186993418175875,109,ok,9.890,244d3e0a6d0000000000000100000066,00000000000001000000
2026-10-04T12:58:21.639705+00:00,186993428278625,110,ok,9.788,244d3e076e97000000000000fe,97000000000000
2026-10-04T12:58:21.649686+00:00,186993438249875,118,ok,9.797,244d3e15760004000000000000000000000000000000000000a5c2,0004000000000000000000000000000000000000a5
2026-10-04T12:58:21.660006+00:00,186993448201250,120,ok,10.164,244d3efc78e803d007dc05640000ff00000000e803d007dc05640000ff00000000e803d007dc05640000ff00000000e803d007dc05640000ff00000000e803d007dc05640000ff00000000e803d007dc05640000ff00000000e803d007dc05640000ff00000000e803d007dc05640000ff00000000e803d007dc05640000ff00000000e803d007dc05640000ff00000000e803d007dc05640000ff00000000e803d007dc05640000ff00000000e803d007dc05640000ff00000000e803d007dc05640000ff00000000e803d007dc05640000ff00000000e803d007dc05640000ff00000000e803d007dc05640000ff00000000e803d007dc05640000ff0000000084,e803d007dc05640000ff00000000e803d007dc05640000ff00000000e803d007dc05640000ff00000000e803d007dc05640000ff00000000e803d007dc05640000ff00000000e803d007dc05640000ff00000000e803d007dc05640000ff00000000e803d007dc05640000ff00000000e803d007dc05640000ff00000000e803d007dc05640000ff00000000e803d007dc05640000ff00000000e803d007dc05640000ff00000000e803d007dc05640000ff00000000e803d007dc05640000ff00000000e803d007dc05640000ff00000000e803d007dc05640000ff00000000e803d007dc05640000ff00000000e803d007dc05640000ff00000000
2026-10-04T12:58:21.669679+00:00,186993458643791,151,ok,9.402,244d3e09970101010001010001009e,010101000101000100
2026-10-04T12:58:21.679747+00:00,186993468171166,166,ok,9.943,244d3e15a68d000100000000000000850400000f270f270f274adc,8d000100000000000000850400000f270f270f274a
2026-10-04T12:58:22.553197+00:00,186994349445375,1,ok,2.111,244d3e030100020505,000205
2026-10-04T12:58:22.563244+00:00,186994351720625,2,ok,9.884,244d3e0402494e415616,494e4156
2026-10-04T12:58:22.573164+00:00,186994361767791,3,ok,9.763,244d3e030309010008,090100
2026-10-04T12:58:22.583212+00:00,186994371655125,4,ok,9.924,244d3e18044d373241000002010f4d414d4241463732325f323032324136,4d373241000002010f4d414d4241463732325f3230323241
2026-10-04T12:58:22.593563+00:00,186994381699208,101,ok,10.228,244d3e0b65ec033200cb000000008000f8,ec033200cb000000008000
2026-10-04T12:58:22.603631+00:00,186994392068333,106,ok,9.926,244d3e126a00000000000000000000efff000000000f2740,00000000000000000000efff000000000f27
2026-10-04T12:58:22.614028+00:00,186994402185875,107,ok,10.199,244d3e056b00000000016f,0000000001
2026-10-04T12:58:22.624008+00:00,186994412768291,108,ok,9.600,244d3e066c7900d7ff00003b,7900d7ff0000
2026-10-04T12:58:22.633933+00:00,186994422565250,109,ok,9.734,244d3e0a6d0000000000000a0000006d,0000000000000a000000
2026-10-04T12:58:22.643954+00:00,186994432435583,110,ok,9.881,244d3e076e97000000000000fe,97000000000000
2026-10-04T12:58:22.653880+00:00,186994442473625,118,ok,9.767,244d3e15760004000000000000000000000000000000000000a5c2,0004000000000000000000000000000000000000a5
2026-10-04T12:58:22.664340+00:00,186994452393541,120,ok,10.306,244d3efc78e803d007dc05640000ff00000000e803d007dc05640000ff00000000e803d007dc05640000ff00000000e803d007dc05640000ff00000000e803d007dc05640000ff00000000e803d007dc05640000ff00000000e803d007dc05640000ff00000000e803d007dc05640000ff00000000e803d007dc05640000ff00000000e803d007dc05640000ff00000000e803d007dc05640000ff00000000e803d007dc05640000ff00000000e803d007dc05640000ff00000000e803d007dc05640000ff00000000e803d007dc05640000ff00000000e803d007dc05640000ff00000000e803d007dc05640000ff00000000e803d007dc05640000ff0000000084,e803d007dc05640000ff00000000e803d007dc05640000ff00000000e803d007dc05640000ff00000000e803d007dc05640000ff00000000e803d007dc05640000ff00000000e803d007dc05640000ff00000000e803d007dc05640000ff00000000e803d007dc05640000ff00000000e803d007dc05640000ff00000000e803d007dc05640000ff00000000e803d007dc05640000ff00000000e803d007dc05640000ff00000000e803d007dc05640000ff00000000e803d007dc05640000ff00000000e803d007dc05640000ff00000000e803d007dc05640000ff00000000e803d007dc05640000ff00000000e803d007dc05640000ff00000000
2026-10-04T12:58:22.674147+00:00,186994462925916,151,ok,9.591,244d3e09970101010001010001009e,010101000101000100
2026-10-04T12:58:22.684369+00:00,186994472641041,166,ok,10.096,244d3e15a678000100000000000000950400000f270f270f274a39,78000100000000000000950400000f270f270f274a
2026-10-04T12:58:23.559079+00:00,186995350885916,1,ok,6.554,244d3e030100020505,000205
2026-10-04T12:58:23.568990+00:00,186995357655750,2,ok,9.704,244d3e0402494e415616,494e4156
2026-10-04T12:58:23.579097+00:00,186995367483750,3,ok,9.974,244d3e030309010008,090100
2026-10-04T12:58:23.589143+00:00,186995377654166,4,ok,9.852,244d3e18044d373241000002010f4d414d4241463732325f323032324136,4d373241000002010f4d414d4241463732325f3230323241
2026-10-04T12:58:23.599215+00:00,186995387786458,101,ok,9.787,244d3e0b65ed033200cb000000008000f9,ed033200cb000000008000
2026-10-04T12:58:23.609143+00:00,186995397766041,106,ok,9.747,244d3e126a00000000000000000000efff000000000f2740,00000000000000000000efff000000000f27
2026-10-04T12:58:23.619104+00:00,186995407610166,107,ok,9.862,244d3e056b00000000016f,0000000001
2026-10-04T12:58:23.629091+00:00,186995417557125,108,ok,9.902,244d3e066c7900d7ff00003b,7900d7ff0000
2026-10-04T12:58:23.639097+00:00,186995427552083,109,ok,9.921,244d3e0a6d0000000000000100000066,00000000000001000000
2026-10-04T12:58:23.649047+00:00,186995437522625,110,ok,9.901,244d3e076e97000000000000fe,97000000000000
2026-10-04T12:58:23.659093+00:00,186995447466833,118,ok,10.002,244d3e15760004000000000000000000000000000000000000a5c2,0004000000000000000000000000000000000000a5
2026-10-04T12:58:23.669444+00:00,186995457510625,120,ok,10.310,244d3efc78e803d007dc05640000ff00000000e803d007dc05640000ff00000000e803d007dc05640000ff00000000e803d007dc05640000ff00000000e803d007dc05640000ff00000000e803d007dc05640000ff00000000e803d007dc05640000ff00000000e803d007dc05640000ff00000000e803d007dc05640000ff00000000e803d007dc05640000ff00000000e803d007dc05640000ff00000000e803d007dc05640000ff00000000e803d007dc05640000ff00000000e803d007dc05640000ff00000000e803d007dc05640000ff00000000e803d007dc05640000ff00000000e803d007dc05640000ff00000000e803d007dc05640000ff0000000084,e803d007dc05640000ff00000000e803d007dc05640000ff00000000e803d007dc05640000ff00000000e803d007dc05640000ff00000000e803d007dc05640000ff00000000e803d007dc05640000ff00000000e803d007dc05640000ff00000000e803d007dc05640000ff00000000e803d007dc05640000ff00000000e803d007dc05640000ff00000000e803d007dc05640000ff00000000e803d007dc05640000ff00000000e803d007dc05640000ff00000000e803d007dc05640000ff00000000e803d007dc05640000ff00000000e803d007dc05640000ff00000000e803d007dc05640000ff00000000e803d007dc05640000ff00000000
2026-10-04T12:58:23.679195+00:00,186995467867458,151,ok,9.702,244d3e09970101010001010001009e,010101000101000100
2026-10-04T12:58:23.689212+00:00,186995477614958,166,ok,9.974,244d3e15a678000100000000000000a60400000f270f270f274a0a,78000100000000000000a60400000f270f270f274a
2026-10-04T12:58:24.563506+00:00,186996355941000,1,ok,5.936,244d3e030100020505,000205
2026-10-04T12:58:24.573668+00:00,186996362025083,2,ok,10.008,244d3e0402494e415616,494e4156
2026-10-04T12:58:24.583566+00:00,186996372259458,3,ok,9.681,244d3e030309010008,090100
2026-10-04T12:58:24.593655+00:00,186996382044458,4,ok,9.983,244d3e18044d373241000002010f4d414d4241463732325f323032324136,4d373241000002010f4d414d4241463732325f3230323241
2026-10-04T12:58:24.603651+00:00,186996392139375,101,ok,9.883,244d3e0b65f9033200cb000000008000ed,f9033200cb000000008000
2026-10-04T12:58:24.613864+00:00,186996402139166,106,ok,10.080,244d3e126a00000000000000000000efff000000000f2740,00000000000000000000efff000000000f27
2026-10-04T12:58:24.623728+00:00,186996412607000,107,ok,9.489,244d3e056b00000000016f,0000000001
2026-10-04T12:58:24.633763+00:00,186996422245416,108,ok,9.887,244d3e066c7900d7ff00003b,7900d7ff0000
2026-10-04T12:58:24.643853+00:00,186996432264125,109,ok,9.952,244d3e0a6d0000000000000a0000006d,0000000000000a000000
2026-10-04T12:58:24.653839+00:00,186996442405500,110,ok,9.799,244d3e076e97000000000000fe,97000000000000
2026-10-04T12:58:24.664141+00:00,186996452380250,118,ok,10.128,244d3e15760004000000000000000000000000000000000000a5c2,0004000000000000000000000000000000000000a5
2026-10-04T12:58:24.674522+00:00,186996462667875,120,ok,10.224,244d3efc78e803d007dc05640000ff00000000e803d007dc05640000ff00000000e803d007dc05640000ff00000000e803d007dc05640000ff00000000e803d007dc05640000ff00000000e803d007dc05640000ff00000000e803d007dc05640000ff00000000e803d007dc05640000ff00000000e803d007dc05640000ff00000000e803d007dc05640000ff00000000e803d007dc05640000ff00000000e803d007dc05640000ff00000000e803d007dc05640000ff00000000e803d007dc05640000ff00000000e803d007dc05640000ff00000000e803d007dc05640000ff00000000e803d007dc05640000ff00000000e803d007dc05640000ff0000000084,e803d007dc05640000ff00000000e803d007dc05640000ff00000000e803d007dc05640000ff00000000e803d007dc05640000ff00000000e803d007dc05640000ff00000000e803d007dc05640000ff00000000e803d007dc05640000ff00000000e803d007dc05640000ff00000000e803d007dc05640000ff00000000e803d007dc05640000ff00000000e803d007dc05640000ff00000000e803d007dc05640000ff00000000e803d007dc05640000ff00000000e803d007dc05640000ff00000000e803d007dc05640000ff00000000e803d007dc05640000ff00000000e803d007dc05640000ff00000000e803d007dc05640000ff00000000
2026-10-04T12:58:24.684227+00:00,186996473088458,151,ok,9.496,244d3e09970101010001010001009e,010101000101000100
2026-10-04T12:58:24.694371+00:00,186996482816125,166,ok,9.918,244d3e15a678000100000000000000b60400000f270f270f274a1a,78000100000000000000b60400000f270f270f274a
2026-10-04T12:58:25.567268+00:00,186997360985250,1,ok,4.652,244d3e030100020505,000205
2026-10-04T12:58:25.577431+00:00,186997365791375,2,ok,10.007,244d3e0402494e415616,494e4156
2026-10-04T12:58:25.587444+00:00,186997376014333,3,ok,9.799,244d3e030309010008,090100
2026-10-04T12:58:25.597609+00:00,186997386005083,4,ok,9.979,244d3e18044d373241000002010f4d414d4241463732325f323032324136,4d373241000002010f4d414d4241463732325f3230323241
2026-10-04T12:58:25.608014+00:00,186997396082208,101,ok,10.302,244d3e0b6500043200cb00000000800013,00043200cb000000008000
2026-10-04T12:58:25.618020+00:00,186997406526583,106,ok,9.865,244d3e126a00000000000000000000efff000000000f2740,00000000000000000000efff000000000f27
2026-10-04T12:58:25.628104+00:00,186997416535166,107,ok,9.934,244d3e056b00000000016f,0000000001
2026-10-04T12:58:25.638433+00:00,186997426669166,108,ok,10.133,244d3e066c7900d7ff00003b,7900d7ff0000
2026-10-04T12:58:25.648453+00:00,186997436990291,109,ok,9.829,244d3e0a6d0000000000000a0000006d,0000000000000a000000
2026-10-04T12:58:25.658408+00:00,186997447017958,110,ok,9.761,244d3e076e97000000000000fe,97000000000000
2026-10-04T12:58:25.668509+00:00,186997456932833,118,ok,9.941,244d3e15760004000000000000000000000000000000000000a5c2,0004000000000000000000000000000000000000a5
2026-10-04T12:58:25.678687+00:00,186997467073541,120,ok,9.985,244d3efc78e803d007dc05640000ff00000000e803d007dc05640000ff00000000e803d007dc05640000ff00000000e803d007dc05640000ff00000000e803d007dc05640000ff00000000e803d007dc05640000ff00000000e803d007dc05640000ff00000000e803d007dc05640000ff00000000e803d007dc05640000ff00000000e803d007dc05640000ff00000000e803d007dc05640000ff00000000e803d007dc05640000ff00000000e803d007dc05640000ff00000000e803d007dc05640000ff00000000e803d007dc05640000ff00000000e803d007dc05640000ff00000000e803d007dc05640000ff00000000e803d007dc05640000ff0000000084,e803d007dc05640000ff00000000e803d007dc05640000ff00000000e803d007dc05640000ff00000000e803d007dc05640000ff00000000e803d007dc05640000ff00000000e803d007dc05640000ff00000000e803d007dc05640000ff00000000e803d007dc05640000ff00000000e803d007dc05640000ff00000000e803d007dc05640000ff00000000e803d007dc05640000ff00000000e803d007dc05640000ff00000000e803d007dc05640000ff00000000e803d007dc05640000ff00000000e803d007dc05640000ff00000000e803d007dc05640000ff00000000e803d007dc05640000ff00000000e803d007dc05640000ff00000000
2026-10-04T12:58:25.688528+00:00,186997477282500,151,ok,9.614,244d3e09970101010001010001009e,010101000101000100
2026-10-04T12:58:25.698745+00:00,186997487168541,166,ok,9.939,244d3e15a679000100000000000000c60400000f270f270f274a6b,79000100000000000000c60400000f270f270f274a
2026-10-04T12:58:26.572842+00:00,186998366029375,1,ok,5.183,244d3e030100020505,000205
2026-10-04T12:58:26.582798+00:00,186998371543833,2,ok,9.628,244d3e0402494e415616,494e4156
2026-10-04T12:58:26.592789+00:00,186998381291541,3,ok,9.873,244d3e030309010008,090100
2026-10-04T12:58:26.602902+00:00,186998391274875,4,ok,9.999,244d3e18044d373241000002010f4d414d4241463732325f323032324136,4d373241000002010f4d414d4241463732325f3230323241
2026-10-04T12:58:26.612910+00:00,186998401421583,101,ok,9.858,244d3e0b65f3033200cb000000008000e7,f3033200cb000000008000
2026-10-04T12:58:26.622913+00:00,186998411458125,106,ok,9.828,244d3e126a00000000000000000000efff000000000f2740,00000000000000000000efff000000000f27
2026-10-04T12:58:26.632912+00:00,186998421439708,107,ok,9.848,244d3e056b00000000016f,0000000001
2026-10-04T12:58:26.643028+00:00,186998431394541,108,ok,10.002,244d3e066c7900d7ff00003b,7900d7ff0000
2026-10-04T12:58:26.652935+00:00,186998441598125,109,ok,9.712,244d3e0a6d0000000000000a0000006d,0000000000000a000000
2026-10-04T12:58:26.663072+00:00,186998451409333,110,ok,10.029,244d3e076e97000000000000fe,97000000000000
2026-10-04T12:58:26.672994+00:00,186998461609791,118,ok,9.749,244d3e15760004000000000000000000000000000000000000a5c2,0004000000000000000000000000000000000000a5
2026-10-04T12:58:26.683290+00:00,186998471493666,120,ok,10.167,244d3efc78e803d007dc05640000ff00000000e803d007dc05640000ff00000000e803d007dc05640000ff00000000e803d007dc05640000ff00000000e803d007dc05640000ff00000000e803d007dc05640000ff00000000e803d007dc05640000ff00000000e803d007dc05640000ff00000000e803d007dc05640000ff00000000e803d007dc05640000ff00000000e803d007dc05640000ff00000000e803d007dc05640000ff00000000e803d007dc05640000ff00000000e803d007dc05640000ff00000000e803d007dc05640000ff00000000e803d007dc05640000ff00000000e803d007dc05640000ff00000000e803d007dc05640000ff0000000084,e803d007dc05640000ff00000000e803d007dc05640000ff00000000e803d007dc05640000ff00000000e803d007dc05640000ff00000000e803d007dc05640000ff00000000e803d007dc05640000ff00000000e803d007dc05640000ff00000000e803d007dc05640000ff00000000e803d007dc05640000ff00000000e803d007dc05640000ff00000000e803d007dc05640000ff00000000e803d007dc05640000ff00000000e803d007dc05640000ff00000000e803d007dc05640000ff00000000e803d007dc05640000ff00000000e803d007dc05640000ff00000000e803d007dc05640000ff00000000e803d007dc05640000ff00000000
2026-10-04T12:58:26.693102+00:00,186998481872791,151,ok,9.599,244d3e09970101010001010001009e,010101000101000100
2026-10-04T12:58:26.703388+00:00,186998491611833,166,ok,10.144,244d3e15a679000100000000000000d60400000f270f270f274a7b,79000100000000000000d60400000f270f270f274a
2026-10-04T12:58:27.576599+00:00,186999367177625,1,ok,7.790,244d3e030100020505,000205
2026-10-04T12:58:27.586559+00:00,186999375166375,2,ok,9.762,244d3e0402494e415616,494e4156
2026-10-04T12:58:27.596585+00:00,186999385081750,3,ok,9.874,244d3e030309010008,090100
2026-10-04T12:58:27.606555+00:00,186999395148958,4,ok,9.780,244d3e18044d373241000002010f4d414d4241463732325f323032324136,4d373241000002010f4d414d4241463732325f3230323241
2026-10-04T12:58:27.616585+00:00,186999405069750,101,ok,9.891,244d3e0b65fd033200cb000000008000e9,fd033200cb000000008000
2026-10-04T12:58:27.626559+00:00,186999415076875,106,ok,9.860,244d3e126a00000000000000000000efff000000000f2740,00000000000000000000efff000000000f27
2026-10-04T12:58:27.636700+00:00,186999425031416,107,ok,10.044,244d3e056b00000000016f,0000000001
2026-10-04T12:58:27.646605+00:00,186999435204000,108,ok,9.776,244d3e066c7900d7ff00003b,7900d7ff0000
2026-10-04T12:58:27.657265+00:00,186999445079791,109,ok,10.556,244d3e0a6d0000000000000a0000006d,0000000000000a000000
2026-10-04T12:58:27.667199+00:00,186999455786125,110,ok,9.792,244d3e076e97000000000000fe,97000000000000
2026-10-04T12:58:27.677229+00:00,186999465676416,118,ok,9.929,244d3e15760004000000000000000000000000000000000000a5c2,0004000000000000000000000000000000000000a5
2026-10-04T12:58:27.687550+00:00,186999475732500,120,ok,10.188,244d3efc78e803d007dc05640000ff00000000e803d007dc05640000ff00000000e803d007dc05640000ff00000000e803d007dc05640000ff00000000e803d007dc05640000ff00000000e803d007dc05640000ff00000000e803d007dc05640000ff00000000e803d007dc05640000ff00000000e803d007dc05640000ff00000000e803d007dc05640000ff00000000e803d007dc05640000ff00000000e803d007dc05640000ff00000000e803d007dc05640000ff00000000e803d007dc05640000ff00000000e803d007dc05640000ff00000000e803d007dc05640000ff00000000e803d007dc05640000ff00000000e803d007dc05640000ff0000000084,e803d007dc05640000ff00000000e803d007dc05640000ff00000000e803d007dc05640000ff00000000e803d007dc05640000ff00000000e803d007dc05640000ff00000000e803d007dc05640000ff00000000e803d007dc05640000ff00000000e803d007dc05640000ff00000000e803d007dc05640000ff00000000e803d007dc05640000ff00000000e803d007dc05640000ff00000000e803d007dc05640000ff00000000e803d007dc05640000ff00000000e803d007dc05640000ff00000000e803d007dc05640000ff00000000e803d007dc05640000ff00000000e803d007dc05640000ff00000000e803d007dc05640000ff00000000
2026-10-04T12:58:27.697366+00:00,186999486084000,151,ok,9.656,244d3e09970101010001010001009e,010101000101000100
2026-10-04T12:58:27.707484+00:00,186999495866416,166,ok,9.983,244d3e15a68c000100000000000000e60400000f270f270f274abe,8c000100000000000000e60400000f270f270f274a
2026-10-04T12:58:28.570969+00:00,187000368673083,1,ok,0.674,244d3e030100020505,000205
2026-10-04T12:58:28.581055+00:00,187000369438916,2,ok,9.995,244d3e0402494e415616,494e4156
2026-10-04T12:58:28.591075+00:00,187000379549208,3,ok,9.904,244d3e030309010008,090100
2026-10-04T12:58:28.601219+00:00,187000389601166,4,ok,9.993,244d3e18044d373241000002010f4d414d4241463732325f323032324136,4d373241000002010f4d414d4241463732325f3230323241
2026-10-04T12:58:28.611193+00:00,187000399715291,101,ok,9.856,244d3e0b65f2033200cb000000008000e6,f2033200cb000000008000
2026-10-04T12:58:28.621235+00:00,187000409704291,106,ok,9.908,244d3e126a00000000000000000000efff000000000f2740,00000000000000000000efff000000000f27
2026-10-04T12:58:28.631247+00:00,187000419712416,107,ok,9.908,244d3e056b00000000016f,0000000001
2026-10-04T12:58:28.641387+00:00,187000429772666,108,ok,9.984,244d3e066c7900d7ff00003b,7900d7ff0000
2026-10-04T12:58:28.651343+00:00,187000439976083,109,ok,9.743,244d3e0a6d0000000000000a0000006d,0000000000000a000000
2026-10-04T12:58:28.661315+00:00,187000449860250,110,ok,9.829,244d3e076e97000000000000fe,97000000000000
2026-10-04T12:58:28.671440+00:00,187000459844250,118,ok,9.969,244d3e15760004000000000000000000000000000000000000a5c2,0004000000000000000000000000000000000000a5
2026-10-04T12:58:28.681594+00:00,187000469945541,120,ok,10.020,244d3efc78e803d007dc05640000ff00000000e803d007dc05640000ff00000000e803d007dc05640000ff00000000e803d007dc05640000ff00000000e803d007dc05640000ff00000000e803d007dc05640000ff00000000e803d007dc05640000ff00000000e803d007dc05640000ff00000000e803d007dc05640000ff00000000e803d007dc05640000ff00000000e803d007dc05640000ff00000000e803d007dc05640000ff00000000e803d007dc05640000ff00000000e803d007dc05640000ff00000000e803d007dc05640000ff00000000e803d007dc05640000ff00000000e803d007dc05640000ff00000000e803d007dc05640000ff0000000084,e803d007dc05640000ff00000000e803d007dc05640000ff00000000e803d007dc05640000ff00000000e803d007dc05640000ff00000000e803d007dc05640000ff00000000e803d007dc05640000ff00000000e803d007dc05640000ff00000000e803d007dc05640000ff00000000e803d007dc05640000ff00000000e803d007dc05640000ff00000000e803d007dc05640000ff00000000e803d007dc05640000ff00000000e803d007dc05640000ff00000000e803d007dc05640000ff00000000e803d007dc05640000ff00000000e803d007dc05640000ff00000000e803d007dc05640000ff00000000e803d007dc05640000ff00000000
2026-10-04T12:58:28.691474+00:00,187000480159166,151,ok,9.686,244d3e09970101010001010001009e,010101000101000100
2026-10-04T12:58:28.701409+00:00,187000490011166,166,ok,9.774,244d3e15a68c000100000000000000f70400000f270f270f274aaf,8c000100000000000000f70400000f270f270f274a
2026-10-04T12:58:29.583986+00:00,187001373753833,1,ok,8.604,244d3e030100020505,000205
2026-10-04T12:58:29.593981+00:00,187001382531500,2,ok,9.816,244d3e0402494e415616,494e4156
2026-10-04T12:58:29.603926+00:00,187001392529541,3,ok,9.774,244d3e030309010008,090100
2026-10-04T12:58:29.613950+00:00,187001402465000,4,ok,9.864,244d3e18044d373241000002010f4d414d4241463732325f323032324136,4d373241000002010f4d414d4241463732325f3230323241
2026-10-04T12:58:29.624088+00:00,187001412445541,101,ok,10.016,244d3e0b6509043200cb0000000080001a,09043200cb000000008000
2026-10-04T12:58:29.634118+00:00,187001422823166,106,ok,9.665,244d3e126a00000000000000000000efff000000000f2740,00000000000000000000efff000000000f27
2026-10-04T12:58:29.644018+00:00,187001435824750,107,ok,6.573,244d3e056b00000000016f,0000000001
2026-10-04T12:58:29.654031+00:00,187001442501875,108,ok,9.908,244d3e066c7900d7ff00003b,7900d7ff0000
2026-10-04T12:58:29.664096+00:00,187001452598458,109,ok,9.873,244d3e0a6d0000000000000a0000006d,0000000000000a000000
2026-10-04T12:58:29.674075+00:00,187001462614958,110,ok,9.841,244d3e076e97000000000000fe,97000000000000
2026-10-04T12:58:29.684134+00:00,187001472558583,118,ok,9.951,244d3e15760004000000000000000000000000000000000000a5c2,0004000000000000000000000000000000000000a5
2026-10-04T12:58:29.694398+00:00,187001482660833,120,ok,10.116,244d3efc78e803d007dc05640000ff00000000e803d007dc05640000ff00000000e803d007dc05640000ff00000000e803d007dc05640000ff00000000e803d007dc05640000ff00000000e803d007dc05640000ff00000000e803d007dc05640000ff00000000e803d007dc05640000ff00000000e803d007dc05640000ff00000000e803d007dc05640000ff00000000e803d007dc05640000ff00000000e803d007dc05640000ff00000000e803d007dc05640000ff00000000e803d007dc05640000ff00000000e803d007dc05640000ff00000000e803d007dc05640000ff00000000e803d007dc05640000ff00000000e803d007dc05640000ff0000000084,e803d007dc05640000ff00000000e803d007dc05640000ff00000000e803d007dc05640000ff00000000e803d007dc05640000ff00000000e803d007dc05640000ff00000000e803d007dc05640000ff00000000e803d007dc05640000ff00000000e803d007dc05640000ff00000000e803d007dc05640000ff00000000e803d007dc05640000ff00000000e803d007dc05640000ff00000000e803d007dc05640000ff00000000e803d007dc05640000ff00000000e803d007dc05640000ff00000000e803d007dc05640000ff00000000e803d007dc05640000ff00000000e803d007dc05640000ff00000000e803d007dc05640000ff00000000
2026-10-04T12:58:29.704127+00:00,187001492935458,151,ok,9.573,244d3e09970101010001010001009e,010101000101000100
2026-10-04T12:58:29.714155+00:00,187001502676750,166,ok,9.857,244d3e15a678000100000000000000070500000f270f270f274aaa,78000100000000000000070500000f270f270f274a
2026-10-04T12:58:30.587254+00:00,187002375293916,1,ok,10.339,244d3e030100020505,000205
2026-10-04T12:58:30.597440+00:00,187002385760833,2,ok,10.051,244d3e0402494e415616,494e4156
2026-10-04T12:58:30.607693+00:00,187002396001625,3,ok,10.069,244d3e030309010008,090100
2026-10-04T12:58:30.617631+00:00,187002406286958,4,ok,9.723,244d3e18044d373241000002010f4d414d4241463732325f323032324136,4d373241000002010f4d414d4241463732325f3230323241
2026-10-04T12:58:30.627738+00:00,187002416146166,101,ok,9.966,244d3e0b65f0033200cb000000008000e4,f0033200cb000000008000
2026-10-04T12:58:30.637774+00:00,187002426313166,106,ok,9.838,244d3e126a00000000000000000000efff000000000f2740,00000000000000000000efff000000000f27
2026-10-04T12:58:30.647811+00:00,187002436324916,107,ok,9.860,244d3e056b00000000016f,0000000001
2026-10-04T12:58:30.657600+00:00,187002446403625,108,ok,9.571,244d3e066c7900d7ff00003b,7900d7ff0000
2026-10-04T12:58:30.667486+00:00,187002456129083,109,ok,9.736,244d3e0a6d0000000000000a0000006d,0000000000000a000000
2026-10-04T12:58:30.677729+00:00,187002466019500,110,ok,10.091,244d3e076e97000000000000fe,97000000000000
2026-10-04T12:58:30.687888+00:00,187002476249416,118,ok,10.016,244d3e15760004000000000000000000000000000000000000a5c2,0004000000000000000000000000000000000000a5
2026-10-04T12:58:30.698399+00:00,187002486399541,120,ok,10.376,244d3efc78e803d007dc05640000ff00000000e803d007dc05640000ff00000000e803d007dc05640000ff00000000e803d007dc05640000ff00000000e803d007dc05640000ff00000000e803d007dc05640000ff00000000e803d007dc05640000ff00000000e803d007dc05640000ff00000000e803d007dc05640000ff00000000e803d007dc05640000ff00000000e803d007dc05640000ff00000000e803d007dc05640000ff00000000e803d007dc05640000ff00000000e803d007dc05640000ff00000000e803d007dc05640000ff00000000e803d007dc05640000ff00000000e803d007dc05640000ff00000000e803d007dc05640000ff0000000084,e803d007dc05640000ff00000000e803d007dc05640000ff00000000e803d007dc05640000ff00000000e803d007dc05640000ff00000000e803d007dc05640000ff00000000e803d007dc05640000ff00000000e803d007dc05640000ff00000000e803d007dc05640000ff00000000e803d007dc05640000ff00000000e803d007dc05640000ff00000000e803d007dc05640000ff00000000e803d007dc05640000ff00000000e803d007dc05640000ff00000000e803d007dc05640000ff00000000e803d007dc05640000ff00000000e803d007dc05640000ff00000000e803d007dc05640000ff00000000e803d007dc05640000ff00000000
2026-10-04T12:58:30.707997+00:00,187002496987333,151,ok,9.391,244d3e09970101010001010001009e,010101000101000100
2026-10-04T12:58:30.717973+00:00,187002506560875,166,ok,9.787,244d3e15a678000100000000000000170500000f270f270f274aba,78000100000000000000170500000f270f270f274a
2026-10-04T12:58:31.591267+00:00,187003379127041,1,ok,10.509,244d3e030100020505,000205
2026-10-04T12:58:31.601026+00:00,187003389780041,2,ok,9.627,244d3e0402494e415616,494e4156
2026-10-04T12:58:31.610970+00:00,187003399555458,3,ok,9.799,244d3e030309010008,090100
2026-10-04T12:58:31.621021+00:00,187003409467125,4,ok,9.934,244d3e18044d373241000002010f4d414d4241463732325f323032324136,4d373241000002010f4d414d4241463732325f3230323241
2026-10-04T12:58:31.631413+00:00,187003419510083,101,ok,10.283,244d3e0b6501043200cb00000000800012,01043200cb000000008000
2026-10-04T12:58:31.641401+00:00,187003429991000,106,ok,9.791,244d3e126a00000000000000000000efff000000000f2740,00000000000000000000efff000000000f27
2026-10-04T12:58:31.651535+00:00,187003439924083,107,ok,9.982,244d3e056b00000000016f,0000000001
2026-10-04T12:58:31.661485+00:00,187003450130625,108,ok,9.731,244d3e066c7900d7ff00003b,7900d7ff0000
2026-10-04T12:58:31.671408+00:00,187003460036500,109,ok,9.756,244d3e0a6d0000000000000a0000006d,0000000000000a000000
2026-10-04T12:58:31.681572+00:00,187003469893916,110,ok,10.052,244d3e076e97000000000000fe,97000000000000
2026-10-04T12:58:31.691512+00:00,187003480157958,118,ok,9.735,244d3e15760004000000000000000000000000000000000000a5c2,0004000000000000000000000000000000000000a5
2026-10-04T12:58:31.701805+00:00,187003490024208,120,ok,10.160,244d3efc78e803d007dc05640000ff00000000e803d007dc05640000ff00000000e803d007dc05640000ff00000000e803d007dc05640000ff00000000e803d007dc05640000ff00000000e803d007dc05640000ff00000000e803d007dc05640000ff00000000e803d007dc05640000ff00000000e803d007dc05640000ff00000000e803d007dc05640000ff00000000e803d007dc05640000ff00000000e803d007dc05640000ff00000000e803d007dc05640000ff00000000e803d007dc05640000ff00000000e803d007dc05640000ff00000000e803d007dc05640000ff00000000e803d007dc05640000ff00000000e803d007dc05640000ff0000000084,e803d007dc05640000ff00000000e803d007dc05640000ff00000000e803d007dc05640000ff00000000e803d007dc05640000ff00000000e803d007dc05640000ff00000000e803d007dc05640000ff00000000e803d007dc05640000ff00000000e803d007dc05640000ff00000000e803d007dc05640000ff00000000e803d007dc05640000ff00000000e803d007dc05640000ff00000000e803d007dc05640000ff00000000e803d007dc05640000ff00000000e803d007dc05640000ff00000000e803d007dc05640000ff00000000e803d007dc05640000ff00000000e803d007dc05640000ff00000000e803d007dc05640000ff00000000
2026-10-04T12:58:31.711642+00:00,187003500407291,151,ok,9.609,244d3e09970101010001010001009e,010101000101000100
2026-10-04T12:58:31.721535+00:00,187003510211083,166,ok,9.707,244d3e15a679000100000000000000270500000f270f270f274a8b,79000100000000000000270500000f270f270f274a
2026-10-04T12:58:32.595024+00:00,187004383063208,1,ok,10.338,244d3e030100020505,000205
2026-10-04T12:58:32.605436+00:00,187004393578500,2,ok,10.232,244d3e0402494e415616,494e4156
2026-10-04T12:58:32.615377+00:00,187004403959750,3,ok,9.799,244d3e030309010008,090100
2026-10-04T12:58:32.625344+00:00,187004413907541,4,ok,9.820,244d3e18044d373241000002010f4d414d4241463732325f323032324136,4d373241000002010f4d414d4241463732325f3230323241
2026-10-04T12:58:32.636224+00:00,187004423848458,101,ok,10.757,244d3e0b65f1033200cb000000008000e5,f1033200cb000000008000
2026-10-04T12:58:32.645466+00:00,187004434746791,106,ok,9.097,244d3e126a00000000000000000000efff000000000f2740,00000000000000000000efff000000000f27
2026-10-04T12:58:32.655371+00:00,187004444035916,107,ok,9.719,244d3e056b00000000016f,0000000001
2026-10-04T12:58:32.665483+00:00,187004453874166,108,ok,9.987,244d3e066c7900d7ff00003b,7900d7ff0000
2026-10-04T12:58:32.675458+00:00,187004464035208,109,ok,9.804,244d3e0a6d0000000000000a0000006d,0000000000000a000000
2026-10-04T12:58:32.685598+00:00,187004473986625,110,ok,9.988,244d3e076e97000000000000fe,97000000000000
2026-10-04T12:58:32.695528+00:00,187004484212041,118,ok,9.697,244d3e15760004000000000000000000000000000000000000a5c2,0004000000000000000000000000000000000000a5
2026-10-04T12:58:32.705730+00:00,187004494064458,120,ok,10.049,244d3efc78e803d007dc05640000ff00000000e803d007dc05640000ff00000000e803d007dc05640000ff00000000e803d007dc05640000ff00000000e803d007dc05640000ff00000000e803d007dc05640000ff00000000e803d007dc05640000ff00000000e803d007dc05640000ff00000000e803d007dc05640000ff00000000e803d007dc05640000ff00000000e803d007dc05640000ff00000000e803d007dc05640000ff00000000e803d007dc05640000ff00000000e803d007dc05640000ff00000000e803d007dc05640000ff00000000e803d007dc05640000ff00000000e803d007dc05640000ff00000000e803d007dc05640000ff0000000084,e803d007dc05640000ff00000000e803d007dc05640000ff00000000e803d007dc05640000ff00000000e803d007dc05640000ff00000000e803d007dc05640000ff00000000e803d007dc05640000ff00000000e803d007dc05640000ff00000000e803d007dc05640000ff00000000e803d007dc05640000ff00000000e803d007dc05640000ff00000000e803d007dc05640000ff00000000e803d007dc05640000ff00000000e803d007dc05640000ff00000000e803d007dc05640000ff00000000e803d007dc05640000ff00000000e803d007dc05640000ff00000000e803d007dc05640000ff00000000e803d007dc05640000ff00000000
2026-10-04T12:58:32.715526+00:00,187004504286500,151,ok,9.622,244d3e09970101010001010001009e,010101000101000100
2026-10-04T12:58:32.725551+00:00,187004514038875,166,ok,9.895,244d3e15a678000100000000000000370500000f270f270f274a9a,78000100000000000000370500000f270f270f274a
2026-10-04T12:58:33.588578+00:00,187005385248500,1,ok,1.712,244d3e030100020505,000205
2026-10-04T12:58:33.598658+00:00,187005387090458,2,ok,9.949,244d3e0402494e415616,494e4156
2026-10-04T12:58:33.608991+00:00,187005397179166,3,ok,10.178,244d3e030309010008,090100
2026-10-04T12:58:33.618789+00:00,187005407605500,4,ok,9.557,244d3e18044d373241000002010f4d414d4241463732325f323032324136,4d373241000002010f4d414d4241463732325f3230323241
2026-10-04T12:58:33.628823+00:00,187005417369250,101,ok,9.833,244d3e0b65fb033200cb000000008000ef,fb033200cb000000008000
2026-10-04T12:58:33.638761+00:00,187005427375416,106,ok,9.771,244d3e126a00000000000000000000efff000000000f2740,00000000000000000000efff000000000f27
2026-10-04T12:58:33.648922+00:00,187005437280333,107,ok,10.007,244d3e056b00000000016f,0000000001
2026-10-04T12:58:33.658808+00:00,187005447583458,108,ok,9.605,244d3e066c7900d7ff00003b,7900d7ff0000
2026-10-04T12:58:33.668903+00:00,187005457337666,109,ok,9.943,244d3e0a6d0000000000000a0000006d,0000000000000a000000
2026-10-04T12:58:33.678863+00:00,187005467464750,110,ok,9.782,244d3e076e97000000000000fe,97000000000000
2026-10-04T12:58:33.688907+00:00,187005477410166,118,ok,9.878,244d3e15760004000000000000000000000000000000000000a5c2,0004000000000000000000000000000000000000a5
2026-10-04T12:58:33.699081+00:00,187005487435666,120,ok,10.030,244d3efc78e803d007dc05640000ff00000000e803d007dc05640000ff00000000e803d007dc05640000ff00000000e803d007dc05640000ff00000000e803d007dc05640000ff00000000e803d007dc05640000ff00000000e803d007dc05640000ff00000000e803d007dc05640000ff00000000e803d007dc05640000ff00000000e803d007dc05640000ff00000000e803d007dc05640000ff00000000e803d007dc05640000ff00000000e803d007dc05640000ff00000000e803d007dc05640000ff00000000e803d007dc05640000ff00000000e803d007dc05640000ff00000000e803d007dc05640000ff00000000e803d007dc05640000ff0000000084,e803d007dc05640000ff00000000e803d007dc05640000ff00000000e803d007dc05640000ff00000000e803d007dc05640000ff00000000e803d007dc05640000ff00000000e803d007dc05640000ff00000000e803d007dc05640000ff00000000e803d007dc05640000ff00000000e803d007dc05640000ff00000000e803d007dc05640000ff00000000e803d007dc05640000ff00000000e803d007dc05640000ff00000000e803d007dc05640000ff00000000e803d007dc05640000ff00000000e803d007dc05640000ff00000000e803d007dc05640000ff00000000e803d007dc05640000ff00000000e803d007dc05640000ff00000000
2026-10-04T12:58:33.708961+00:00,187005497665208,151,ok,9.670,244d3e09970101010001010001009e,010101000101000100
2026-10-04T12:58:33.719064+00:00,187005507731333,166,ok,9.712,244d3e15a678000100000000000000470500000f270f270f274aea,78000100000000000000470500000f270f270f274a
2026-10-04T12:58:34.592668+00:00,187006390126291,1,ok,0.923,244d3e030100020505,000205
2026-10-04T12:58:34.602776+00:00,187006391218500,2,ok,9.938,244d3e0402494e415616,494e4156
2026-10-04T12:58:34.612647+00:00,187006401347416,3,ok,9.687,244d3e030309010008,090100
2026-10-04T12:58:34.622691+00:00,187006411180833,4,ok,9.897,244d3e18044d373241000002010f4d414d4241463732325f323032324136,4d373241000002010f4d414d4241463732325f3230323241
2026-10-04T12:58:34.632722+00:00,187006421208541,101,ok,9.901,244d3e0b65f3033200cb000000008000e7,f3033200cb000000008000
2026-10-04T12:58:34.642805+00:00,187006431276041,106,ok,9.914,244d3e126a00000000000000000000efff000000000f2740,00000000000000000000efff000000000f27
2026-10-04T12:58:34.652754+00:00,187006441317583,107,ok,9.822,244d3e056b00000000016f,0000000001
2026-10-04T12:58:34.662805+00:00,187006451261125,108,ok,9.931,244d3e066c7800d7ff00003a,7800d7ff0000
2026-10-04T12:58:34.672841+00:00,187006461291791,109,ok,9.933,244d3e0a6d0000000000001200000075,00000000000012000000
2026-10-04T12:58:34.682899+00:00,187006471384333,110,ok,9.899,244d3e076e97000000000000fe,97000000000000
2026-10-04T12:58:34.692916+00:00,187006481453125,118,ok,9.847,244d3e15760004000000000000000000000000000000000000a5c2,0004000000000000000000000000000000000000a5
2026-10-04T12:58:34.703233+00:00,187006491473708,120,ok,10.142,244d3efc78e803d007dc05640000ff00000000e803d007dc05640000ff00000000e803d007dc05640000ff00000000e803d007dc05640000ff00000000e803d007dc05640000ff00000000e803d007dc05640000ff00000000e803d007dc05640000ff00000000e803d007dc05640000ff00000000e803d007dc05640000ff00000000e803d007dc05640000ff00000000e803d007dc05640000ff00000000e803d007dc05640000ff00000000e803d007dc05640000ff00000000e803d007dc05640000ff00000000e803d007dc05640000ff00000000e803d007dc05640000ff00000000e803d007dc05640000ff00000000e803d007dc05640000ff0000000084,e803d007dc05640000ff00000000e803d007dc05640000ff00000000e803d007dc05640000ff00000000e803d007dc05640000ff00000000e803d007dc05640000ff00000000e803d007dc05640000ff00000000e803d007dc05640000ff00000000e803d007dc05640000ff00000000e803d007dc05640000ff00000000e803d007dc05640000ff00000000e803d007dc05640000ff00000000e803d007dc05640000ff00000000e803d007dc05640000ff00000000e803d007dc05640000ff00000000e803d007dc05640000ff00000000e803d007dc05640000ff00000000e803d007dc05640000ff00000000e803d007dc05640000ff00000000
2026-10-04T12:58:34.712912+00:00,187006501817500,151,ok,9.480,244d3e09970101010001010001009e,010101000101000100
2026-10-04T12:58:34.722896+00:00,187006511425833,166,ok,9.854,244d3e15a68c000100000000000000580500000f270f270f274a01,8c000100000000000000580500000f270f270f274a
2026-10-04T12:58:35.596550+00:00,187007392600833,1,ok,2.340,244d3e030100020505,000205
2026-10-04T12:58:35.606584+00:00,187007395026333,2,ok,9.950,244d3e0402494e415616,494e4156
2026-10-04T12:58:35.616701+00:00,187007405064708,3,ok,10.023,244d3e030309010008,090100
2026-10-04T12:58:35.626713+00:00,187007415233833,4,ok,9.867,244d3e18044d373241000002010f4d414d4241463732325f323032324136,4d373241000002010f4d414d4241463732325f3230323241
2026-10-04T12:58:35.637135+00:00,187007425234125,101,ok,10.283,244d3e0b65ed033200cb000000008000f9,ed033200cb000000008000
2026-10-04T12:58:35.647181+00:00,187007435700791,106,ok,9.859,244d3e126a00000000000000000000efff000000000f2740,00000000000000000000efff000000000f27
2026-10-04T12:58:35.657155+00:00,187007445773416,107,ok,9.764,244d3e056b00000000016f,0000000001
2026-10-04T12:58:35.667095+00:00,187007455673916,108,ok,9.812,244d3e066c7800d7ff00003a,7800d7ff0000
2026-10-04T12:58:35.677104+00:00,187007465596875,109,ok,9.896,244d3e0a6d0000000000000a0000006d,0000000000000a000000
2026-10-04T12:58:35.687095+00:00,187007475598208,110,ok,9.886,244d3e076e97000000000000fe,97000000000000
2026-10-04T12:58:35.697170+00:00,187007485580958,118,ok,9.974,244d3e15760004000000000000000000000000000000000000a5c2,0004000000000000000000000000000000000000a5
2026-10-04T12:58:35.707504+00:00,187007495727291,120,ok,10.161,244d3efc78e803d007dc05640000ff00000000e803d007dc05640000ff00000000e803d007dc05640000ff00000000e803d007dc05640000ff00000000e803d007dc05640000ff00000000e803d007dc05640000ff00000000e803d007dc05640000ff00000000e803d007dc05640000ff00000000e803d007dc05640000ff00000000e803d007dc05640000ff00000000e803d007dc05640000ff00000000e803d007dc05640000ff00000000e803d007dc05640000ff00000000e803d007dc05640000ff00000000e803d007dc05640000ff00000000e803d007dc05640000ff00000000e803d007dc05640000ff00000000e803d007dc05640000ff0000000084,e803d007dc05640000ff00000000e803d007dc05640000ff00000000e803d007dc05640000ff00000000e803d007dc05640000ff00000000e803d007dc05640000ff00000000e803d007dc05640000ff00000000e803d007dc05640000ff00000000e803d007dc05640000ff00000000e803d007dc05640000ff00000000e803d007dc05640000ff00000000e803d007dc05640000ff00000000e803d007dc05640000ff00000000e803d007dc05640000ff00000000e803d007dc05640000ff00000000e803d007dc05640000ff00000000e803d007dc05640000ff00000000e803d007dc05640000ff00000000e803d007dc05640000ff00000000
2026-10-04T12:58:35.717296+00:00,187007506070291,151,ok,9.608,244d3e09970101010001010001009e,010101000101000100
2026-10-04T12:58:35.727339+00:00,187007515847041,166,ok,9.872,244d3e15a678000100000000000000680500000f270f270f274ac5,78000100000000000000680500000f270f270f274a
2026-10-04T12:58:36.600352+00:00,187008396733583,1,ok,1.976,244d3e030100020505,000205
2026-10-04T12:58:36.610359+00:00,187008398883333,2,ok,9.866,244d3e0402494e415616,494e4156
2026-10-04T12:58:36.620335+00:00,187008408875291,3,ok,9.851,244d3e030309010008,090100
2026-10-04T12:58:36.631428+00:00,187008418857791,4,ok,10.958,244d3e18044d373241000002010f4d414d4241463732325f323032324136,4d373241000002010f4d414d4241463732325f3230323241
2026-10-04T12:58:36.640767+00:00,187008429958000,101,ok,9.191,244d3e0b65ef033200cb000000008000fb,ef033200cb000000008000
2026-10-04T12:58:36.650735+00:00,187008439308625,106,ok,9.817,244d3e126a00000000000000000000efff000000000f2740,00000000000000000000efff000000000f27
2026-10-04T12:58:36.660836+00:00,187008449265791,107,ok,9.953,244d3e056b00000000016f,0000000001
2026-10-04T12:58:36.670963+00:00,187008459373958,108,ok,9.963,244d3e066c7800d7ff00003a,7800d7ff0000
2026-10-04T12:58:36.680800+00:00,187008469504291,109,ok,9.687,244d3e0a6d0000000000000a0000006d,0000000000000a000000
2026-10-04T12:58:36.690840+00:00,187008479305250,110,ok,9.924,244d3e076e97000000000000fe,97000000000000
2026-10-04T12:58:36.700826+00:00,187008489376208,118,ok,9.840,244d3e15760004000000000000000000000000000000000000a5c2,0004000000000000000000000000000000000000a5
2026-10-04T12:58:36.711125+00:00,187008499317250,120,ok,10.195,244d3efc78e803d007dc05640000ff00000000e803d007dc05640000ff00000000e803d007dc05640000ff00000000e803d007dc05640000ff00000000e803d007dc05640000ff00000000e803d007dc05640000ff00000000e803d007dc05640000ff00000000e803d007dc05640000ff00000000e803d007dc05640000ff00000000e803d007dc05640000ff00000000e803d007dc05640000ff00000000e803d007dc05640000ff00000000e803d007dc05640000ff00000000e803d007dc05640000ff00000000e803d007dc05640000ff00000000e803d007dc05640000ff00000000e803d007dc05640000ff00000000e803d007dc05640000ff0000000084,e803d007dc05640000ff00000000e803d007dc05640000ff00000000e803d007dc05640000ff00000000e803d007dc05640000ff00000000e803d007dc05640000ff00000000e803d007dc05640000ff00000000e803d007dc05640000ff00000000e803d007dc05640000ff00000000e803d007dc05640000ff00000000e803d007dc05640000ff00000000e803d007dc05640000ff00000000e803d007dc05640000ff00000000e803d007dc05640000ff00000000e803d007dc05640000ff00000000e803d007dc05640000ff00000000e803d007dc05640000ff00000000e803d007dc05640000ff00000000e803d007dc05640000ff00000000
2026-10-04T12:58:36.721239+00:00,187008509744208,151,ok,9.883,244d3e09970101010001010001009e,010101000101000100
2026-10-04T12:58:36.731304+00:00,187008519781333,166,ok,9.905,244d3e15a678000100000000000000780500000f270f270f274ad5,78000100000000000000780500000f270f270f274a
2026-10-04T12:58:37.604335+00:00,187009401432291,1,ok,1.286,244d3e030100020505,000205
2026-10-04T12:58:37.614447+00:00,187009402880875,2,ok,9.951,244d3e0402494e415616,494e4156
2026-10-04T12:58:37.624482+00:00,187009413023500,3,ok,9.843,244d3e030309010008,090100
2026-10-04T12:58:37.634451+00:00,187009423036750,4,ok,9.802,244d3e18044d373241000002010f4d414d4241463732325f323032324136,4d373241000002010f4d414d4241463732325f3230323241
2026-10-04T12:58:37.644771+00:00,187009433980458,101,ok,9.173,244d3e0b65f7033200cb000000008000e3,f7033200cb000000008000
2026-10-04T12:58:37.654844+00:00,187009443320666,106,ok,9.910,244d3e126a00000000000000000000efff000000000f2740,00000000000000000000efff000000000f27
2026-10-04T12:58:37.664738+00:00,187009453437250,107,ok,9.693,244d3e056b00000000016f,0000000001
2026-10-04T12:58:37.675149+00:00,187009463254291,108,ok,10.280,244d3e066c7800d7ff00003a,7800d7ff0000
2026-10-04T12:58:37.685082+00:00,187009473713625,109,ok,9.758,244d3e0a6d0000000000000a0000006d,0000000000000a000000
2026-10-04T12:58:37.695233+00:00,187009483600625,110,ok,10.016,244d3e076e97000000000000fe,97000000000000
2026-10-04T12:58:37.705508+00:00,187009493808416,118,ok,10.089,244d3e15760004000000000000000000000000000000000000a5c2,0004000000000000000000000000000000000000a5
2026-10-04T12:58:37.715760+00:00,187009504062416,120,ok,10.086,244d3efc78e803d007dc05640000ff00000000e803d007dc05640000ff00000000e803d007dc05640000ff00000000e803d007dc05640000ff00000000e803d007dc05640000ff00000000e803d007dc05640000ff00000000e803d007dc05640000ff00000000e803d007dc05640000ff00000000e803d007dc05640000ff00000000e803d007dc05640000ff00000000e803d007dc05640000ff00000000e803d007dc05640000ff00000000e803d007dc05640000ff00000000e803d007dc05640000ff00000000e803d007dc05640000ff00000000e803d007dc05640000ff00000000e803d007dc05640000ff00000000e803d007dc05640000ff0000000084,e803d007dc05640000ff00000000e803d007dc05640000ff00000000e803d007dc05640000ff00000000e803d007dc05640000ff00000000e803d007dc05640000ff00000000e803d007dc05640000ff00000000e803d007dc05640000ff00000000e803d007dc05640000ff00000000e803d007dc05640000ff00000000e803d007dc05640000ff00000000e803d007dc05640000ff00000000e803d007dc05640000ff00000000e803d007dc05640000ff00000000e803d007dc05640000ff00000000e803d007dc05640000ff00000000e803d007dc05640000ff00000000e803d007dc05640000ff00000000e803d007dc05640000ff00000000
2026-10-04T12:58:37.725437+00:00,187009514376375,151,ok,9.454,244d3e09970101010001010001009e,010101000101000100
2026-10-04T12:58:37.735584+00:00,187009523926708,166,ok,10.044,244d3e15a679000100000000000000880500000f270f270f274a24,79000100000000000000880500000f270f270f274a
2026-10-04T12:58:38.618424+00:00,187010406472833,1,ok,10.340,244d3e030100020505,000205
2026-10-04T12:58:38.628404+00:00,187010416957583,2,ok,9.836,244d3e0402494e415616,494e4156
2026-10-04T12:58:38.638378+00:00,187010426950375,3,ok,9.819,244d3e030309010008,090100
2026-10-04T12:58:38.648533+00:00,187010436928541,4,ok,9.984,244d3e18044d373241000002010f4d414d4241463732325f323032324136,4d373241000002010f4d414d4241463732325f3230323241
2026-10-04T12:58:38.658758+00:00,187010447141250,101,ok,10.010,244d3e0b65eb033200cb000000008000ff,eb033200cb000000008000
2026-10-04T12:58:38.668653+00:00,187010457254291,106,ok,9.784,244d3e126a00000000000000000000efff000000000f2740,00000000000000000000efff000000000f27
2026-10-04T12:58:38.678506+00:00,187010467231958,107,ok,9.664,244d3e056b00000000016f,0000000001
2026-10-04T12:58:38.688527+00:00,187010477030083,108,ok,9.887,244d3e066c7800d7ff00003a,7800d7ff0000
2026-10-04T12:58:38.698542+00:00,187010487060375,109,ok,9.872,244d3e0a6d0000000000001200000075,00000000000012000000
2026-10-04T12:58:38.708683+00:00,187010497057916,110,ok,10.013,244d3e076e97000000000000fe,97000000000000
2026-10-04T12:58:38.718912+00:00,187010507274208,118,ok,10.028,244d3e15760004000000000000000000000000000000000000a5c2,0004000000000000000000000000000000000000a5
2026-10-04T12:58:38.729157+00:00,187010517452666,120,ok,10.094,244d3efc78e803d007dc05640000ff00000000e803d007dc05640000ff00000000e803d007dc05640000ff00000000e803d007dc05640000ff00000000e803d007dc05640000ff00000000e803d007dc05640000ff00000000e803d007dc05640000ff00000000e803d007dc05640000ff00000000e803d007dc05640000ff00000000e803d007dc05640000ff00000000e803d007dc05640000ff00000000e803d007dc05640000ff00000000e803d007dc05640000ff00000000e803d007dc05640000ff00000000e803d007dc05640000ff00000000e803d007dc05640000ff00000000e803d007dc05640000ff00000000e803d007dc05640000ff0000000084,e803d007dc05640000ff00000000e803d007dc05640000ff00000000e803d007dc05640000ff00000000e803d007dc05640000ff00000000e803d007dc05640000ff00000000e803d007dc05640000ff00000000e803d007dc05640000ff00000000e803d007dc05640000ff00000000e803d007dc05640000ff00000000e803d007dc05640000ff00000000e803d007dc05640000ff00000000e803d007dc05640000ff00000000e803d007dc05640000ff00000000e803d007dc05640000ff00000000e803d007dc05640000ff00000000e803d007dc05640000ff00000000e803d007dc05640000ff00000000e803d007dc05640000ff00000000
2026-10-04T12:58:38.739031+00:00,187010527772541,151,ok,9.644,244d3e09970101010001010001009e,010101000101000100
2026-10-04T12:58:38.749042+00:00,187010537613375,166,ok,9.805,244d3e15a678000100000000000000980500000f270f270f274a35,78000100000000000000980500000f270f270f274a
2026-10-04T12:58:39.611358+00:00,187011408356416,1,ok,1.392,244d3e030100020505,000205
2026-10-04T12:58:39.621447+00:00,187011409876250,2,ok,9.962,244d3e0402494e415616,494e4156
2026-10-04T12:58:39.631498+00:00,187011419974375,3,ok,9.913,244d3e030309010008,090100
2026-10-04T12:58:39.641468+00:00,187011430036041,4,ok,9.827,244d3e18044d373241000002010f4d414d4241463732325f323032324136,4d373241000002010f4d414d4241463732325f3230323241
2026-10-04T12:58:39.651492+00:00,187011439980083,101,ok,9.907,244d3e0b65f7033200cb000000008000e3,f7033200cb000000008000
2026-10-04T12:58:39.661494+00:00,187011450008375,106,ok,9.881,244d3e126a00000000000000000000efff000000000f2740,00000000000000000000efff000000000f27
2026-10-04T12:58:39.671515+00:00,187011459989500,107,ok,9.919,244d3e056b00000000016f,0000000001
2026-10-04T12:58:39.681613+00:00,187011470021666,108,ok,9.981,244d3e066c7800d7ff00003a,7800d7ff0000
2026-10-04T12:58:39.691612+00:00,187011480146958,109,ok,9.862,244d3e0a6d0000000000001200000075,00000000000012000000
2026-10-04T12:58:39.701652+00:00,187011490110958,110,ok,9.932,244d3e076e97000000000000fe,97000000000000
2026-10-04T12:58:39.711730+00:00,187011500311041,118,ok,9.810,244d3e15760004000000000000000000000000000000000000a5c2,0004000000000000000000000000000000000000a5
2026-10-04T12:58:39.721932+00:00,187011510281416,120,ok,10.046,244d3efc78e803d007dc05640000ff00000000e803d007dc05640000ff00000000e803d007dc05640000ff00000000e803d007dc05640000ff00000000e803d007dc05640000ff00000000e803d007dc05640000ff00000000e803d007dc05640000ff00000000e803d007dc05640000ff00000000e803d007dc05640000ff00000000e803d007dc05640000ff00000000e803d007dc05640000ff00000000e803d007dc05640000ff00000000e803d007dc05640000ff00000000e803d007dc05640000ff00000000e803d007dc05640000ff00000000e803d007dc05640000ff00000000e803d007dc05640000ff00000000e803d007dc05640000ff0000000084,e803d007dc05640000ff00000000e803d007dc05640000ff00000000e803d007dc05640000ff00000000e803d007dc05640000ff00000000e803d007dc05640000ff00000000e803d007dc05640000ff00000000e803d007dc05640000ff00000000e803d007dc05640000ff00000000e803d007dc05640000ff00000000e803d007dc05640000ff00000000e803d007dc05640000ff00000000e803d007dc05640000ff00000000e803d007dc05640000ff00000000e803d007dc05640000ff00000000e803d007dc05640000ff00000000e803d007dc05640000ff00000000e803d007dc05640000ff00000000e803d007dc05640000ff00000000
2026-10-04T12:58:39.731715+00:00,187011520503708,151,ok,9.602,244d3e09970101010001010001009e,010101000101000100
2026-10-04T12:58:39.741797+00:00,187011530269500,166,ok,9.918,244d3e15a678000100000000000000a90500000f270f270f274a04,78000100000000000000a90500000f270f270f274a
2026-10-04T12:58:40.625137+00:00,187012413425166,1,ok,10.105,244d3e030100020505,000205
2026-10-04T12:58:40.635207+00:00,187012423663458,2,ok,9.934,244d3e0402494e415616,494e4156
2026-10-04T12:58:40.645561+00:00,187012433759375,3,ok,10.191,244d3e030309010008,090100
2026-10-04T12:58:40.655555+00:00,187012444112750,4,ok,9.834,244d3e18044d373241000002010f4d414d4241463732325f323032324136,4d373241000002010f4d414d4241463732325f3230323241
2026-10-04T12:58:40.665583+00:00,187012454123083,101,ok,9.846,244d3e0b65f0033200cb000000008000e4,f0033200cb000000008000
2026-10-04T12:58:40.675537+00:00,187012464157666,106,ok,9.775,244d3e126a00000000000000000000efff000000000f2740,00000000000000000000efff000000000f27
2026-10-04T12:58:40.685606+00:00,187012474066708,107,ok,9.933,244d3e056b00000000016f,0000000001
2026-10-04T12:58:40.695484+00:00,187012484110458,108,ok,9.770,244d3e066c7800d7ff00003a,7800d7ff0000
2026-10-04T12:58:40.705320+00:00,187012494028291,109,ok,9.688,244d3e0a6d0000000000001200000075,00000000000012000000
2026-10-04T12:58:40.715512+00:00,187012503849833,110,ok,10.052,244d3e076e97000000000000fe,97000000000000
2026-10-04T12:58:40.725699+00:00,187012514114083,118,ok,9.980,244d3e15760004000000000000000000000000000000000000a5c2,0004000000000000000000000000000000000000a5
2026-10-04T12:58:40.735944+00:00,187012524249291,120,ok,10.086,244d3efc78e803d007dc05640000ff00000000e803d007dc05640000ff00000000e803d007dc05640000ff00000000e803d007dc05640000ff00000000e803d007dc05640000ff00000000e803d007dc05640000ff00000000e803d007dc05640000ff00000000e803d007dc05640000ff00000000e803d007dc05640000ff00000000e803d007dc05640000ff00000000e803d007dc05640000ff00000000e803d007dc05640000ff00000000e803d007dc05640000ff00000000e803d007dc05640000ff00000000e803d007dc05640000ff00000000e803d007dc05640000ff00000000e803d007dc05640000ff00000000e803d007dc05640000ff0000000084,e803d007dc05640000ff00000000e803d007dc05640000ff00000000e803d007dc05640000ff00000000e803d007dc05640000ff00000000e803d007dc05640000ff00000000e803d007dc05640000ff00000000e803d007dc05640000ff00000000e803d007dc05640000ff00000000e803d007dc05640000ff00000000e803d007dc05640000ff00000000e803d007dc05640000ff00000000e803d007dc05640000ff00000000e803d007dc05640000ff00000000e803d007dc05640000ff00000000e803d007dc05640000ff00000000e803d007dc05640000ff00000000e803d007dc05640000ff00000000e803d007dc05640000ff00000000
2026-10-04T12:58:40.745717+00:00,187012534554625,151,ok,9.560,244d3e09970101010001010001009e,010101000101000100
2026-10-04T12:58:40.755767+00:00,187012544205208,166,ok,9.955,244d3e15a678000100000000000000b90500000f270f270f274a14,78000100000000000000b90500000f270f270f274a
2026-10-04T12:58:41.628875+00:00,187013418464375,1,ok,8.804,244d3e030100020505,000205
2026-10-04T12:58:41.638871+00:00,187013427420750,2,ok,9.844,244d3e0402494e415616,494e4156
2026-10-04T12:58:41.648909+00:00,187013437396125,3,ok,9.905,244d3e030309010008,090100
2026-10-04T12:58:41.659247+00:00,187013447468208,4,ok,10.175,244d3e18044d373241000002010f4d414d4241463732325f323032324136,4d373241000002010f4d414d4241463732325f3230323241
2026-10-04T12:58:41.669214+00:00,187013457858916,101,ok,9.751,244d3e0b6505043200cb00000000800016,05043200cb000000008000
2026-10-04T12:58:41.679389+00:00,187013467740666,106,ok,10.046,244d3e126a00000000000000000000efff000000000f2740,00000000000000000000efff000000000f27
2026-10-04T12:58:41.689361+00:00,187013477905083,107,ok,9.850,244d3e056b00000000016f,0000000001
2026-10-04T12:58:41.699256+00:00,187013487894083,108,ok,9.761,244d3e066c7800d7ff00003a,7800d7ff0000
2026-10-04T12:58:41.709333+00:00,187013497751041,109,ok,9.980,244d3e0a6d0000000000001200000075,00000000000012000000
2026-10-04T12:58:41.719370+00:00,187013507961833,110,ok,9.803,244d3e076e97000000000000fe,97000000000000
2026-10-04T12:58:41.729391+00:00,187013517929250,118,ok,9.858,244d3e15760004000000000000000000000000000000000000a5c2,0004000000000000000000000000000000000000a5
2026-10-04T12:58:41.739934+00:00,187013527945958,120,ok,10.385,244d3efc78e803d007dc05640000ff00000000e803d007dc05640000ff00000000e803d007dc05640000ff00000000e803d007dc05640000ff00000000e803d007dc05640000ff00000000e803d007dc05640000ff00000000e803d007dc05640000ff00000000e803d007dc05640000ff00000000e803d007dc05640000ff00000000e803d007dc05640000ff00000000e803d007dc05640000ff00000000e803d007dc05640000ff00000000e803d007dc05640000ff00000000e803d007dc05640000ff00000000e803d007dc05640000ff00000000e803d007dc05640000ff00000000e803d007dc05640000ff00000000e803d007dc05640000ff0000000084,e803d007dc05640000ff00000000e803d007dc05640000ff00000000e803d007dc05640000ff00000000e803d007dc05640000ff00000000e803d007dc05640000ff00000000e803d007dc05640000ff00000000e803d007dc05640000ff00000000e803d007dc05640000ff00000000e803d007dc05640000ff00000000e803d007dc05640000ff00000000e803d007dc05640000ff00000000e803d007dc05640000ff00000000e803d007dc05640000ff00000000e803d007dc05640000ff00000000e803d007dc05640000ff00000000e803d007dc05640000ff00000000e803d007dc05640000ff00000000e803d007dc05640000ff00000000
2026-10-04T12:58:41.749708+00:00,187013538506250,151,ok,9.596,244d3e09970101010001010001009e,010101000101000100
2026-10-04T12:58:41.759792+00:00,187013548260083,166,ok,9.928,244d3e15a678000100000000000000c90500000f270f270f274a64,78000100000000000000c90500000f270f270f274a
2026-10-04T12:58:42.634127+00:00,187014423501583,1,ok,9.015,244d3e030100020505,000205
2026-10-04T12:58:42.644088+00:00,187014432720833,2,ok,9.763,244d3e0402494e415616,494e4156
2026-10-04T12:58:42.654122+00:00,187014442640750,3,ok,9.877,244d3e030309010008,090100
2026-10-04T12:58:42.664232+00:00,187014452687083,4,ok,9.928,244d3e18044d373241000002010f4d414d4241463732325f323032324136,4d373241000002010f4d414d4241463732325f3230323241
2026-10-04T12:58:42.674394+00:00,187014462819541,101,ok,9.963,244d3e0b65fc033200cb000000008000e8,fc033200cb000000008000
2026-10-04T12:58:42.684134+00:00,187014473017125,106,ok,9.517,244d3e126a00000000000000000000efff000000000f2740,00000000000000000000efff000000000f27
2026-10-04T12:58:42.694235+00:00,187014482661666,107,ok,9.970,244d3e056b00000000016f,0000000001
2026-10-04T12:58:42.704421+00:00,187014492813875,108,ok,10.010,244d3e066c7800d7ff00003a,7800d7ff0000
2026-10-04T12:58:42.714628+00:00,187014502942958,109,ok,10.075,244d3e0a6d0000000000001200000075,00000000000012000000
2026-10-04T12:58:42.724639+00:00,187014513201250,110,ok,9.836,244d3e076e97000000000000fe,97000000000000
2026-10-04T12:58:42.734742+00:00,187014523179916,118,ok,9.902,244d3e15760004000000000000000000000000000000000000a5c2,0004000000000000000000000000000000000000a5
2026-10-04T12:58:42.744786+00:00,187014533345166,120,ok,9.841,244d3efc78e803d007dc05640000ff00000000e803d007dc05640000ff00000000e803d007dc05640000ff00000000e803d007dc05640000ff00000000e803d007dc05640000ff00000000e803d007dc05640000ff00000000e803d007dc05640000ff00000000e803d007dc05640000ff00000000e803d007dc05640000ff00000000e803d007dc05640000ff00000000e803d007dc05640000ff00000000e803d007dc05640000ff00000000e803d007dc05640000ff00000000e803d007dc05640000ff00000000e803d007dc05640000ff00000000e803d007dc05640000ff00000000e803d007dc05640000ff00000000e803d007dc05640000ff0000000084,e803d007dc05640000ff00000000e803d007dc05640000ff00000000e803d007dc05640000ff00000000e803d007dc05640000ff00000000e803d007dc05640000ff00000000e803d007dc05640000ff00000000e803d007dc05640000ff00000000e803d007dc05640000ff00000000e803d007dc05640000ff00000000e803d007dc05640000ff00000000e803d007dc05640000ff00000000e803d007dc05640000ff00000000e803d007dc05640000ff00000000e803d007dc05640000ff00000000e803d007dc05640000ff00000000e803d007dc05640000ff00000000e803d007dc05640000ff00000000e803d007dc05640000ff00000000
2026-10-04T12:58:42.754588+00:00,187014543333333,151,ok,9.653,244d3e09970101010001010001009e,010101000101000100
2026-10-04T12:58:42.764766+00:00,187014553102291,166,ok,10.049,244d3e15a68c000100000000000000d90500000f270f270f274a80,8c000100000000000000d90500000f270f270f274a
2026-10-04T12:58:43.637704+00:00,187015426554333,1,ok,9.550,244d3e030100020505,000205
2026-10-04T12:58:43.647754+00:00,187015436227833,2,ok,9.926,244d3e0402494e415616,494e4156
2026-10-04T12:58:43.658081+00:00,187015446279791,3,ok,10.199,244d3e030309010008,090100
2026-10-04T12:58:43.668389+00:00,187015456621958,4,ok,10.167,244d3e18044d373241000002010f4d414d4241463732325f323032324136,4d373241000002010f4d414d4241463732325f3230323241
2026-10-04T12:58:43.678146+00:00,187015466913708,101,ok,9.631,244d3e0b65ea033200cb000000008000fe,ea033200cb000000008000
2026-10-04T12:58:43.688173+00:00,187015476669666,106,ok,9.903,244d3e126a00000000000000000000efff000000000f2740,00000000000000000000efff000000000f27
2026-10-04T12:58:43.698224+00:00,187015486698041,107,ok,9.922,244d3e056b00000000016f,0000000001
2026-10-04T12:58:43.708247+00:00,187015496826083,108,ok,9.819,244d3e066c7800d7ff00003a,7800d7ff0000
2026-10-04T12:58:43.718247+00:00,187015506818916,109,ok,9.828,244d3e0a6d0000000000001200000075,00000000000012000000
2026-10-04T12:58:43.728362+00:00,187015516781750,110,ok,9.978,244d3e076e97000000000000fe,97000000000000
2026-10-04T12:58:43.738575+00:00,187015526914083,118,ok,10.063,244d3e15760004000000000000000000000000000000000000a5c2,0004000000000000000000000000000000000000a5
2026-10-04T12:58:43.748819+00:00,187015537110791,120,ok,10.108,244d3efc78e803d007dc05640000ff00000000e803d007dc05640000ff00000000e803d007dc05640000ff00000000e803d007dc05640000ff00000000e803d007dc05640000ff00000000e803d007dc05640000ff00000000e803d007dc05640000ff00000000e803d007dc05640000ff00000000e803d007dc05640000ff00000000e803d007dc05640000ff00000000e803d007dc05640000ff00000000e803d007dc05640000ff00000000e803d007dc05640000ff00000000e803d007dc05640000ff00000000e803d007dc05640000ff00000000e803d007dc05640000ff00000000e803d007dc05640000ff00000000e803d007dc05640000ff0000000084,e803d007dc05640000ff00000000e803d007dc05640000ff00000000e803d007dc05640000ff00000000e803d007dc05640000ff00000000e803d007dc05640000ff00000000e803d007dc05640000ff00000000e803d007dc05640000ff00000000e803d007dc05640000ff00000000e803d007dc05640000ff00000000e803d007dc05640000ff00000000e803d007dc05640000ff00000000e803d007dc05640000ff00000000e803d007dc05640000ff00000000e803d007dc05640000ff00000000e803d007dc05640000ff00000000e803d007dc05640000ff00000000e803d007dc05640000ff00000000e803d007dc05640000ff00000000
2026-10-04T12:58:43.758681+00:00,187015547376916,151,ok,9.701,244d3e09970101010001010001009e,010101000101000100
2026-10-04T12:58:43.768606+00:00,187015557234166,166,ok,9.774,244d3e15a68c000100000000000000eb0500000f270f270f274ab2,8c000100000000000000eb0500000f270f270f274a
2026-10-04T12:58:44.632555+00:00,187016430289250,1,ok,0.661,244d3e030100020505,000205
2026-10-04T12:58:44.643048+00:00,187016431095583,2,ok,10.353,244d3e0402494e415616,494e4156
2026-10-04T12:58:44.653070+00:00,187016441659708,3,ok,9.804,244d3e030309010008,090100
2026-10-04T12:58:44.663107+00:00,187016451671083,4,ok,9.828,244d3e18044d373241000002010f4d414d4241463732325f323032324136,4d373241000002010f4d414d4241463732325f3230323241
2026-10-04T12:58:44.673001+00:00,187016461694208,101,ok,9.709,244d3e0b65f0033200cb000000008000e4,f0033200cb000000008000
2026-10-04T12:58:44.683026+00:00,187016471527958,106,ok,9.895,244d3e126a00000000000000000000efff000000000f2740,00000000000000000000efff000000000f27
2026-10-04T12:58:44.693082+00:00,187016481553125,107,ok,9.932,244d3e056b00000000016f,0000000001
2026-10-04T12:58:44.703210+00:00,187016491601333,108,ok,10.003,244d3e066c7800d7ff00003a,7800d7ff0000
2026-10-04T12:58:44.713200+00:00,187016501780458,109,ok,9.818,244d3e0a6d0000000000001200000075,00000000000012000000
2026-10-04T12:58:44.723118+00:00,187016511765583,110,ok,9.754,244d3e076e97000000000000fe,97000000000000
2026-10-04T12:58:44.733181+00:00,187016521655166,118,ok,9.923,244d3e15760004000000000000000000000000000000000000a5c2,0004000000000000000000000000000000000000a5
2026-10-04T12:58:44.743390+00:00,187016531761166,120,ok,10.032,244d3efc78e803d007dc05640000ff00000000e803d007dc05640000ff00000000e803d007dc05640000ff00000000e803d007dc05640000ff00000000e803d007dc05640000ff00000000e803d007dc05640000ff00000000e803d007dc05640000ff00000000e803d007dc05640000ff00000000e803d007dc05640000ff00000000e803d007dc05640000ff00000000e803d007dc05640000ff00000000e803d007dc05640000ff00000000e803d007dc05640000ff00000000e803d007dc05640000ff00000000e803d007dc05640000ff00000000e803d007dc05640000ff00000000e803d007dc05640000ff00000000e803d007dc05640000ff0000000084,e803d007dc05640000ff00000000e803d007dc05640000ff00000000e803d007dc05640000ff00000000e803d007dc05640000ff00000000e803d007dc05640000ff00000000e803d007dc05640000ff00000000e803d007dc05640000ff00000000e803d007dc05640000ff00000000e803d007dc05640000ff00000000e803d007dc05640000ff00000000e803d007dc05640000ff00000000e803d007dc05640000ff00000000e803d007dc05640000ff00000000e803d007dc05640000ff00000000e803d007dc05640000ff00000000e803d007dc05640000ff00000000e803d007dc05640000ff00000000e803d007dc05640000ff00000000
2026-10-04T12:58:44.753294+00:00,187016541976458,151,ok,9.705,244d3e09970101010001010001009e,010101000101000100
2026-10-04T12:58:44.763353+00:00,187016551838333,166,ok,9.909,244d3e15a678000100000000000000fa0500000f270f270f274a57,78000100000000000000fa0500000f270f270f274a
2026-10-04T12:58:45.636633+00:00,187017433124666,1,ok,1.903,244d3e030100020505,000205
2026-10-04T12:58:45.646666+00:00,187017435163166,2,ok,9.904,244d3e0402494e415616,494e4156
2026-10-04T12:58:45.656689+00:00,187017445196666,3,ok,9.897,244d3e030309010008,090100
2026-10-04T12:58:45.666661+00:00,187017455229708,4,ok,9.833,244d3e18044d373241000002010f4d414d4241463732325f323032324136,4d373241000002010f4d414d4241463732325f3230323241
2026-10-04T12:58:45.676809+00:00,187017465202916,101,ok,10.006,244d3e0b65f9033200cb000000008000ed,f9033200cb000000008000
2026-10-04T12:58:45.686846+00:00,187017475381541,106,ok,9.862,244d3e126a00000000000000000000efff000000000f2740,00000000000000000000efff000000000f27
2026-10-04T12:58:45.696637+00:00,187017485434375,107,ok,9.606,244d3e056b00000000016f,0000000001
2026-10-04T12:58:45.706489+00:00,187017495173583,108,ok,9.714,244d3e066c7800d7ff00003a,7800d7ff0000
2026-10-04T12:58:45.716878+00:00,187017505043916,109,ok,10.230,244d3e0a6d0000000000001200000075,00000000000012000000
2026-10-04T12:58:45.726832+00:00,187017515485583,110,ok,9.748,244d3e076e97000000000000fe,97000000000000
2026-10-04T12:58:45.736891+00:00,187017525375333,118,ok,9.914,244d3e15760004000000000000000000000000000000000000a5c2,0004000000000000000000000000000000000000a5
2026-10-04T12:58:45.747057+00:00,187017535448708,120,ok,10.013,244d3efc78e803d007dc05640000ff00000000e803d007dc05640000ff00000000e803d007dc05640000ff00000000e803d007dc05640000ff00000000e803d007dc05640000ff00000000e803d007dc05640000ff00000000e803d007dc05640000ff00000000e803d007dc05640000ff00000000e803d007dc05640000ff00000000e803d007dc05640000ff00000000e803d007dc05640000ff00000000e803d007dc05640000ff00000000e803d007dc05640000ff00000000e803d007dc05640000ff00000000e803d007dc05640000ff00000000e803d007dc05640000ff00000000e803d007dc05640000ff00000000e803d007dc05640000ff0000000084,e803d007dc05640000ff00000000e803d007dc05640000ff00000000e803d007dc05640000ff00000000e803d007dc05640000ff00000000e803d007dc05640000ff00000000e803d007dc05640000ff00000000e803d007dc05640000ff00000000e803d007dc05640000ff00000000e803d007dc05640000ff00000000e803d007dc05640000ff00000000e803d007dc05640000ff00000000e803d007dc05640000ff00000000e803d007dc05640000ff00000000e803d007dc05640000ff00000000e803d007dc05640000ff00000000e803d007dc05640000ff00000000e803d007dc05640000ff00000000e803d007dc05640000ff00000000
2026-10-04T12:58:45.756916+00:00,187017545600791,151,ok,9.715,244d3e09970101010001010001009e,010101000101000100
2026-10-04T12:58:45.766873+00:00,187017555484208,166,ok,9.797,244d3e15a6780001000000000000000a0600000f270f270f274aa4,780001000000000000000a0600000f270f270f274a
2026-10-04T12:58:46.639643+00:00,187018436597458,1,ok,1.446,244d3e030100020505,000205
2026-10-04T12:58:46.649860+00:00,187018438185916,2,ok,10.071,244d3e0402494e415616,494e4156
2026-10-04T12:58:46.659851+00:00,187018448461708,3,ok,9.791,244d3e030309010008,090100
2026-10-04T12:58:46.669801+00:00,187018458419208,4,ok,9.786,244d3e18044d373241000002010f4d414d4241463732325f323032324136,4d373241000002010f4d414d4241463732325f3230323241
2026-10-04T12:58:46.679806+00:00,187018468347791,101,ok,9.864,244d3e0b65f5033200cb000000008000e1,f5033200cb000000008000
2026-10-04T12:58:46.689919+00:00,187018478358000,106,ok,9.957,244d3e126a00000000000000000000efff000000000f2740,00000000000000000000efff000000000f27
2026-10-04T12:58:46.699937+00:00,187018488529166,107,ok,9.805,244d3e056b00000000016f,0000000001
2026-10-04T12:58:46.709855+00:00,187018498559708,108,ok,9.703,244d3e066c7800d8ff000035,7800d8ff0000
2026-10-04T12:58:46.720004+00:00,187018508377333,109,ok,10.029,244d3e0a6d0000000000001200000075,00000000000012000000
2026-10-04T12:58:46.729989+00:00,187018518556625,110,ok,9.831,244d3e076e97000000000000fe,97000000000000
2026-10-04T12:58:46.739993+00:00,187018528586375,118,ok,9.809,244d3e15760004000000000000000000000000000000000000a5c2,0004000000000000000000000000000000000000a5
2026-10-04T12:58:46.750534+00:00,187018538596916,120,ok,10.336,244d3efc78e803d007dc05640000ff00000000e803d007dc05640000ff00000000e803d007dc05640000ff00000000e803d007dc05640000ff00000000e803d007dc05640000ff00000000e803d007dc05640000ff00000000e803d007dc05640000ff00000000e803d007dc05640000ff00000000e803d007dc05640000ff00000000e803d007dc05640000ff00000000e803d007dc05640000ff00000000e803d007dc05640000ff00000000e803d007dc05640000ff00000000e803d007dc05640000ff00000000e803d007dc05640000ff00000000e803d007dc05640000ff00000000e803d007dc05640000ff00000000e803d007dc05640000ff0000000084,e803d007dc05640000ff00000000e803d007dc05640000ff00000000e803d007dc05640000ff00000000e803d007dc05640000ff00000000e803d007dc05640000ff00000000e803d007dc05640000ff00000000e803d007dc05640000ff00000000e803d007dc05640000ff00000000e803d007dc05640000ff00000000e803d007dc05640000ff00000000e803d007dc05640000ff00000000e803d007dc05640000ff00000000e803d007dc05640000ff00000000e803d007dc05640000ff00000000e803d007dc05640000ff00000000e803d007dc05640000ff00000000e803d007dc05640000ff00000000e803d007dc05640000ff00000000
2026-10-04T12:58:46.760217+00:00,187018549198125,151,ok,9.422,244d3e09970101010001010001009e,010101000101000100
2026-10-04T12:58:46.770041+00:00,187018558794958,166,ok,9.649,244d3e15a6780001000000000000001a0600000f270f270f274ab4,780001000000000000001a0600000f270f270f274a
2026-10-04T12:58:47.653476+00:00,187019441218291,1,ok,10.659,244d3e030100020505,000205
2026-10-04T12:58:47.663541+00:00,187019452040833,2,ok,9.904,244d3e0402494e415616,494e4156
2026-10-04T12:58:47.673501+00:00,187019462106875,3,ok,9.792,244d3e030309010008,090100
2026-10-04T12:58:47.683471+00:00,187019472058541,4,ok,9.820,244d3e18044d373241000002010f4d414d4241463732325f323032324136,4d373241000002010f4d414d4241463732325f3230323241
2026-10-04T12:58:47.693476+00:00,187019481991541,101,ok,9.893,244d3e0b6503043200cb00000000800010,03043200cb000000008000
2026-10-04T12:58:47.703533+00:00,187019491994833,106,ok,9.944,244d3e126a00000000000000000000efff000000000f2740,00000000000000000000efff000000000f27
2026-10-04T12:58:47.713582+00:00,187019502064333,107,ok,9.925,244d3e056b00000000016f,0000000001
2026-10-04T12:58:47.723611+00:00,187019512112541,108,ok,9.903,244d3e066c7800d8ff000035,7800d8ff0000
2026-10-04T12:58:47.733658+00:00,187019522181833,109,ok,9.881,244d3e0a6d0000000000001200000075,00000000000012000000
2026-10-04T12:58:47.743648+00:00,187019532184625,110,ok,9.869,244d3e076e97000000000000fe,97000000000000
2026-10-04T12:58:47.753661+00:00,187019542201958,118,ok,9.866,244d3e15760004000000000000000000000000000000000000a5c2,0004000000000000000000000000000000000000a5
2026-10-04T12:58:47.763922+00:00,187019552195250,120,ok,10.129,244d3efc78e803d007dc05640000ff00000000e803d007dc05640000ff00000000e803d007dc05640000ff00000000e803d007dc05640000ff00000000e803d007dc05640000ff00000000e803d007dc05640000ff00000000e803d007dc05640000ff00000000e803d007dc05640000ff00000000e803d007dc05640000ff00000000e803d007dc05640000ff00000000e803d007dc05640000ff00000000e803d007dc05640000ff00000000e803d007dc05640000ff00000000e803d007dc05640000ff00000000e803d007dc05640000ff00000000e803d007dc05640000ff00000000e803d007dc05640000ff00000000e803d007dc05640000ff0000000084,e803d007dc05640000ff00000000e803d007dc05640000ff00000000e803d007dc05640000ff00000000e803d007dc05640000ff00000000e803d007dc05640000ff00000000e803d007dc05640000ff00000000e803d007dc05640000ff00000000e803d007dc05640000ff00000000e803d007dc05640000ff00000000e803d007dc05640000ff00000000e803d007dc05640000ff00000000e803d007dc05640000ff00000000e803d007dc05640000ff00000000e803d007dc05640000ff00000000e803d007dc05640000ff00000000e803d007dc05640000ff00000000e803d007dc05640000ff00000000e803d007dc05640000ff00000000
2026-10-04T12:58:47.774007+00:00,187019562580541,151,ok,9.833,244d3e09970101010001010001009e,010101000101000100
2026-10-04T12:58:47.784131+00:00,187019572527458,166,ok,9.999,244d3e15a68d0001000000000000002c0600000f270f270f274a77,8d0001000000000000002c0600000f270f270f274a
2026-10-04T12:58:48.658525+00:00,187020446123041,1,ok,10.810,244d3e030100020505,000205
2026-10-04T12:58:48.668389+00:00,187020457071041,2,ok,9.722,244d3e0402494e415616,494e4156
2026-10-04T12:58:48.678484+00:00,187020466964916,3,ok,9.920,244d3e030309010008,090100
2026-10-04T12:58:48.688471+00:00,187020477086666,4,ok,9.789,244d3e18044d373241000002010f4d414d4241463732325f323032324136,4d373241000002010f4d414d4241463732325f3230323241
2026-10-04T12:58:48.698394+00:00,187020487044958,101,ok,9.758,244d3e0b65f1033200cb000000008000e5,f1033200cb000000008000
2026-10-04T12:58:48.708471+00:00,187020496926250,106,ok,9.953,244d3e126a00000000000000000000efff000000000f2740,00000000000000000000efff000000000f27
2026-10-04T12:58:48.718529+00:00,187020507039083,107,ok,9.893,244d3e056b00000000016f,0000000001
2026-10-04T12:58:48.728592+00:00,187020517085333,108,ok,9.908,244d3e066c7800d8ff000035,7800d8ff0000
2026-10-04T12:58:48.738423+00:00,187020527182041,109,ok,9.653,244d3e0a6d0000000000001200000075,00000000000012000000
2026-10-04T12:58:48.748565+00:00,187020536921791,110,ok,10.048,244d3e076e97000000000000fe,97000000000000
2026-10-04T12:58:48.758919+00:00,187020547124083,118,ok,10.198,244d3e15760004000000000000000000000000000000000000a5c2,0004000000000000000000000000000000000000a5
2026-10-04T12:58:48.769036+00:00,187020557471875,120,ok,9.976,244d3efc78e803d007dc05640000ff00000000e803d007dc05640000ff00000000e803d007dc05640000ff00000000e803d007dc05640000ff00000000e803d007dc05640000ff00000000e803d007dc05640000ff00000000e803d007dc05640000ff00000000e803d007dc05640000ff00000000e803d007dc05640000ff00000000e803d007dc05640000ff00000000e803d007dc05640000ff00000000e803d007dc05640000ff00000000e803d007dc05640000ff00000000e803d007dc05640000ff00000000e803d007dc05640000ff00000000e803d007dc05640000ff00000000e803d007dc05640000ff00000000e803d007dc05640000ff0000000084,e803d007dc05640000ff00000000e803d007dc05640000ff00000000e803d007dc05640000ff00000000e803d007dc05640000ff00000000e803d007dc05640000ff00000000e803d007dc05640000ff00000000e803d007dc05640000ff00000000e803d007dc05640000ff00000000e803d007dc05640000ff00000000e803d007dc05640000ff00000000e803d007dc05640000ff00000000e803d007dc05640000ff00000000e803d007dc05640000ff00000000e803d007dc05640000ff00000000e803d007dc05640000ff00000000e803d007dc05640000ff00000000e803d007dc05640000ff00000000e803d007dc05640000ff00000000
2026-10-04T12:58:48.779173+00:00,187020567564083,151,ok,10.019,244d3e09970101010001010001009e,010101000101000100
2026-10-04T12:58:48.789170+00:00,187020577697458,166,ok,9.878,244d3e15a68d0001000000000000003c0600000f270f270f274a67,8d0001000000000000003c0600000f270f270f274a
2026-10-04T12:58:49.653826+00:00,187021451141750,1,ok,1.086,244d3e030100020505,000205
2026-10-04T12:58:49.663889+00:00,187021452419541,2,ok,9.874,244d3e0402494e415616,494e4156
2026-10-04T12:58:49.673988+00:00,187021462452208,3,ok,9.936,244d3e030309010008,090100
2026-10-04T12:58:49.683965+00:00,187021472627708,4,ok,9.741,244d3e18044d373241000002010f4d414d4241463732325f323032324136,4d373241000002010f4d414d4241463732325f3230323241
2026-10-04T12:58:49.694029+00:00,187021482548041,101,ok,9.882,244d3e0b65eb033200cb000000008000ff,eb033200cb000000008000
2026-10-04T12:58:49.704309+00:00,187021492622750,106,ok,10.098,244d3e126a00000000000000000000efff000000000f2740,00000000000000000000efff000000000f27
2026-10-04T12:58:49.714379+00:00,187021502837291,107,ok,9.947,244d3e056b00000000016f,0000000001
2026-10-04T12:58:49.724359+00:00,187021512942416,108,ok,9.821,244d3e066c7800d8ff000035,7800d8ff0000
2026-10-04T12:58:49.734808+00:00,187021522911125,109,ok,10.300,244d3e0a6d0000000000001200000075,00000000000012000000
2026-10-04T12:58:49.744656+00:00,187021533541750,110,ok,9.519,244d3e076e97000000000000fe,97000000000000
2026-10-04T12:58:49.754705+00:00,187021543229875,118,ok,9.881,244d3e15760004000000000000000000000000000000000000a5c2,0004000000000000000000000000000000000000a5
2026-10-04T12:58:49.764854+00:00,187021553267916,120,ok,9.998,244d3efc78e803d007dc05640000ff00000000e803d007dc05640000ff00000000e803d007dc05640000ff00000000e803d007dc05640000ff00000000e803d007dc05640000ff00000000e803d007dc05640000ff00000000e803d007dc05640000ff00000000e803d007dc05640000ff00000000e803d007dc05640000ff00000000e803d007dc05640000ff00000000e803d007dc05640000ff00000000e803d007dc05640000ff00000000e803d007dc05640000ff00000000e803d007dc05640000ff00000000e803d007dc05640000ff00000000e803d007dc05640000ff00000000e803d007dc05640000ff00000000e803d007dc05640000ff0000000084,e803d007dc05640000ff00000000e803d007dc05640000ff00000000e803d007dc05640000ff00000000e803d007dc05640000ff00000000e803d007dc05640000ff00000000e803d007dc05640000ff00000000e803d007dc05640000ff00000000e803d007dc05640000ff00000000e803d007dc05640000ff00000000e803d007dc05640000ff00000000e803d007dc05640000ff00000000e803d007dc05640000ff00000000e803d007dc05640000ff00000000e803d007dc05640000ff00000000e803d007dc05640000ff00000000e803d007dc05640000ff00000000e803d007dc05640000ff00000000e803d007dc05640000ff00000000
2026-10-04T12:58:49.774665+00:00,187021563388541,151,ok,9.682,244d3e09970101010001010001009e,010101000101000100
2026-10-04T12:58:49.784652+00:00,187021573206541,166,ok,9.853,244d3e15a68c0001000000000000004d0600000f270f270f274a17,8c0001000000000000004d0600000f270f270f274a
2026-10-04T12:58:50.657730+00:00,187022455285666,1,ok,0.849,244d3e030100020505,000205
2026-10-04T12:58:50.668283+00:00,187022456249500,2,ok,10.443,244d3e0402494e415616,494e4156
2026-10-04T12:58:50.677870+00:00,187022466918958,3,ok,9.367,244d3e030309010008,090100
2026-10-04T12:58:50.687843+00:00,187022476377166,4,ok,9.884,244d3e18044d373241000002010f4d414d4241463732325f323032324136,4d373241000002010f4d414d4241463732325f3230323241
2026-10-04T12:58:50.697828+00:00,187022486326416,101,ok,9.922,244d3e0b65f3033200cb000000008000e7,f3033200cb000000008000
2026-10-04T12:58:50.708071+00:00,187022496286750,106,ok,10.197,244d3e126a00000000000000000000efff000000000f2740,00000000000000000000efff000000000f27
2026-10-04T12:58:50.717863+00:00,187022506600041,107,ok,9.684,244d3e056b00000000016f,0000000001
2026-10-04T12:58:50.727954+00:00,187022516368666,108,ok,10.003,244d3e066c7800d8ff000035,7800d8ff0000
2026-10-04T12:58:50.737888+00:00,187022526431333,109,ok,9.878,244d3e0a6d0000000000001200000075,00000000000012000000
2026-10-04T12:58:50.748237+00:00,187022536338625,110,ok,10.319,244d3e076e97000000000000fe,97000000000000
2026-10-04T12:58:50.758345+00:00,187022546694750,118,ok,10.063,244d3e15760004000000000000000000000000000000000000a5c2,0004000000000000000000000000000000000000a5
2026-10-04T12:58:50.768876+00:00,187022556871791,120,ok,10.412,244d3efc78e803d007dc05640000ff00000000e803d007dc05640000ff00000000e803d007dc05640000ff00000000e803d007dc05640000ff00000000e803d007dc05640000ff00000000e803d007dc05640000ff00000000e803d007dc05640000ff00000000e803d007dc05640000ff00000000e803d007dc05640000ff00000000e803d007dc05640000ff00000000e803d007dc05640000ff00000000e803d007dc05640000ff00000000e803d007dc05640000ff00000000e803d007dc05640000ff00000000e803d007dc05640000ff00000000e803d007dc05640000ff00000000e803d007dc05640000ff00000000e803d007dc05640000ff0000000084,e803d007dc05640000ff00000000e803d007dc05640000ff00000000e803d007dc05640000ff00000000e803d007dc05640000ff00000000e803d007dc05640000ff00000000e803d007dc05640000ff00000000e803d007dc05640000ff00000000e803d007dc05640000ff00000000e803d007dc05640000ff00000000e803d007dc05640000ff00000000e803d007dc05640000ff00000000e803d007dc05640000ff00000000e803d007dc05640000ff00000000e803d007dc05640000ff00000000e803d007dc05640000ff00000000e803d007dc05640000ff00000000e803d007dc05640000ff00000000e803d007dc05640000ff00000000
2026-10-04T12:58:50.778706+00:00,187022567449125,151,ok,9.669,244d3e09970101010001010001009e,010101000101000100
2026-10-04T12:58:50.788729+00:00,187022577244166,166,ok,9.898,244d3e15a6780001000000000000005d0600000f270f270f274af3,780001000000000000005d0600000f270f270f274a
2026-10-04T12:58:51.662872+00:00,187023457934333,1,ok,3.353,244d3e030100020505,000205
2026-10-04T12:58:51.672809+00:00,187023461376958,2,ok,9.841,244d3e0402494e415616,494e4156
2026-10-04T12:58:51.682773+00:00,187023471375333,3,ok,9.811,244d3e030309010008,090100
2026-10-04T12:58:51.692931+00:00,187023481296708,4,ok,10.046,244d3e18044d373241000002010f4d414d4241463732325f323032324136,4d373241000002010f4d414d4241463732325f3230323241
2026-10-04T12:58:51.702881+00:00,187023491491958,101,ok,9.794,244d3e0b65f8033200cb000000008000ec,f8033200cb000000008000
2026-10-04T12:58:51.712909+00:00,187023501451833,106,ok,9.864,244d3e126a00000000000000000000efff000000000f2740,00000000000000000000efff000000000f27
2026-10-04T12:58:51.722963+00:00,187023511493625,107,ok,9.877,244d3e056b00000000016f,0000000001
2026-10-04T12:58:51.732974+00:00,187023521549000,108,ok,9.837,244d3e066c7800d8ff000035,7800d8ff0000
2026-10-04T12:58:51.743303+00:00,187023531520333,109,ok,10.192,244d3e0a6d0000000000001200000075,00000000000012000000
2026-10-04T12:58:51.753304+00:00,187023541888541,110,ok,9.827,244d3e076e97000000000000fe,97000000000000
2026-10-04T12:58:51.763231+00:00,187023551867208,118,ok,9.780,244d3e15760004000000000000000000000000000000000000a5c2,0004000000000000000000000000000000000000a5
2026-10-04T12:58:51.773773+00:00,187023561770041,120,ok,10.417,244d3efc78e803d007dc05640000ff00000000e803d007dc05640000ff00000000e803d007dc05640000ff00000000e803d007dc05640000ff00000000e803d007dc05640000ff00000000e803d007dc05640000ff00000000e803d007dc05640000ff00000000e803d007dc05640000ff00000000e803d007dc05640000ff00000000e803d007dc05640000ff00000000e803d007dc05640000ff00000000e803d007dc05640000ff00000000e803d007dc05640000ff00000000e803d007dc05640000ff00000000e803d007dc05640000ff00000000e803d007dc05640000ff00000000e803d007dc05640000ff00000000e803d007dc05640000ff0000000084,e803d007dc05640000ff00000000e803d007dc05640000ff00000000e803d007dc05640000ff00000000e803d007dc05640000ff00000000e803d007dc05640000ff00000000e803d007dc05640000ff00000000e803d007dc05640000ff00000000e803d007dc05640000ff00000000e803d007dc05640000ff00000000e803d007dc05640000ff00000000e803d007dc05640000ff00000000e803d007dc05640000ff00000000e803d007dc05640000ff00000000e803d007dc05640000ff00000000e803d007dc05640000ff00000000e803d007dc05640000ff00000000e803d007dc05640000ff00000000e803d007dc05640000ff00000000
2026-10-04T12:58:51.783720+00:00,187023572323875,151,ok,9.805,244d3e09970101010001010001009e,010101000101000100
2026-10-04T12:58:51.793703+00:00,187023582313291,166,ok,9.798,244d3e15a68c0001000000000000006d0600000f270f270f274a37,8c0001000000000000006d0600000f270f270f274a
2026-10-04T12:58:52.666401+00:00,187024459442583,1,ok,5.369,244d3e030100020505,000205
2026-10-04T12:58:52.676507+00:00,187024464945375,2,ok,9.973,244d3e0402494e415616,494e4156
2026-10-04T12:58:52.686505+00:00,187024475087208,3,ok,9.830,244d3e030309010008,090100
2026-10-04T12:58:52.696532+00:00,187024485056666,4,ok,9.884,244d3e18044d373241000002010f4d414d4241463732325f323032324136,4d373241000002010f4d414d4241463732325f3230323241
2026-10-04T12:58:52.706533+00:00,187024495076708,101,ok,9.868,244d3e0b65f0033200cb000000008000e4,f0033200cb000000008000
2026-10-04T12:58:52.716650+00:00,187024505091208,106,ok,9.966,244d3e126a00000000000000000000efff000000000f2740,00000000000000000000efff000000000f27
2026-10-04T12:58:52.726608+00:00,187024515280708,107,ok,9.735,244d3e056b00000000016f,0000000001
2026-10-04T12:58:52.736568+00:00,187024525173291,108,ok,9.809,244d3e066c7800d8ff000035,7800d8ff0000
2026-10-04T12:58:52.746633+00:00,187024535112000,109,ok,9.931,244d3e0a6d0000000000001a0000007d,0000000000001a000000
2026-10-04T12:58:52.756721+00:00,187024545184458,110,ok,9.944,244d3e076e97000000000000fe,97000000000000
2026-10-04T12:58:52.766988+00:00,187024555306416,118,ok,10.091,244d3e15760004000000000000000000000000000000000000a5c2,0004000000000000000000000000000000000000a5
2026-10-04T12:58:52.777277+00:00,187024565551125,120,ok,10.133,244d3efc78e803d007dc05640000ff00000000e803d007dc05640000ff00000000e803d007dc05640000ff00000000e803d007dc05640000ff00000000e803d007dc05640000ff00000000e803d007dc05640000ff00000000e803d007dc05640000ff00000000e803d007dc05640000ff00000000e803d007dc05640000ff00000000e803d007dc05640000ff00000000e803d007dc05640000ff00000000e803d007dc05640000ff00000000e803d007dc05640000ff00000000e803d007dc05640000ff00000000e803d007dc05640000ff00000000e803d007dc05640000ff00000000e803d007dc05640000ff00000000e803d007dc05640000ff0000000084,e803d007dc05640000ff00000000e803d007dc05640000ff00000000e803d007dc05640000ff00000000e803d007dc05640000ff00000000e803d007dc05640000ff00000000e803d007dc05640000ff00000000e803d007dc05640000ff00000000e803d007dc05640000ff00000000e803d007dc05640000ff00000000e803d007dc05640000ff00000000e803d007dc05640000ff00000000e803d007dc05640000ff00000000e803d007dc05640000ff00000000e803d007dc05640000ff00000000e803d007dc05640000ff00000000e803d007dc05640000ff00000000e803d007dc05640000ff00000000e803d007dc05640000ff00000000
2026-10-04T12:58:52.786954+00:00,187024575932208,151,ok,9.431,244d3e09970101010001010001009e,010101000101000100
2026-10-04T12:58:52.796733+00:00,187024585536791,166,ok,9.607,244d3e15a68c0001000000000000007d0600000f270f270f274a27,8c0001000000000000007d0600000f270f270f274a
2026-10-04T12:58:53.671097+00:00,187025460636666,1,ok,8.874,244d3e030100020505,000205
2026-10-04T12:58:53.681122+00:00,187025469676791,2,ok,9.859,244d3e0402494e415616,494e4156
2026-10-04T12:58:53.691127+00:00,187025479714000,3,ok,9.826,244d3e030309010008,090100
2026-10-04T12:58:53.701308+00:00,187025489676625,4,ok,10.036,244d3e18044d373241000002010f4d414d4241463732325f323032324136,4d373241000002010f4d414d4241463732325f3230323241
2026-10-04T12:58:53.711542+00:00,187025499921041,101,ok,10.030,244d3e0b65fb033200cb000000008000ef,fb033200cb000000008000
2026-10-04T12:58:53.721078+00:00,187025510161583,106,ok,9.337,244d3e126a00000000000000000000efff000000000f2740,00000000000000000000efff000000000f27
2026-10-04T12:58:53.731160+00:00,187025519597083,107,ok,9.978,244d3e056b00000000016f,0000000001
2026-10-04T12:58:53.741219+00:00,187025529729000,108,ok,9.901,244d3e066c7800d8ff000035,7800d8ff0000
2026-10-04T12:58:53.751336+00:00,187025539798750,109,ok,9.949,244d3e0a6d0000000000001200000075,00000000000012000000
2026-10-04T12:58:53.761623+00:00,187025549885958,110,ok,10.150,244d3e076e97000000000000fe,97000000000000
2026-10-04T12:58:53.771600+00:00,187025560222916,118,ok,9.784,244d3e15760004000000000000000000000000000000000000a5c2,0004000000000000000000000000000000000000a5
2026-10-04T12:58:53.781923+00:00,187025570174750,120,ok,10.148,244d3efc78e803d007dc05640000ff00000000e803d007dc05640000ff00000000e803d007dc05640000ff00000000e803d007dc05640000ff00000000e803d007dc05640000ff00000000e803d007dc05640000ff00000000e803d007dc05640000ff00000000e803d007dc05640000ff00000000e803d007dc05640000ff00000000e803d007dc05640000ff00000000e803d007dc05640000ff00000000e803d007dc05640000ff00000000e803d007dc05640000ff00000000e803d007dc05640000ff00000000e803d007dc05640000ff00000000e803d007dc05640000ff00000000e803d007dc05640000ff00000000e803d007dc05640000ff0000000084,e803d007dc05640000ff00000000e803d007dc05640000ff00000000e803d007dc05640000ff00000000e803d007dc05640000ff00000000e803d007dc05640000ff00000000e803d007dc05640000ff00000000e803d007dc05640000ff00000000e803d007dc05640000ff00000000e803d007dc05640000ff00000000e803d007dc05640000ff00000000e803d007dc05640000ff00000000e803d007dc05640000ff00000000e803d007dc05640000ff00000000e803d007dc05640000ff00000000e803d007dc05640000ff00000000e803d007dc05640000ff00000000e803d007dc05640000ff00000000e803d007dc05640000ff00000000
2026-10-04T12:58:53.791354+00:00,187025580566875,151,ok,9.203,244d3e09970101010001010001009e,010101000101000100
2026-10-04T12:58:53.801297+00:00,187025589915125,166,ok,9.800,244d3e15a68c0001000000000000008d0600000f270f270f274ad7,8c0001000000000000008d0600000f270f270f274a
2026-10-04T12:58:54.664883+00:00,187026461357041,1,ok,1.946,244d3e030100020505,000205
2026-10-04T12:58:54.675080+00:00,187026463385500,2,ok,10.111,244d3e0402494e415616,494e4156
2026-10-04T12:58:54.685146+00:00,187026473650875,3,ok,9.914,244d3e030309010008,090100
2026-10-04T12:58:54.695124+00:00,187026483669458,4,ok,9.869,244d3e18044d373241000002010f4d414d4241463732325f323032324136,4d373241000002010f4d414d4241463732325f3230323241
2026-10-04T12:58:54.705043+00:00,187026493717000,101,ok,9.741,244d3e0b65f1033200cb000000008000e5,f1033200cb000000008000
2026-10-04T12:58:54.715225+00:00,187026503559625,106,ok,10.072,244d3e126a00000000000000000000efff000000000f2740,00000000000000000000efff000000000f27
2026-10-04T12:58:54.725189+00:00,187026513821416,107,ok,9.780,244d3e056b00000000016f,0000000001
2026-10-04T12:58:54.735187+00:00,187026523854041,108,ok,9.746,244d3e066c7800d8ff000035,7800d8ff0000
2026-10-04T12:58:54.745452+00:00,187026533752750,109,ok,10.117,244d3e0a6d0000000000001200000075,00000000000012000000
2026-10-04T12:58:54.755488+00:00,187026543980750,110,ok,9.924,244d3e076e97000000000000fe,97000000000000
2026-10-04T12:58:54.765474+00:00,187026554029125,118,ok,9.866,244d3e15760004000000000000000000000000000000000000a5c2,0004000000000000000000000000000000000000a5
2026-10-04T12:58:54.775787+00:00,187026564009375,120,ok,10.192,244d3efc78e803d007dc05640000ff00000000e803d007dc05640000ff00000000e803d007dc05640000ff00000000e803d007dc05640000ff00000000e803d007dc05640000ff00000000e803d007dc05640000ff00000000e803d007dc05640000ff00000000e803d007dc05640000ff00000000e803d007dc05640000ff00000000e803d007dc05640000ff00000000e803d007dc05640000ff00000000e803d007dc05640000ff00000000e803d007dc05640000ff00000000e803d007dc05640000ff00000000e803d007dc05640000ff00000000e803d007dc05640000ff00000000e803d007dc05640000ff00000000e803d007dc05640000ff0000000084,e803d007dc05640000ff00000000e803d007dc05640000ff00000000e803d007dc05640000ff00000000e803d007dc05640000ff00000000e803d007dc05640000ff00000000e803d007dc05640000ff00000000e803d007dc05640000ff00000000e803d007dc05640000ff00000000e803d007dc05640000ff00000000e803d007dc05640000ff00000000e803d007dc05640000ff00000000e803d007dc05640000ff00000000e803d007dc05640000ff00000000e803d007dc05640000ff00000000e803d007dc05640000ff00000000e803d007dc05640000ff00000000e803d007dc05640000ff00000000e803d007dc05640000ff00000000
2026-10-04T12:58:54.785676+00:00,187026574544625,151,ok,9.541,244d3e09970101010001010001009e,010101000101000100
2026-10-04T12:58:54.795706+00:00,187026584262416,166,ok,9.854,244d3e15a68c0001000000000000009e0600000f270f270f274ac4,8c0001000000000000009e0600000f270f270f274a
2026-10-04T12:58:55.668913+00:00,187027466283041,1,ok,1.051,244d3e030100020505,000205
2026-10-04T12:58:55.679001+00:00,187027467426541,2,ok,9.994,244d3e0402494e415616,494e4156
2026-10-04T12:58:55.689032+00:00,187027477536083,3,ok,9.918,244d3e030309010008,090100
2026-10-04T12:58:55.699087+00:00,187027487569666,4,ok,9.935,244d3e18044d373241000002010f4d414d4241463732325f323032324136,4d373241000002010f4d414d4241463732325f3230323241
2026-10-04T12:58:55.709154+00:00,187027497648166,101,ok,9.921,244d3e0b65f8033200cb000000008000ec,f8033200cb000000008000
2026-10-04T12:58:55.719168+00:00,187027507798416,106,ok,9.785,244d3e126a00000000000000000000efff000000000f2740,00000000000000000000efff000000000f27
2026-10-04T12:58:55.729102+00:00,187027517740708,107,ok,9.781,244d3e056b00000000016f,0000000001
2026-10-04T12:58:55.739242+00:00,187027527653083,108,ok,10.004,244d3e066c7800d8ff000035,7800d8ff0000
2026-10-04T12:58:55.749348+00:00,187027537819833,109,ok,9.950,244d3e0a6d0000000000001200000075,00000000000012000000
2026-10-04T12:58:55.759791+00:00,187027547886375,110,ok,10.321,244d3e076e97000000000000fe,97000000000000
2026-10-04T12:58:55.769556+00:00,187027558399416,118,ok,9.570,244d3e15760004000000000000000000000000000000000000a5c2,0004000000000000000000000000000000000000a5
2026-10-04T12:58:55.779791+00:00,187027568136041,120,ok,10.071,244d3efc78e803d007dc05640000ff00000000e803d007dc05640000ff00000000e803d007dc05640000ff00000000e803d007dc05640000ff00000000e803d007dc05640000ff00000000e803d007dc05640000ff00000000e803d007dc05640000ff00000000e803d007dc05640000ff00000000e803d007dc05640000ff00000000e803d007dc05640000ff00000000e803d007dc05640000ff00000000e803d007dc05640000ff00000000e803d007dc05640000ff00000000e803d007dc05640000ff00000000e803d007dc05640000ff00000000e803d007dc05640000ff00000000e803d007dc05640000ff00000000e803d007dc05640000ff0000000084,e803d007dc05640000ff00000000e803d007dc05640000ff00000000e803d007dc05640000ff00000000e803d007dc05640000ff00000000e803d007dc05640000ff00000000e803d007dc05640000ff00000000e803d007dc05640000ff00000000e803d007dc05640000ff00000000e803d007dc05640000ff00000000e803d007dc05640000ff00000000e803d007dc05640000ff00000000e803d007dc05640000ff00000000e803d007dc05640000ff00000000e803d007dc05640000ff00000000e803d007dc05640000ff00000000e803d007dc05640000ff00000000e803d007dc05640000ff00000000e803d007dc05640000ff00000000
2026-10-04T12:58:55.789539+00:00,187027578398583,151,ok,9.560,244d3e09970101010001010001009e,010101000101000100
2026-10-04T12:58:55.799749+00:00,187027588071416,166,ok,10.091,244d3e15a68d000100000000000000ae0600000f270f270f274af5,8d000100000000000000ae0600000f270f270f274a
2026-10-04T12:58:56.671762+00:00,187028466647916,1,ok,3.531,244d3e030100020505,000205
2026-10-04T12:58:56.681926+00:00,187028470297416,2,ok,10.043,244d3e0402494e415616,494e4156
2026-10-04T12:58:56.691797+00:00,187028480522750,3,ok,9.696,244d3e030309010008,090100
2026-10-04T12:58:56.702243+00:00,187028490340125,4,ok,10.319,244d3e18044d373241000002010f4d414d4241463732325f323032324136,4d373241000002010f4d414d4241463732325f3230323241
2026-10-04T12:58:56.712286+00:00,187028500825625,101,ok,9.872,244d3e0b65f1033200cb000000008000e5,f1033200cb000000008000
2026-10-04T12:58:56.722269+00:00,187028510887083,106,ok,9.804,244d3e126a00000000000000000000efff000000000f2740,00000000000000000000efff000000000f27
2026-10-04T12:58:56.732598+00:00,187028520817583,107,ok,10.196,244d3e056b00000000016f,0000000001
2026-10-04T12:58:56.742532+00:00,187028531175208,108,ok,9.780,244d3e066c7800d8ff000035,7800d8ff0000
2026-10-04T12:58:56.752570+00:00,187028541259666,109,ok,9.728,244d3e0a6d0000000000001a0000007d,0000000000001a000000
2026-10-04T12:58:56.762633+00:00,187028551121041,110,ok,9.934,244d3e076e97000000000000fe,97000000000000
2026-10-04T12:58:56.772950+00:00,187028561191250,118,ok,10.157,244d3e15760004000000000000000000000000000000000000a5c2,0004000000000000000000000000000000000000a5
2026-10-04T12:58:56.783241+00:00,187028571520125,120,ok,10.138,244d3efc78e803d007dc05640000ff00000000e803d007dc05640000ff00000000e803d007dc05640000ff00000000e803d007dc05640000ff00000000e803d007dc05640000ff00000000e803d007dc05640000ff00000000e803d007dc05640000ff00000000e803d007dc05640000ff00000000e803d007dc05640000ff00000000e803d007dc05640000ff00000000e803d007dc05640000ff00000000e803d007dc05640000ff00000000e803d007dc05640000ff00000000e803d007dc05640000ff00000000e803d007dc05640000ff00000000e803d007dc05640000ff00000000e803d007dc05640000ff00000000e803d007dc05640000ff0000000084,e803d007dc05640000ff00000000e803d007dc05640000ff00000000e803d007dc05640000ff00000000e803d007dc05640000ff00000000e803d007dc05640000ff00000000e803d007dc05640000ff00000000e803d007dc05640000ff00000000e803d007dc05640000ff00000000e803d007dc05640000ff00000000e803d007dc05640000ff00000000e803d007dc05640000ff00000000e803d007dc05640000ff00000000e803d007dc05640000ff00000000e803d007dc05640000ff00000000e803d007dc05640000ff00000000e803d007dc05640000ff00000000e803d007dc05640000ff00000000e803d007dc05640000ff00000000
2026-10-04T12:58:56.793010+00:00,187028581891791,151,ok,9.531,244d3e09970101010001010001009e,010101000101000100
2026-10-04T12:58:56.802968+00:00,187028591621708,166,ok,9.769,244d3e15a68c000100000000000000be0600000f270f270f274ae4,8c000100000000000000be0600000f270f270f274a
2026-10-04T12:58:57.678876+00:00,187029470250083,1,ok,7.044,244d3e030100020505,000205
2026-10-04T12:58:57.689148+00:00,187029477458583,2,ok,10.110,244d3e0402494e415616,494e4156
2026-10-04T12:58:57.699134+00:00,187029487702041,3,ok,9.854,244d3e030309010008,090100
2026-10-04T12:58:57.709468+00:00,187029497658458,4,ok,10.228,244d3e18044d373241000002010f4d414d4241463732325f323032324136,4d373241000002010f4d414d4241463732325f3230323241
2026-10-04T12:58:57.719481+00:00,187029508090666,101,ok,9.814,244d3e0b65f8033200cb000000008000ec,f8033200cb000000008000
2026-10-04T12:58:57.729601+00:00,187029518041416,106,ok,9.977,244d3e126a00000000000000000000efff000000000f2740,00000000000000000000efff000000000f27
2026-10-04T12:58:57.739554+00:00,187029528176916,107,ok,9.796,244d3e056b00000000016f,0000000001
2026-10-04T12:58:57.749908+00:00,187029538118375,108,ok,10.206,244d3e066c7800d8ff000035,7800d8ff0000
2026-10-04T12:58:57.759904+00:00,187029548469958,109,ok,9.856,244d3e0a6d0000000000001200000075,00000000000012000000
2026-10-04T12:58:57.769918+00:00,187029558454083,110,ok,9.883,244d3e076e97000000000000fe,97000000000000
2026-10-04T12:58:57.780142+00:00,187029568477791,118,ok,10.082,244d3e15760004000000000000000000000000000000000000a5c2,0004000000000000000000000000000000000000a5
2026-10-04T12:58:57.790471+00:00,187029578714791,120,ok,10.181,244d3efc78e803d007dc05640000ff00000000e803d007dc05640000ff00000000e803d007dc05640000ff00000000e803d007dc05640000ff00000000e803d007dc05640000ff00000000e803d007dc05640000ff00000000e803d007dc05640000ff00000000e803d007dc05640000ff00000000e803d007dc05640000ff00000000e803d007dc05640000ff00000000e803d007dc05640000ff00000000e803d007dc05640000ff00000000e803d007dc05640000ff00000000e803d007dc05640000ff00000000e803d007dc05640000ff00000000e803d007dc05640000ff00000000e803d007dc05640000ff00000000e803d007dc05640000ff0000000084,e803d007dc05640000ff00000000e803d007dc05640000ff00000000e803d007dc05640000ff00000000e803d007dc05640000ff00000000e803d007dc05640000ff00000000e803d007dc05640000ff00000000e803d007dc05640000ff00000000e803d007dc05640000ff00000000e803d007dc05640000ff00000000e803d007dc05640000ff00000000e803d007dc05640000ff00000000e803d007dc05640000ff00000000e803d007dc05640000ff00000000e803d007dc05640000ff00000000e803d007dc05640000ff00000000e803d007dc05640000ff00000000e803d007dc05640000ff00000000e803d007dc05640000ff00000000
2026-10-04T12:58:57.800086+00:00,187029589069541,151,ok,9.423,244d3e09970101010001010001009e,010101000101000100
2026-10-04T12:58:57.810205+00:00,187029598690458,166,ok,9.927,244d3e15a68d000100000000000000ce0600000f270f270f274a95,8d000100000000000000ce0600000f270f270f274a
2026-10-04T12:58:58.682488+00:00,187030474699500,1,ok,6.207,244d3e030100020505,000205
2026-10-04T12:58:58.692744+00:00,187030481037708,2,ok,10.129,244d3e0402494e415616,494e4156
2026-10-04T12:58:58.702643+00:00,187030491344583,3,ok,9.715,244d3e030309010008,090100
2026-10-04T12:58:58.712695+00:00,187030501252416,4,ok,9.857,244d3e18044d373241000002010f4d414d4241463732325f323032324136,4d373241000002010f4d414d4241463732325f3230323241
2026-10-04T12:58:58.722581+00:00,187030511301583,101,ok,9.703,244d3e0b6501043200cb00000000800012,01043200cb000000008000
2026-10-04T12:58:58.732745+00:00,187030521139625,106,ok,10.021,244d3e126a00000000000000000000efff000000000f2740,00000000000000000000efff000000000f27
2026-10-04T12:58:58.742828+00:00,187030531359375,107,ok,9.894,244d3e056b00000000016f,0000000001
2026-10-04T12:58:58.752629+00:00,187030541398125,108,ok,9.653,244d3e066c7800d8ff000035,7800d8ff0000
2026-10-04T12:58:58.762728+00:00,187030551189333,109,ok,9.960,244d3e0a6d0000000000001200000075,00000000000012000000
2026-10-04T12:58:58.772735+00:00,187030561370166,110,ok,9.783,244d3e076e97000000000000fe,97000000000000
2026-10-04T12:58:58.782772+00:00,187030571324000,118,ok,9.867,244d3e15760004000000000000000000000000000000000000a5c2,0004000000000000000000000000000000000000a5
2026-10-04T12:58:58.792980+00:00,187030581349250,120,ok,10.052,244d3efc78e803d007dc05640000ff00000000e803d007dc05640000ff00000000e803d007dc05640000ff00000000e803d007dc05640000ff00000000e803d007dc05640000ff00000000e803d007dc05640000ff00000000e803d007dc05640000ff00000000e803d007dc05640000ff00000000e803d007dc05640000ff00000000e803d007dc05640000ff00000000e803d007dc05640000ff00000000e803d007dc05640000ff00000000e803d007dc05640000ff00000000e803d007dc05640000ff00000000e803d007dc05640000ff00000000e803d007dc05640000ff00000000e803d007dc05640000ff00000000e803d007dc05640000ff0000000084,e803d007dc05640000ff00000000e803d007dc05640000ff00000000e803d007dc05640000ff00000000e803d007dc05640000ff00000000e803d007dc05640000ff00000000e803d007dc05640000ff00000000e803d007dc05640000ff00000000e803d007dc05640000ff00000000e803d007dc05640000ff00000000e803d007dc05640000ff00000000e803d007dc05640000ff00000000e803d007dc05640000ff00000000e803d007dc05640000ff00000000e803d007dc05640000ff00000000e803d007dc05640000ff00000000e803d007dc05640000ff00000000e803d007dc05640000ff00000000e803d007dc05640000ff00000000
2026-10-04T12:58:58.802872+00:00,187030591590166,151,ok,9.698,244d3e09970101010001010001009e,010101000101000100
2026-10-04T12:58:58.812904+00:00,187030601497208,166,ok,9.820,244d3e15a68c000100000000000000de0600000f270f270f274a84,8c000100000000000000de0600000f270f270f274a
2026-10-04T12:58:59.686756+00:00,187031479120125,1,ok,6.059,244d3e030100020505,000205
2026-10-04T12:58:59.697067+00:00,187031485295250,2,ok,10.198,244d3e0402494e415616,494e4156
2026-10-04T12:58:59.706876+00:00,187031495602458,3,ok,9.693,244d3e030309010008,090100
2026-10-04T12:58:59.716883+00:00,187031505454083,4,ok,9.854,244d3e18044d373241000002010f4d414d4241463732325f323032324136,4d373241000002010f4d414d4241463732325f3230323241
2026-10-04T12:58:59.726957+00:00,187031515413291,101,ok,9.966,244d3e0b65f7033200cb000000008000e3,f7033200cb000000008000
2026-10-04T12:58:59.736934+00:00,187031525546541,106,ok,9.812,244d3e126a00000000000000000000efff000000000f2740,00000000000000000000efff000000000f27
2026-10-04T12:58:59.746897+00:00,187031535473041,107,ok,9.851,244d3e056b00000000016f,0000000001
2026-10-04T12:58:59.756983+00:00,187031545431916,108,ok,9.969,244d3e066c7700d8ff01003b,7700d8ff0100
2026-10-04T12:58:59.766998+00:00,187031555586625,109,ok,9.837,244d3e0a6d0000000000001200000075,00000000000012000000
2026-10-04T12:58:59.776965+00:00,187031565567708,110,ok,9.825,244d3e076e97000000000000fe,97000000000000
2026-10-04T12:58:59.787084+00:00,187031575496750,118,ok,10.009,244d3e15760004000000000000000000000000000000000000a5c2,0004000000000000000000000000000000000000a5
2026-10-04T12:58:59.797342+00:00,187031585656666,120,ok,10.110,244d3efc78e803d007dc05640000ff00000000e803d007dc05640000ff00000000e803d007dc05640000ff00000000e803d007dc05640000ff00000000e803d007dc05640000ff00000000e803d007dc05640000ff00000000e803d007dc05640000ff00000000e803d007dc05640000ff00000000e803d007dc05640000ff00000000e803d007dc05640000ff00000000e803d007dc05640000ff00000000e803d007dc05640000ff00000000e803d007dc05640000ff00000000e803d007dc05640000ff00000000e803d007dc05640000ff00000000e803d007dc05640000ff00000000e803d007dc05640000ff00000000e803d007dc05640000ff0000000084,e803d007dc05640000ff00000000e803d007dc05640000ff00000000e803d007dc05640000ff00000000e803d007dc05640000ff00000000e803d007dc05640000ff00000000e803d007dc05640000ff00000000e803d007dc05640000ff00000000e803d007dc05640000ff00000000e803d007dc05640000ff00000000e803d007dc05640000ff00000000e803d007dc05640000ff00000000e803d007dc05640000ff00000000e803d007dc05640000ff00000000e803d007dc05640000ff00000000e803d007dc05640000ff00000000e803d007dc05640000ff00000000e803d007dc05640000ff00000000e803d007dc05640000ff00000000
2026-10-04T12:58:59.807133+00:00,187031595943750,151,ok,9.605,244d3e09970101010001010001009e,010101000101000100
2026-10-04T12:58:59.817185+00:00,187031605681125,166,ok,9.927,244d3e15a68d000100000000000000ef0600000f270f270f274ab4,8d000100000000000000ef0600000f270f270f274a
2026-10-04T12:59:00.690812+00:00,187032482130250,1,ok,7.100,244d3e030100020505,000205
2026-10-04T12:59:00.700909+00:00,187032489373750,2,ok,9.956,244d3e0402494e415616,494e4156
2026-10-04T12:59:00.710935+00:00,187032499485500,3,ok,9.869,244d3e030309010008,090100
2026-10-04T12:59:00.721169+00:00,187032509540458,4,ok,10.055,244d3e18044d373241000002010f4d414d4241463732325f323032324136,4d373241000002010f4d414d4241463732325f3230323241
2026-10-04T12:59:00.731279+00:00,187032519727625,101,ok,9.975,244d3e0b65ea033200cb000000008000fe,ea033200cb000000008000
2026-10-04T12:59:00.741344+00:00,187032529831500,106,ok,9.933,244d3e126a00000000000000000000efff000000000f2740,00000000000000000000efff000000000f27
2026-10-04T12:59:00.751276+00:00,187032539936583,107,ok,9.765,244d3e056b00000000016f,0000000001
2026-10-04T12:59:00.761264+00:00,187032549852625,108,ok,9.839,244d3e066c7700d8ff01003b,7700d8ff0100
2026-10-04T12:59:00.771392+00:00,187032559834083,109,ok,9.979,244d3e0a6d0000000000001200000075,00000000000012000000
2026-10-04T12:59:00.781687+00:00,187032570014083,110,ok,10.093,244d3e076e97000000000000fe,97000000000000
2026-10-04T12:59:00.791644+00:00,187032580304333,118,ok,9.765,244d3e15760004000000000000000000000000000000000000a5c2,0004000000000000000000000000000000000000a5
2026-10-04T12:59:00.801932+00:00,187032590220875,120,ok,10.131,244d3efc78e803d007dc05640000ff00000000e803d007dc05640000ff00000000e803d007dc05640000ff00000000e803d007dc05640000ff00000000e803d007dc05640000ff00000000e803d007dc05640000ff00000000e803d007dc05640000ff00000000e803d007dc05640000ff00000000e803d007dc05640000ff00000000e803d007dc05640000ff00000000e803d007dc05640000ff00000000e803d007dc05640000ff00000000e803d007dc05640000ff00000000e803d007dc05640000ff00000000e803d007dc05640000ff00000000e803d007dc05640000ff00000000e803d007dc05640000ff00000000e803d007dc05640000ff0000000084,e803d007dc05640000ff00000000e803d007dc05640000ff00000000e803d007dc05640000ff00000000e803d007dc05640000ff00000000e803d007dc05640000ff00000000e803d007dc05640000ff00000000e803d007dc05640000ff00000000e803d007dc05640000ff00000000e803d007dc05640000ff00000000e803d007dc05640000ff00000000e803d007dc05640000ff00000000e803d007dc05640000ff00000000e803d007dc05640000ff00000000e803d007dc05640000ff00000000e803d007dc05640000ff00000000e803d007dc05640000ff00000000e803d007dc05640000ff00000000e803d007dc05640000ff00000000
2026-10-04T12:59:00.811462+00:00,187032600581208,151,ok,9.301,244d3e09970101010001010001009e,010101000101000100
2026-10-04T12:59:00.821397+00:00,187032610054708,166,ok,9.770,244d3e15a68d000100000000000000ff0600000f270f270f274aa4,8d000100000000000000ff0600000f270f270f274a
2026-10-04T12:59:01.695127+00:00,187033486085000,1,ok,7.463,244d3e030100020505,000205
2026-10-04T12:59:01.705181+00:00,187033493704250,2,ok,9.899,244d3e0402494e415616,494e4156
2026-10-04T12:59:01.715257+00:00,187033503756750,3,ok,9.921,244d3e030309010008,090100
2026-10-04T12:59:01.725181+00:00,187033513851333,4,ok,9.759,244d3e18044d373241000002010f4d414d4241463732325f323032324136,4d373241000002010f4d414d4241463732325f3230323241
2026-10-04T12:59:01.735409+00:00,187033523740291,101,ok,10.023,244d3e0b65ca043200cb000000008000d9,ca043200cb000000008000
2026-10-04T12:59:01.745324+00:00,187033534030708,106,ok,9.710,244d3e126a00000000000000000000efff000000000f2740,00000000000000000000efff000000000f27
2026-10-04T12:59:01.755237+00:00,187033543924916,107,ok,9.741,244d3e056b00000000016f,0000000001
2026-10-04T12:59:01.765363+00:00,187033553810666,108,ok,9.957,244d3e066c7700d8ff01003b,7700d8ff0100
2026-10-04T12:59:01.775416+00:00,187033563967125,109,ok,9.875,244d3e0a6d0000000000001a0000007d,0000000000001a000000
2026-10-04T12:59:01.785300+00:00,187033574030708,110,ok,9.697,244d3e076e97000000000000fe,97000000000000
2026-10-04T12:59:01.795312+00:00,187033583872416,118,ok,9.867,244d3e15760004000000000000000000000000000000000000a5c2,0004000000000000000000000000000000000000a5
2026-10-04T12:59:01.805562+00:00,187033593895250,120,ok,10.095,244d3efc78e803d007dc05640000ff00000000e803d007dc05640000ff00000000e803d007dc05640000ff00000000e803d007dc05640000ff00000000e803d007dc05640000ff00000000e803d007dc05640000ff00000000e803d007dc05640000ff00000000e803d007dc05640000ff00000000e803d007dc05640000ff00000000e803d007dc05640000ff00000000e803d007dc05640000ff00000000e803d007dc05640000ff00000000e803d007dc05640000ff00000000e803d007dc05640000ff00000000e803d007dc05640000ff00000000e803d007dc05640000ff00000000e803d007dc05640000ff00000000e803d007dc05640000ff0000000084,e803d007dc05640000ff00000000e803d007dc05640000ff00000000e803d007dc05640000ff00000000e803d007dc05640000ff00000000e803d007dc05640000ff00000000e803d007dc05640000ff00000000e803d007dc05640000ff00000000e803d007dc05640000ff00000000e803d007dc05640000ff00000000e803d007dc05640000ff00000000e803d007dc05640000ff00000000e803d007dc05640000ff00000000e803d007dc05640000ff00000000e803d007dc05640000ff00000000e803d007dc05640000ff00000000e803d007dc05640000ff00000000e803d007dc05640000ff00000000e803d007dc05640000ff00000000
2026-10-04T12:59:01.815436+00:00,187033604174708,151,ok,9.683,244d3e09970101010001010001009e,010101000101000100
2026-10-04T12:59:01.825402+00:00,187033614042458,166,ok,9.787,244d3e15a68d0001000000000000000f0700000f270f270f274a55,8d0001000000000000000f0700000f270f270f274a
2026-10-04T12:59:02.701507+00:00,187034492060833,1,ok,7.878,244d3e030100020505,000205
2026-10-04T12:59:02.711538+00:00,187034500040958,2,ok,9.929,244d3e0402494e415616,494e4156
2026-10-04T12:59:02.721548+00:00,187034510058666,3,ok,9.921,244d3e030309010008,090100
2026-10-04T12:59:02.731615+00:00,187034520070375,4,ok,9.970,244d3e18044d373241000002010f4d414d4241463732325f323032324136,4d373241000002010f4d414d4241463732325f3230323241
2026-10-04T12:59:02.741639+00:00,187034530204416,101,ok,9.864,244d3e0b6505043200cb00000000800016,05043200cb000000008000
2026-10-04T12:59:02.751638+00:00,187034540214166,106,ok,9.856,244d3e126a00000000000000000000efff000000000f2740,00000000000000000000efff000000000f27
2026-10-04T12:59:02.761967+00:00,187034550175666,107,ok,10.221,244d3e056b00000000016f,0000000001
2026-10-04T12:59:02.771669+00:00,187034560530958,108,ok,9.560,244d3e066c7700d8ff01003b,7700d8ff0100
2026-10-04T12:59:02.781786+00:00,187034570215083,109,ok,10.000,244d3e0a6d0000000000001a0000007d,0000000000001a000000
2026-10-04T12:59:02.791785+00:00,187034580377541,110,ok,9.828,244d3e076e97000000000000fe,97000000000000
2026-10-04T12:59:02.801930+00:00,187034590365375,118,ok,9.995,244d3e15760004000000000000000000000000000000000000a5c2,0004000000000000000000000000000000000000a5
2026-10-04T12:59:02.812584+00:00,187034600552416,120,ok,10.462,244d3efc78e803d007dc05640000ff00000000e803d007dc05640000ff00000000e803d007dc05640000ff00000000e803d007dc05640000ff00000000e803d007dc05640000ff00000000e803d007dc05640000ff00000000e803d007dc05640000ff00000000e803d007dc05640000ff00000000e803d007dc05640000ff00000000e803d007dc05640000ff00000000e803d007dc05640000ff00000000e803d007dc05640000ff00000000e803d007dc05640000ff00000000e803d007dc05640000ff00000000e803d007dc05640000ff00000000e803d007dc05640000ff00000000e803d007dc05640000ff00000000e803d007dc05640000ff0000000084,e803d007dc05640000ff00000000e803d007dc05640000ff00000000e803d007dc05640000ff00000000e803d007dc05640000ff00000000e803d007dc05640000ff00000000e803d007dc05640000ff00000000e803d007dc05640000ff00000000e803d007dc05640000ff00000000e803d007dc05640000ff00000000e803d007dc05640000ff00000000e803d007dc05640000ff00000000e803d007dc05640000ff00000000e803d007dc05640000ff00000000e803d007dc05640000ff00000000e803d007dc05640000ff00000000e803d007dc05640000ff00000000e803d007dc05640000ff00000000e803d007dc05640000ff00000000
2026-10-04T12:59:02.822080+00:00,187034611189166,151,ok,9.322,244d3e09970101010001010001009e,010101000101000100
2026-10-04T12:59:02.832419+00:00,187034620642708,166,ok,10.208,244d3e15a68d0001000000000000001f0700000f270f270f274a45,8d0001000000000000001f0700000f270f270f274a
2026-10-04T12:59:03.707250+00:00,187035497112875,1,ok,8.551,244d3e030100020505,000205
2026-10-04T12:59:03.717047+00:00,187035505864708,2,ok,9.616,244d3e0402494e415616,494e4156
2026-10-04T12:59:03.727133+00:00,187035515591125,3,ok,9.974,244d3e030309010008,090100
2026-10-04T12:59:03.737161+00:00,187035525691125,4,ok,9.898,244d3e18044d373241000002010f4d414d4241463732325f323032324136,4d373241000002010f4d414d4241463732325f3230323241
2026-10-04T12:59:03.747120+00:00,187035535752708,101,ok,9.796,244d3e0b65f3033200cb000000008000e7,f3033200cb000000008000
2026-10-04T12:59:03.756877+00:00,187035545694291,106,ok,9.604,244d3e126a00000000000000000000efff000000000f2740,00000000000000000000efff000000000f27
2026-10-04T12:59:03.766878+00:00,187035555516333,107,ok,9.791,244d3e056b00000000016f,0000000001
2026-10-04T12:59:03.776948+00:00,187035565470416,108,ok,9.907,244d3e066c7700d8ff01003b,7700d8ff0100
2026-10-04T12:59:03.786987+00:00,187035575537000,109,ok,9.849,244d3e0a6d0000000000001200000075,00000000000012000000
2026-10-04T12:59:03.796917+00:00,187035585628041,110,ok,9.721,244d3e076e97000000000000fe,97000000000000
2026-10-04T12:59:03.806993+00:00,187035595458541,118,ok,9.965,244d3e15760004000000000000000000000000000000000000a5c2,0004000000000000000000000000000000000000a5
2026-10-04T12:59:03.817567+00:00,187035605558666,120,ok,10.433,244d3efc78e803d007dc05640000ff00000000e803d007dc05640000ff00000000e803d007dc05640000ff00000000e803d007dc05640000ff00000000e803d007dc05640000ff00000000e803d007dc05640000ff00000000e803d007dc05640000ff00000000e803d007dc05640000ff00000000e803d007dc05640000ff00000000e803d007dc05640000ff00000000e803d007dc05640000ff00000000e803d007dc05640000ff00000000e803d007dc05640000ff00000000e803d007dc05640000ff00000000e803d007dc05640000ff00000000e803d007dc05640000ff00000000e803d007dc05640000ff00000000e803d007dc05640000ff0000000084,e803d007dc05640000ff00000000e803d007dc05640000ff00000000e803d007dc05640000ff00000000e803d007dc05640000ff00000000e803d007dc05640000ff00000000e803d007dc05640000ff00000000e803d007dc05640000ff00000000e803d007dc05640000ff00000000e803d007dc05640000ff00000000e803d007dc05640000ff00000000e803d007dc05640000ff00000000e803d007dc05640000ff00000000e803d007dc05640000ff00000000e803d007dc05640000ff00000000e803d007dc05640000ff00000000e803d007dc05640000ff00000000e803d007dc05640000ff00000000e803d007dc05640000ff00000000
2026-10-04T12:59:03.827485+00:00,187035616244291,151,ok,9.670,244d3e09970101010001010001009e,010101000101000100
2026-10-04T12:59:03.837403+00:00,187035626067041,166,ok,9.765,244d3e15a68d0001000000000000002f0700000f270f270f274a75,8d0001000000000000002f0700000f270f270f274a
2026-10-04T12:59:04.710201+00:00,187036502090541,1,ok,6.542,244d3e030100020505,000205
2026-10-04T12:59:04.720393+00:00,187036508773875,2,ok,10.043,244d3e0402494e415616,494e4156
2026-10-04T12:59:04.730226+00:00,187036518950041,3,ok,9.709,244d3e030309010008,090100
2026-10-04T12:59:04.740399+00:00,187036528765958,4,ok,10.058,244d3e18044d373241000002010f4d414d4241463732325f323032324136,4d373241000002010f4d414d4241463732325f3230323241
2026-10-04T12:59:04.750306+00:00,187036538995416,101,ok,9.742,244d3e0b65f6033200cb000000008000e2,f6033200cb000000008000
2026-10-04T12:59:04.760225+00:00,187036548892458,106,ok,9.768,244d3e126a00000000000000000000efff000000000f2740,00000000000000000000efff000000000f27
2026-10-04T12:59:04.770557+00:00,187036558781291,107,ok,10.210,244d3e056b00000000016f,0000000001
2026-10-04T12:59:04.780262+00:00,187036569118000,108,ok,9.575,244d3e066c7700d8ff01003b,7700d8ff0100
2026-10-04T12:59:04.790403+00:00,187036578805958,109,ok,10.029,244d3e0a6d0000000000001200000075,00000000000012000000
2026-10-04T12:59:04.800300+00:00,187036588981750,110,ok,9.752,244d3e076e97000000000000fe,97000000000000
2026-10-04T12:59:04.810409+00:00,187036598829541,118,ok,10.011,244d3e15760004000000000000000000000000000000000000a5c2,0004000000000000000000000000000000000000a5
2026-10-04T12:59:04.820637+00:00,187036609002625,120,ok,10.064,244d3efc78e803d007dc05640000ff00000000e803d007dc05640000ff00000000e803d007dc05640000ff00000000e803d007dc05640000ff00000000e803d007dc05640000ff00000000e803d007dc05640000ff00000000e803d007dc05640000ff00000000e803d007dc05640000ff00000000e803d007dc05640000ff00000000e803d007dc05640000ff00000000e803d007dc05640000ff00000000e803d007dc05640000ff00000000e803d007dc05640000ff00000000e803d007dc05640000ff00000000e803d007dc05640000ff00000000e803d007dc05640000ff00000000e803d007dc05640000ff00000000e803d007dc05640000ff0000000084,e803d007dc05640000ff00000000e803d007dc05640000ff00000000e803d007dc05640000ff00000000e803d007dc05640000ff00000000e803d007dc05640000ff00000000e803d007dc05640000ff00000000e803d007dc05640000ff00000000e803d007dc05640000ff00000000e803d007dc05640000ff00000000e803d007dc05640000ff00000000e803d007dc05640000ff00000000e803d007dc05640000ff00000000e803d007dc05640000ff00000000e803d007dc05640000ff00000000e803d007dc05640000ff00000000e803d007dc05640000ff00000000e803d007dc05640000ff00000000e803d007dc05640000ff00000000
2026-10-04T12:59:04.830409+00:00,187036619296875,151,ok,9.544,244d3e09970101010001010001009e,010101000101000100
2026-10-04T12:59:04.840486+00:00,187036628985500,166,ok,9.929,244d3e15a68c000100000000000000400700000f270f270f274a1b,8c000100000000000000400700000f270f270f274a
2026-10-04T12:59:05.713325+00:00,187037503071291,1,ok,8.683,244d3e030100020505,000205
2026-10-04T12:59:05.723499+00:00,187037511962000,2,ok,9.975,244d3e0402494e415616,494e4156
2026-10-04T12:59:05.733614+00:00,187037522095083,3,ok,9.950,244d3e030309010008,090100
2026-10-04T12:59:05.743629+00:00,187037532197583,4,ok,9.864,244d3e18044d373241000002010f4d414d4241463732325f323032324136,4d373241000002010f4d414d4241463732325f3230323241
2026-10-04T12:59:05.753783+00:00,187037542215250,101,ok,10.000,244d3e0b65f0033200cb000000008000e4,f0033200cb000000008000
2026-10-04T12:59:05.764012+00:00,187037552371541,106,ok,10.069,244d3e126a00000000000000000000efff000000000f2740,00000000000000000000efff000000000f27
2026-10-04T12:59:05.773954+00:00,187037562634541,107,ok,9.753,244d3e056b00000000016f,0000000001
2026-10-04T12:59:05.784088+00:00,187037572564833,108,ok,9.951,244d3e066c7700d8ff01003b,7700d8ff0100
2026-10-04T12:59:05.794060+00:00,187037582720208,109,ok,9.772,244d3e0a6d0000000000001200000075,00000000000012000000
2026-10-04T12:59:05.803982+00:00,187037592664875,110,ok,9.754,244d3e076e97000000000000fe,97000000000000
2026-10-04T12:59:05.814112+00:00,187037602537166,118,ok,10.003,244d3e15760004000000000000000000000000000000000000a5c2,0004000000000000000000000000000000000000a5
2026-10-04T12:59:05.824386+00:00,187037612715375,120,ok,10.104,244d3efc78e803d007dc05640000ff00000000e803d007dc05640000ff00000000e803d007dc05640000ff00000000e803d007dc05640000ff00000000e803d007dc05640000ff00000000e803d007dc05640000ff00000000e803d007dc05640000ff00000000e803d007dc05640000ff00000000e803d007dc05640000ff00000000e803d007dc05640000ff00000000e803d007dc05640000ff00000000e803d007dc05640000ff00000000e803d007dc05640000ff00000000e803d007dc05640000ff00000000e803d007dc05640000ff00000000e803d007dc05640000ff00000000e803d007dc05640000ff00000000e803d007dc05640000ff0000000084,e803d007dc05640000ff00000000e803d007dc05640000ff00000000e803d007dc05640000ff00000000e803d007dc05640000ff00000000e803d007dc05640000ff00000000e803d007dc05640000ff00000000e803d007dc05640000ff00000000e803d007dc05640000ff00000000e803d007dc05640000ff00000000e803d007dc05640000ff00000000e803d007dc05640000ff00000000e803d007dc05640000ff00000000e803d007dc05640000ff00000000e803d007dc05640000ff00000000e803d007dc05640000ff00000000e803d007dc05640000ff00000000e803d007dc05640000ff00000000e803d007dc05640000ff00000000
2026-10-04T12:59:05.833984+00:00,187037623020333,151,ok,9.405,244d3e09970101010001010001009e,010101000101000100
2026-10-04T12:59:05.844481+00:00,187037632509333,166,ok,10.404,244d3e15a68d000100000000000000500700000f270f270f274a0a,8d000100000000000000500700000f270f270f274a
2026-10-04T12:59:06.708397+00:00,187038504927875,1,ok,1.902,244d3e030100020505,000205
2026-10-04T12:59:06.718482+00:00,187038506983583,2,ok,9.931,244d3e0402494e415616,494e4156
2026-10-04T12:59:06.728589+00:00,187038517071666,3,ok,9.955,244d3e030309010008,090100
2026-10-04T12:59:06.738411+00:00,187038527140625,4,ok,9.710,244d3e18044d373241000002010f4d414d4241463732325f323032324136,4d373241000002010f4d414d4241463732325f3230323241
2026-10-04T12:59:06.748669+00:00,187038536944416,101,ok,10.156,244d3e0b65f1033200cb000000008000e5,f1033200cb000000008000
2026-10-04T12:59:06.758891+00:00,187038547260458,106,ok,10.066,244d3e126a00000000000000000000efff000000000f2740,00000000000000000000efff000000000f27
2026-10-04T12:59:06.768847+00:00,187038557464458,107,ok,9.815,244d3e056b00000000016f,0000000001
2026-10-04T12:59:06.778907+00:00,187038567432291,108,ok,9.910,244d3e066c7700d8ff01003b,7700d8ff0100
2026-10-04T12:59:06.788864+00:00,187038577462958,109,ok,9.838,244d3e0a6d0000000000001200000075,00000000000012000000
2026-10-04T12:59:06.798981+00:00,187038587432125,110,ok,9.979,244d3e076e97000000000000fe,97000000000000
2026-10-04T12:59:06.809048+00:00,187038597602000,118,ok,9.877,244d3e15760004000000000000000000000000000000000000a5c2,0004000000000000000000000000000000000000a5
2026-10-04T12:59:06.819585+00:00,187038607669458,120,ok,10.345,244d3efc78e803d007dc05640000ff00000000e803d007dc05640000ff00000000e803d007dc05640000ff00000000e803d007dc05640000ff00000000e803d007dc05640000ff00000000e803d007dc05640000ff00000000e803d007dc05640000ff00000000e803d007dc05640000ff00000000e803d007dc05640000ff00000000e803d007dc05640000ff00000000e803d007dc05640000ff00000000e803d007dc05640000ff00000000e803d007dc05640000ff00000000e803d007dc05640000ff00000000e803d007dc05640000ff00000000e803d007dc05640000ff00000000e803d007dc05640000ff00000000e803d007dc05640000ff0000000084,e803d007dc05640000ff00000000e803d007dc05640000ff00000000e803d007dc05640000ff00000000e803d007dc05640000ff00000000e803d007dc05640000ff00000000e803d007dc05640000ff00000000e803d007dc05640000ff00000000e803d007dc05640000ff00000000e803d007dc05640000ff00000000e803d007dc05640000ff00000000e803d007dc05640000ff00000000e803d007dc05640000ff00000000e803d007dc05640000ff00000000e803d007dc05640000ff00000000e803d007dc05640000ff00000000e803d007dc05640000ff00000000e803d007dc05640000ff00000000e803d007dc05640000ff00000000
2026-10-04T12:59:06.829357+00:00,187038618237333,151,ok,9.550,244d3e09970101010001010001009e,010101000101000100
2026-10-04T12:59:06.839291+00:00,187038627959833,166,ok,9.770,244d3e15a68c000100000000000000600700000f270f270f274a3b,8c000100000000000000600700000f270f270f274a
2026-10-04T12:59:07.715121+00:00,187039507692666,1,ok,5.860,244d3e030100020505,000205
2026-10-04T12:59:07.725121+00:00,187039513809083,2,ok,9.752,244d3e0402494e415616,494e4156
2026-10-04T12:59:07.735232+00:00,187039523675625,3,ok,9.990,244d3e030309010008,090100
2026-10-04T12:59:07.745777+00:00,187039533831583,4,ok,10.384,244d3e18044d373241000002010f4d414d4241463732325f323032324136,4d373241000002010f4d414d4241463732325f3230323241
2026-10-04T12:59:07.755585+00:00,187039544335333,101,ok,9.685,244d3e0b65f9033200cb000000008000ed,f9033200cb000000008000
2026-10-04T12:59:07.765227+00:00,187039554175875,106,ok,9.491,244d3e126a00000000000000000000efff000000000f2740,00000000000000000000efff000000000f27
2026-10-04T12:59:07.775335+00:00,187039563808333,107,ok,9.961,244d3e056b00000000016f,0000000001
2026-10-04T12:59:07.785302+00:00,187039573906416,108,ok,9.833,244d3e066c7700d8ff01003b,7700d8ff0100
2026-10-04T12:59:07.795636+00:00,187039583896083,109,ok,10.177,244d3e0a6d0000000000001a0000007d,0000000000001a000000
2026-10-04T12:59:07.805654+00:00,187039594229416,110,ok,9.862,244d3e076e97000000000000fe,97000000000000
2026-10-04T12:59:07.815627+00:00,187039604196958,118,ok,9.870,244d3e15760004000000000000000000000000000000000000a5c2,0004000000000000000000000000000000000000a5
2026-10-04T12:59:07.825957+00:00,187039614156375,120,ok,10.236,244d3efc78e803d007dc05640000ff00000000e803d007dc05640000ff00000000e803d007dc05640000ff00000000e803d007dc05640000ff00000000e803d007dc05640000ff00000000e803d007dc05640000ff00000000e803d007dc05640000ff00000000e803d007dc05640000ff00000000e803d007dc05640000ff00000000e803d007dc05640000ff00000000e803d007dc05640000ff00000000e803d007dc05640000ff00000000e803d007dc05640000ff00000000e803d007dc05640000ff00000000e803d007dc05640000ff00000000e803d007dc05640000ff00000000e803d007dc05640000ff00000000e803d007dc05640000ff0000000084,e803d007dc05640000ff00000000e803d007dc05640000ff00000000e803d007dc05640000ff00000000e803d007dc05640000ff00000000e803d007dc05640000ff00000000e803d007dc05640000ff00000000e803d007dc05640000ff00000000e803d007dc05640000ff00000000e803d007dc05640000ff00000000e803d007dc05640000ff00000000e803d007dc05640000ff00000000e803d007dc05640000ff00000000e803d007dc05640000ff00000000e803d007dc05640000ff00000000e803d007dc05640000ff00000000e803d007dc05640000ff00000000e803d007dc05640000ff00000000e803d007dc05640000ff00000000
2026-10-04T12:59:07.835724+00:00,187039624606416,151,ok,9.555,244d3e09970101010001010001009e,010101000101000100
2026-10-04T12:59:07.845740+00:00,187039634279083,166,ok,9.900,244d3e15a68c000100000000000000700700000f270f270f274a2b,8c000100000000000000700700000f270f270f274a
2026-10-04T12:59:08.722780+00:00,187040512030125,1,ok,9.189,244d3e030100020505,000205
2026-10-04T12:59:08.732783+00:00,187040521351291,2,ok,9.872,244d3e0402494e415616,494e4156
2026-10-04T12:59:08.742827+00:00,187040531335250,3,ok,9.930,244d3e030309010008,090100
2026-10-04T12:59:08.752891+00:00,187040541454833,4,ok,9.874,244d3e18044d373241000002010f4d414d4241463732325f323032324136,4d373241000002010f4d414d4241463732325f3230323241
2026-10-04T12:59:08.762922+00:00,187040551502875,101,ok,9.857,244d3e0b65ea033200cb000000008000fe,ea033200cb000000008000
2026-10-04T12:59:08.772917+00:00,187040561536541,106,ok,9.819,244d3e126a00000000000000000000efff000000000f2740,00000000000000000000efff000000000f27
2026-10-04T12:59:08.783018+00:00,187040571515791,107,ok,9.938,244d3e056b00000000016f,0000000001
2026-10-04T12:59:08.792937+00:00,187040581632541,108,ok,9.743,244d3e066c7700d8ff01003b,7700d8ff0100
2026-10-04T12:59:08.802877+00:00,187040591524250,109,ok,9.794,244d3e0a6d0000000000001a0000007d,0000000000001a000000
2026-10-04T12:59:08.813017+00:00,187040601431208,110,ok,10.027,244d3e076e97000000000000fe,97000000000000
2026-10-04T12:59:08.822994+00:00,187040611569833,118,ok,9.855,244d3e15760004000000000000000000000000000000000000a5c2,0004000000000000000000000000000000000000a5
2026-10-04T12:59:08.833287+00:00,187040621550416,120,ok,10.175,244d3efc78e803d007dc05640000ff00000000e803d007dc05640000ff00000000e803d007dc05640000ff00000000e803d007dc05640000ff00000000e803d007dc05640000ff00000000e803d007dc05640000ff00000000e803d007dc05640000ff00000000e803d007dc05640000ff00000000e803d007dc05640000ff00000000e803d007dc05640000ff00000000e803d007dc05640000ff00000000e803d007dc05640000ff00000000e803d007dc05640000ff00000000e803d007dc05640000ff00000000e803d007dc05640000ff00000000e803d007dc05640000ff00000000e803d007dc05640000ff00000000e803d007dc05640000ff0000000084,e803d007dc05640000ff00000000e803d007dc05640000ff00000000e803d007dc05640000ff00000000e803d007dc05640000ff00000000e803d007dc05640000ff00000000e803d007dc05640000ff00000000e803d007dc05640000ff00000000e803d007dc05640000ff00000000e803d007dc05640000ff00000000e803d007dc05640000ff00000000e803d007dc05640000ff00000000e803d007dc05640000ff00000000e803d007dc05640000ff00000000e803d007dc05640000ff00000000e803d007dc05640000ff00000000e803d007dc05640000ff00000000e803d007dc05640000ff00000000e803d007dc05640000ff00000000
2026-10-04T12:59:08.843159+00:00,187040631956625,151,ok,9.631,244d3e09970101010001010001009e,010101000101000100
2026-10-04T12:59:08.853109+00:00,187040641830583,166,ok,9.716,244d3e15a68c000100000000000000800700000f270f270f274adb,8c000100000000000000800700000f270f270f274a
2026-10-04T12:59:09.726537+00:00,187041515672208,1,ok,9.303,244d3e030100020505,000205
2026-10-04T12:59:09.736463+00:00,187041525146458,2,ok,9.760,244d3e0402494e415616,494e4156
2026-10-04T12:59:09.746489+00:00,187041535022250,3,ok,9.909,244d3e030309010008,090100
2026-10-04T12:59:09.756623+00:00,187041545049583,4,ok,10.009,244d3e18044d373241000002010f4d414d4241463732325f323032324136,4d373241000002010f4d414d4241463732325f3230323241
2026-10-04T12:59:09.766557+00:00,187041555361416,101,ok,9.635,244d3e0b65f0033200cb000000008000e4,f0033200cb000000008000
2026-10-04T12:59:09.776606+00:00,187041565137833,106,ok,9.909,244d3e126a00000000000000000000efff000000000f2740,00000000000000000000efff000000000f27
2026-10-04T12:59:09.786617+00:00,187041575198458,107,ok,9.859,244d3e056b00000000016f,0000000001
2026-10-04T12:59:09.796592+00:00,187041585221833,108,ok,9.804,244d3e066c7700d8ff01003b,7700d8ff0100
2026-10-04T12:59:09.806643+00:00,187041595160583,109,ok,9.923,244d3e0a6d0000000000001200000075,00000000000012000000
2026-10-04T12:59:09.816677+00:00,187041605207458,110,ok,9.911,244d3e076e97000000000000fe,97000000000000
2026-10-04T12:59:09.826653+00:00,187041615262541,118,ok,9.833,244d3e15760004000000000000000000000000000000000000a5c2,0004000000000000000000000000000000000000a5
2026-10-04T12:59:09.836846+00:00,187041625218625,120,ok,10.072,244d3efc78e803d007dc05640000ff00000000e803d007dc05640000ff00000000e803d007dc05640000ff00000000e803d007dc05640000ff00000000e803d007dc05640000ff00000000e803d007dc05640000ff00000000e803d007dc05640000ff00000000e803d007dc05640000ff00000000e803d007dc05640000ff00000000e803d007dc05640000ff00000000e803d007dc05640000ff00000000e803d007dc05640000ff00000000e803d007dc05640000ff00000000e803d007dc05640000ff00000000e803d007dc05640000ff00000000e803d007dc05640000ff00000000e803d007dc05640000ff00000000e803d007dc05640000ff0000000084,e803d007dc05640000ff00000000e803d007dc05640000ff00000000e803d007dc05640000ff00000000e803d007dc05640000ff00000000e803d007dc05640000ff00000000e803d007dc05640000ff00000000e803d007dc05640000ff00000000e803d007dc05640000ff00000000e803d007dc05640000ff00000000e803d007dc05640000ff00000000e803d007dc05640000ff00000000e803d007dc05640000ff00000000e803d007dc05640000ff00000000e803d007dc05640000ff00000000e803d007dc05640000ff00000000e803d007dc05640000ff00000000e803d007dc05640000ff00000000e803d007dc05640000ff00000000
2026-10-04T12:59:09.846699+00:00,187041635418291,151,ok,9.723,244d3e09970101010001010001009e,010101000101000100
2026-10-04T12:59:09.856766+00:00,187041645261000,166,ok,9.948,244d3e15a68d000100000000000000910700000f270f270f274acb,8d000100000000000000910700000f270f270f274a
2026-10-04T12:59:10.729883+00:00,187042520098750,1,ok,8.224,244d3e030100020505,000205
2026-10-04T12:59:10.740144+00:00,187042528496708,2,ok,10.089,244d3e0402494e415616,494e4156
2026-10-04T12:59:10.749930+00:00,187042538787291,3,ok,9.582,244d3e030309010008,090100
2026-10-04T12:59:10.759961+00:00,187042548538250,4,ok,9.863,244d3e18044d373241000002010f4d414d4241463732325f323032324136,4d373241000002010f4d414d4241463732325f3230323241
2026-10-04T12:59:10.769970+00:00,187042558575208,101,ok,9.832,244d3e0b6505043200cb00000000800016,05043200cb000000008000
2026-10-04T12:59:10.779961+00:00,187042568543916,106,ok,9.860,244d3e126a00000000000000000000efff000000000f2740,00000000000000000000efff000000000f27
2026-10-04T12:59:10.790018+00:00,187042578532875,107,ok,9.925,244d3e056b00000000016f,0000000001
2026-10-04T12:59:10.800028+00:00,187042588631708,108,ok,9.838,244d3e066c7700d8ff01003b,7700d8ff0100
2026-10-04T12:59:10.809975+00:00,187042598622458,109,ok,9.798,244d3e0a6d0000000000001a0000007d,0000000000001a000000
2026-10-04T12:59:10.820062+00:00,187042608600791,110,ok,9.903,244d3e076e97000000000000fe,97000000000000
2026-10-04T12:59:10.830125+00:00,187042618654833,118,ok,9.912,244d3e15760004000000000000000000000000000000000000a5c2,0004000000000000000000000000000000000000a5
2026-10-04T12:59:10.840530+00:00,187042628743333,120,ok,10.225,244d3efc78e803d007dc05640000ff00000000e803d007dc05640000ff00000000e803d007dc05640000ff00000000e803d007dc05640000ff00000000e803d007dc05640000ff00000000e803d007dc05640000ff00000000e803d007dc05640000ff00000000e803d007dc05640000ff00000000e803d007dc05640000ff00000000e803d007dc05640000ff00000000e803d007dc05640000ff00000000e803d007dc05640000ff00000000e803d007dc05640000ff00000000e803d007dc05640000ff00000000e803d007dc05640000ff00000000e803d007dc05640000ff00000000e803d007dc05640000ff00000000e803d007dc05640000ff0000000084,e803d007dc05640000ff00000000e803d007dc05640000ff00000000e803d007dc05640000ff00000000e803d007dc05640000ff00000000e803d007dc05640000ff00000000e803d007dc05640000ff00000000e803d007dc05640000ff00000000e803d007dc05640000ff00000000e803d007dc05640000ff00000000e803d007dc05640000ff00000000e803d007dc05640000ff00000000e803d007dc05640000ff00000000e803d007dc05640000ff00000000e803d007dc05640000ff00000000e803d007dc05640000ff00000000e803d007dc05640000ff00000000e803d007dc05640000ff00000000e803d007dc05640000ff00000000
2026-10-04T12:59:10.850320+00:00,187042639207291,151,ok,9.553,244d3e09970101010001010001009e,010101000101000100
2026-10-04T12:59:10.860513+00:00,187042648931041,166,ok,10.020,244d3e15a68c000100000000000000a10700000f270f270f274afa,8c000100000000000000a10700000f270f270f274a
2026-10-04T12:59:11.735180+00:00,187043524518375,1,ok,9.098,244d3e030100020505,000205
2026-10-04T12:59:11.745156+00:00,187043533842833,2,ok,9.754,244d3e0402494e415616,494e4156
2026-10-04T12:59:11.755057+00:00,187043543765958,3,ok,9.739,244d3e030309010008,090100
2026-10-04T12:59:11.765068+00:00,187043553608500,4,ok,9.908,244d3e18044d373241000002010f4d414d4241463732325f323032324136,4d373241000002010f4d414d4241463732325f3230323241
2026-10-04T12:59:11.775348+00:00,187043563611833,101,ok,10.175,244d3e0b65ea033200cb000000008000fe,ea033200cb000000008000
2026-10-04T12:59:11.785210+00:00,187043573980833,106,ok,9.675,244d3e126a00000000000000000000efff000000000f2740,00000000000000000000efff000000000f27
2026-10-04T12:59:11.795147+00:00,187043583831000,107,ok,9.763,244d3e056b00000000016f,0000000001
2026-10-04T12:59:11.805267+00:00,187043593682125,108,ok,10.025,244d3e066c7700d8ff01003b,7700d8ff0100
2026-10-04T12:59:11.815305+00:00,187043603847000,109,ok,9.900,244d3e0a6d0000000000001a0000007d,0000000000001a000000
2026-10-04T12:59:11.825328+00:00,187043613943416,110,ok,9.816,244d3e076e97000000000000fe,97000000000000
2026-10-04T12:59:11.835372+00:00,187043623917375,118,ok,9.893,244d3e15760004000000000000000000000000000000000000a5c2,0004000000000000000000000000000000000000a5
2026-10-04T12:59:11.845511+00:00,187043633961958,120,ok,9.996,244d3efc78e803d007dc05640000ff00000000e803d007dc05640000ff00000000e803d007dc05640000ff00000000e803d007dc05640000ff00000000e803d007dc05640000ff00000000e803d007dc05640000ff00000000e803d007dc05640000ff00000000e803d007dc05640000ff00000000e803d007dc05640000ff00000000e803d007dc05640000ff00000000e803d007dc05640000ff00000000e803d007dc05640000ff00000000e803d007dc05640000ff00000000e803d007dc05640000ff00000000e803d007dc05640000ff00000000e803d007dc05640000ff00000000e803d007dc05640000ff00000000e803d007dc05640000ff0000000084,e803d007dc05640000ff00000000e803d007dc05640000ff00000000e803d007dc05640000ff00000000e803d007dc05640000ff00000000e803d007dc05640000ff00000000e803d007dc05640000ff00000000e803d007dc05640000ff00000000e803d007dc05640000ff00000000e803d007dc05640000ff00000000e803d007dc05640000ff00000000e803d007dc05640000ff00000000e803d007dc05640000ff00000000e803d007dc05640000ff00000000e803d007dc05640000ff00000000e803d007dc05640000ff00000000e803d007dc05640000ff00000000e803d007dc05640000ff00000000e803d007dc05640000ff00000000
2026-10-04T12:59:11.855301+00:00,187043644075333,151,ok,9.671,244d3e09970101010001010001009e,010101000101000100
2026-10-04T12:59:11.865421+00:00,187043653865416,166,ok,9.997,244d3e15a68c000100000000000000b10700000f270f270f274aea,8c000100000000000000b10700000f270f270f274a
2026-10-04T12:59:12.738999+00:00,187044527588208,1,ok,9.864,244d3e030100020505,000205
2026-10-04T12:59:12.749054+00:00,187044537514375,2,ok,9.992,244d3e0402494e415616,494e4156
2026-10-04T12:59:12.759066+00:00,187044547571750,3,ok,9.949,244d3e030309010008,090100
2026-10-04T12:59:12.769032+00:00,187044557566458,4,ok,9.921,244d3e18044d373241000002010f4d414d4241463732325f323032324136,4d373241000002010f4d414d4241463732325f3230323241
2026-10-04T12:59:12.779146+00:00,187044567523333,101,ok,10.078,244d3e0b65f5033200cb000000008000e1,f5033200cb000000008000
2026-10-04T12:59:12.789165+00:00,187044577710125,106,ok,9.903,244d3e126a00000000000000000000efff000000000f2740,00000000000000000000efff000000000f27
2026-10-04T12:59:12.799199+00:00,187044587716916,107,ok,9.932,244d3e056b00000000016f,0000000001
2026-10-04T12:59:12.809307+00:00,187044597743458,108,ok,10.005,244d3e066c7700d8ff01003b,7700d8ff0100
2026-10-04T12:59:12.819302+00:00,187044607919333,109,ok,9.825,244d3e0a6d0000000000001a0000007d,0000000000001a000000
2026-10-04T12:59:12.829345+00:00,187044617914916,110,ok,9.869,244d3e076e97000000000000fe,97000000000000
2026-10-04T12:59:12.839412+00:00,187044627978833,118,ok,9.873,244d3e15760004000000000000000000000000000000000000a5c2,0004000000000000000000000000000000000000a5
2026-10-04T12:59:12.850023+00:00,187044638054250,120,ok,10.406,244d3efc78e803d007dc05640000ff00000000e803d007dc05640000ff00000000e803d007dc05640000ff00000000e803d007dc05640000ff00000000e803d007dc05640000ff00000000e803d007dc05640000ff00000000e803d007dc05640000ff00000000e803d007dc05640000ff00000000e803d007dc05640000ff00000000e803d007dc05640000ff00000000e803d007dc05640000ff00000000e803d007dc05640000ff00000000e803d007dc05640000ff00000000e803d007dc05640000ff00000000e803d007dc05640000ff00000000e803d007dc05640000ff00000000e803d007dc05640000ff00000000e803d007dc05640000ff0000000084,e803d007dc05640000ff00000000e803d007dc05640000ff00000000e803d007dc05640000ff00000000e803d007dc05640000ff00000000e803d007dc05640000ff00000000e803d007dc05640000ff00000000e803d007dc05640000ff00000000e803d007dc05640000ff00000000e803d007dc05640000ff00000000e803d007dc05640000ff00000000e803d007dc05640000ff00000000e803d007dc05640000ff00000000e803d007dc05640000ff00000000e803d007dc05640000ff00000000e803d007dc05640000ff00000000e803d007dc05640000ff00000000e803d007dc05640000ff00000000e803d007dc05640000ff00000000
2026-10-04T12:59:12.859730+00:00,187044648721625,151,ok,9.447,244d3e09970101010001010001009e,010101000101000100
2026-10-04T12:59:12.869745+00:00,187044658386416,166,ok,9.802,244d3e15a68c000100000000000000c10700000f270f270f274a9a,8c000100000000000000c10700000f270f270f274a
2026-10-04T12:59:13.743804+00:00,187045532507375,1,ok,9.735,244d3e030100020505,000205
2026-10-04T12:59:13.753790+00:00,187045542453125,2,ok,9.779,244d3e0402494e415616,494e4156
2026-10-04T12:59:13.763708+00:00,187045552422583,3,ok,9.732,244d3e030309010008,090100
2026-10-04T12:59:13.773741+00:00,187045562293750,4,ok,9.896,244d3e18044d373241000002010f4d414d4241463732325f323032324136,4d373241000002010f4d414d4241463732325f3230323241
2026-10-04T12:59:13.783777+00:00,187045572302083,101,ok,9.920,244d3e0b65fe033200cb000000008000ea,fe033200cb000000008000
2026-10-04T12:59:13.793880+00:00,187045582380416,106,ok,9.940,244d3e126a00000000000000000000efff000000000f2740,00000000000000000000efff000000000f27
2026-10-04T12:59:13.803812+00:00,187045592527166,107,ok,9.726,244d3e056b00000000016f,0000000001
2026-10-04T12:59:13.813896+00:00,187045602440750,108,ok,9.895,244d3e066c7700d8ff01003b,7700d8ff0100
2026-10-04T12:59:13.823825+00:00,187045612538208,109,ok,9.735,244d3e0a6d0000000000001200000075,00000000000012000000
2026-10-04T12:59:13.833836+00:00,187045622425041,110,ok,9.860,244d3e076e97000000000000fe,97000000000000
2026-10-04T12:59:13.843852+00:00,187045632407208,118,ok,9.895,244d3e15760004000000000000000000000000000000000000a5c2,0004000000000000000000000000000000000000a5
2026-10-04T12:59:13.854184+00:00,187045642413125,120,ok,10.217,244d3efc78e803d007dc05640000ff00000000e803d007dc05640000ff00000000e803d007dc05640000ff00000000e803d007dc05640000ff00000000e803d007dc05640000ff00000000e803d007dc05640000ff00000000e803d007dc05640000ff00000000e803d007dc05640000ff00000000e803d007dc05640000ff00000000e803d007dc05640000ff00000000e803d007dc05640000ff00000000e803d007dc05640000ff00000000e803d007dc05640000ff00000000e803d007dc05640000ff00000000e803d007dc05640000ff00000000e803d007dc05640000ff00000000e803d007dc05640000ff00000000e803d007dc05640000ff0000000084,e803d007dc05640000ff00000000e803d007dc05640000ff00000000e803d007dc05640000ff00000000e803d007dc05640000ff00000000e803d007dc05640000ff00000000e803d007dc05640000ff00000000e803d007dc05640000ff00000000e803d007dc05640000ff00000000e803d007dc05640000ff00000000e803d007dc05640000ff00000000e803d007dc05640000ff00000000e803d007dc05640000ff00000000e803d007dc05640000ff00000000e803d007dc05640000ff00000000e803d007dc05640000ff00000000e803d007dc05640000ff00000000e803d007dc05640000ff00000000e803d007dc05640000ff00000000
2026-10-04T12:59:13.863893+00:00,187045652865375,151,ok,9.477,244d3e09970101010001010001009e,010101000101000100
2026-10-04T12:59:13.873986+00:00,187045662471250,166,ok,9.960,244d3e15a68c000100000000000000d10700000f270f270f274a8a,8c000100000000000000d10700000f270f270f274a
2026-10-04T12:59:14.748947+00:00,187046537022875,1,ok,10.359,244d3e030100020505,000205
2026-10-04T12:59:14.758946+00:00,187046547587125,2,ok,9.805,244d3e0402494e415616,494e4156
2026-10-04T12:59:14.768928+00:00,187046557563125,3,ok,9.814,244d3e030309010008,090100
2026-10-04T12:59:14.779015+00:00,187046567521208,4,ok,9.939,244d3e18044d373241000002010f4d414d4241463732325f323032324136,4d373241000002010f4d414d4241463732325f3230323241
2026-10-04T12:59:14.789007+00:00,187046577640333,101,ok,9.814,244d3e0b6505043200cb00000000800016,05043200cb000000008000
2026-10-04T12:59:14.799266+00:00,187046587618875,106,ok,10.098,244d3e126a00000000000000000000efff000000000f2740,00000000000000000000efff000000000f27
2026-10-04T12:59:14.809292+00:00,187046597828333,107,ok,9.913,244d3e056b00000000016f,0000000001
2026-10-04T12:59:14.819435+00:00,187046607864333,108,ok,10.014,244d3e066c7700d8ff01003b,7700d8ff0100
2026-10-04T12:59:14.829334+00:00,187046618081041,109,ok,9.702,244d3e0a6d0000000000001a0000007d,0000000000001a000000
2026-10-04T12:59:14.839434+00:00,187046627904708,110,ok,9.976,244d3e076e97000000000000fe,97000000000000
2026-10-04T12:59:14.849458+00:00,187046638054083,118,ok,9.850,244d3e15760004000000000000000000000000000000000000a5c2,0004000000000000000000000000000000000000a5
2026-10-04T12:59:14.859685+00:00,187046648074458,120,ok,10.058,244d3efc78e803d007dc05640000ff00000000e803d007dc05640000ff00000000e803d007dc05640000ff00000000e803d007dc05640000ff00000000e803d007dc05640000ff00000000e803d007dc05640000ff00000000e803d007dc05640000ff00000000e803d007dc05640000ff00000000e803d007dc05640000ff00000000e803d007dc05640000ff00000000e803d007dc05640000ff00000000e803d007dc05640000ff00000000e803d007dc05640000ff00000000e803d007dc05640000ff00000000e803d007dc05640000ff00000000e803d007dc05640000ff00000000e803d007dc05640000ff00000000e803d007dc05640000ff0000000084,e803d007dc05640000ff00000000e803d007dc05640000ff00000000e803d007dc05640000ff00000000e803d007dc05640000ff00000000e803d007dc05640000ff00000000e803d007dc05640000ff00000000e803d007dc05640000ff00000000e803d007dc05640000ff00000000e803d007dc05640000ff00000000e803d007dc05640000ff00000000e803d007dc05640000ff00000000e803d007dc05640000ff00000000e803d007dc05640000ff00000000e803d007dc05640000ff00000000e803d007dc05640000ff00000000e803d007dc05640000ff00000000e803d007dc05640000ff00000000e803d007dc05640000ff00000000
2026-10-04T12:59:14.869504+00:00,187046658349958,151,ok,9.599,244d3e09970101010001010001009e,010101000101000100
2026-10-04T12:59:14.879639+00:00,187046668134416,166,ok,9.949,244d3e15a664000100000000000000e40700000f270f270f274a57,64000100000000000000e40700000f270f270f274a
2026-10-04T12:59:15.744658+00:00,187047542027083,1,ok,1.077,244d3e030100020505,000205
2026-10-04T12:59:15.755122+00:00,187047543259500,2,ok,10.313,244d3e0402494e415616,494e4156
2026-10-04T12:59:15.765048+00:00,187047553713791,3,ok,9.783,244d3e030309010008,090100
2026-10-04T12:59:15.775082+00:00,187047563649416,4,ok,9.869,244d3e18044d373241000002010f4d414d4241463732325f323032324136,4d373241000002010f4d414d4241463732325f3230323241
2026-10-04T12:59:15.785063+00:00,187047573644250,101,ok,9.868,244d3e0b65ea033200cb000000008000fe,ea033200cb000000008000
2026-10-04T12:59:15.795122+00:00,187047583675125,106,ok,9.896,244d3e126a00000000000000000000efff000000000f2740,00000000000000000000efff000000000f27
2026-10-04T12:59:15.805212+00:00,187047593728666,107,ok,9.935,244d3e056b00000000016f,0000000001
2026-10-04T12:59:15.815232+00:00,187047603795333,108,ok,9.874,244d3e066c7700d8ff01003b,7700d8ff0100
2026-10-04T12:59:15.825158+00:00,187047613855041,109,ok,9.751,244d3e0a6d0000000000001a0000007d,0000000000001a000000
2026-10-04T12:59:15.835228+00:00,187047623770583,110,ok,9.909,244d3e076e97000000000000fe,97000000000000
2026-10-04T12:59:15.845325+00:00,187047633801708,118,ok,9.964,244d3e15760004000000000000000000000000000000000000a5c2,0004000000000000000000000000000000000000a5
2026-10-04T12:59:15.855415+00:00,187047643984250,120,ok,9.880,244d3efc78e803d007dc05640000ff00000000e803d007dc05640000ff00000000e803d007dc05640000ff00000000e803d007dc05640000ff00000000e803d007dc05640000ff00000000e803d007dc05640000ff00000000e803d007dc05640000ff00000000e803d007dc05640000ff00000000e803d007dc05640000ff00000000e803d007dc05640000ff00000000e803d007dc05640000ff00000000e803d007dc05640000ff00000000e803d007dc05640000ff00000000e803d007dc05640000ff00000000e803d007dc05640000ff00000000e803d007dc05640000ff00000000e803d007dc05640000ff00000000e803d007dc05640000ff0000000084,e803d007dc05640000ff00000000e803d007dc05640000ff00000000e803d007dc05640000ff00000000e803d007dc05640000ff00000000e803d007dc05640000ff00000000e803d007dc05640000ff00000000e803d007dc05640000ff00000000e803d007dc05640000ff00000000e803d007dc05640000ff00000000e803d007dc05640000ff00000000e803d007dc05640000ff00000000e803d007dc05640000ff00000000e803d007dc05640000ff00000000e803d007dc05640000ff00000000e803d007dc05640000ff00000000e803d007dc05640000ff00000000e803d007dc05640000ff00000000e803d007dc05640000ff00000000
2026-10-04T12:59:15.865248+00:00,187047654032125,151,ok,9.668,244d3e09970101010001010001009e,010101000101000100
2026-10-04T12:59:15.875261+00:00,187047663830916,166,ok,9.882,244d3e15a68d000100000000000000f20700000f270f270f274aa8,8d000100000000000000f20700000f270f270f274a
2026-10-04T12:59:16.748940+00:00,187048544885083,1,ok,2.506,244d3e030100020505,000205
2026-10-04T12:59:16.759106+00:00,187048547528125,2,ok,10.023,244d3e0402494e415616,494e4156
2026-10-04T12:59:16.769125+00:00,187048557781000,3,ok,9.790,244d3e030309010008,090100
2026-10-04T12:59:16.779146+00:00,187048567777500,4,ok,9.815,244d3e18044d373241000002010f4d414d4241463732325f323032324136,4d373241000002010f4d414d4241463732325f3230323241
2026-10-04T12:59:16.789100+00:00,187048577826583,101,ok,9.722,244d3e0b65ed033200cb000000008000f9,ed033200cb000000008000
2026-10-04T12:59:16.799082+00:00,187048587719375,106,ok,9.815,244d3e126a00000000000000000000efff000000000f2740,00000000000000000000efff000000000f27
2026-10-04T12:59:16.809495+00:00,187048597677833,107,ok,10.263,244d3e056b00000000016f,0000000001
2026-10-04T12:59:16.819432+00:00,187048608134500,108,ok,9.748,244d3e066c7700d8ff01003b,7700d8ff0100
2026-10-04T12:59:16.829484+00:00,187048618027125,109,ok,9.907,244d3e0a6d0000000000001a0000007d,0000000000001a000000
2026-10-04T12:59:16.839552+00:00,187048628099208,110,ok,9.890,244d3e076e97000000000000fe,97000000000000
2026-10-04T12:59:16.849543+00:00,187048638199875,118,ok,9.794,244d3e15760004000000000000000000000000000000000000a5c2,0004000000000000000000000000000000000000a5
2026-10-04T12:59:16.859800+00:00,187048648156541,120,ok,10.090,244d3efc78e803d007dc05640000ff00000000e803d007dc05640000ff00000000e803d007dc05640000ff00000000e803d007dc05640000ff00000000e803d007dc05640000ff00000000e803d007dc05640000ff00000000e803d007dc05640000ff00000000e803d007dc05640000ff00000000e803d007dc05640000ff00000000e803d007dc05640000ff00000000e803d007dc05640000ff00000000e803d007dc05640000ff00000000e803d007dc05640000ff00000000e803d007dc05640000ff00000000e803d007dc05640000ff00000000e803d007dc05640000ff00000000e803d007dc05640000ff00000000e803d007dc05640000ff0000000084,e803d007dc05640000ff00000000e803d007dc05640000ff00000000e803d007dc05640000ff00000000e803d007dc05640000ff00000000e803d007dc05640000ff00000000e803d007dc05640000ff00000000e803d007dc05640000ff00000000e803d007dc05640000ff00000000e803d007dc05640000ff00000000e803d007dc05640000ff00000000e803d007dc05640000ff00000000e803d007dc05640000ff00000000e803d007dc05640000ff00000000e803d007dc05640000ff00000000e803d007dc05640000ff00000000e803d007dc05640000ff00000000e803d007dc05640000ff00000000e803d007dc05640000ff00000000
2026-10-04T12:59:16.869615+00:00,187048658496541,151,ok,9.571,244d3e09970101010001010001009e,010101000101000100
2026-10-04T12:59:16.879606+00:00,187048668213083,166,ok,9.844,244d3e15a68c000100000000000000020800000f270f270f274a56,8c000100000000000000020800000f270f270f274a
2026-10-04T12:59:17.752048+00:00,187049545305958,1,ok,5.194,244d3e030100020505,000205
2026-10-04T12:59:17.762127+00:00,187049550642750,2,ok,9.934,244d3e0402494e415616,494e4156
2026-10-04T12:59:17.772172+00:00,187049560746166,3,ok,9.872,244d3e030309010008,090100
2026-10-04T12:59:17.782175+00:00,187049571316375,4,ok,9.310,244d3e18044d373241000002010f4d414d4241463732325f323032324136,4d373241000002010f4d414d4241463732325f3230323241
2026-10-04T12:59:17.792179+00:00,187049580790125,101,ok,9.842,244d3e0b65f2033200cb000000008000e6,f2033200cb000000008000
2026-10-04T12:59:17.802183+00:00,187049590751916,106,ok,9.885,244d3e126a00000000000000000000efff000000000f2740,00000000000000000000efff000000000f27
2026-10-04T12:59:17.812255+00:00,187049600757708,107,ok,9.949,244d3e056b00000000016f,0000000001
2026-10-04T12:59:17.822287+00:00,187049610871916,108,ok,9.868,244d3e066c7700d8ff01003b,7700d8ff0100
2026-10-04T12:59:17.832224+00:00,187049620874625,109,ok,9.803,244d3e0a6d0000000000001a0000007d,0000000000001a000000
2026-10-04T12:59:17.857125+00:00,187049630794208,110,ok,24.784,244d3e076e97000000000000fe,97000000000000
2026-10-04T12:59:17.862562+00:00,187049655704208,118,ok,5.317,244d3e15760004000000000000000000000000000000000000a5c2,0004000000000000000000000000000000000000a5
2026-10-04T12:59:17.872817+00:00,187049661099041,120,ok,10.177,244d3efc78e803d007dc05640000ff00000000e803d007dc05640000ff00000000e803d007dc05640000ff00000000e803d007dc05640000ff00000000e803d007dc05640000ff00000000e803d007dc05640000ff00000000e803d007dc05640000ff00000000e803d007dc05640000ff00000000e803d007dc05640000ff00000000e803d007dc05640000ff00000000e803d007dc05640000ff00000000e803d007dc05640000ff00000000e803d007dc05640000ff00000000e803d007dc05640000ff00000000e803d007dc05640000ff00000000e803d007dc05640000ff00000000e803d007dc05640000ff00000000e803d007dc05640000ff0000000084,e803d007dc05640000ff00000000e803d007dc05640000ff00000000e803d007dc05640000ff00000000e803d007dc05640000ff00000000e803d007dc05640000ff00000000e803d007dc05640000ff00000000e803d007dc05640000ff00000000e803d007dc05640000ff00000000e803d007dc05640000ff00000000e803d007dc05640000ff00000000e803d007dc05640000ff00000000e803d007dc05640000ff00000000e803d007dc05640000ff00000000e803d007dc05640000ff00000000e803d007dc05640000ff00000000e803d007dc05640000ff00000000e803d007dc05640000ff00000000e803d007dc05640000ff00000000
2026-10-04T12:59:17.882622+00:00,187049671374333,151,ok,9.704,244d3e09970101010001010001009e,010101000101000100
2026-10-04T12:59:17.892640+00:00,187049681234583,166,ok,9.863,244d3e15a679000100000000000000140800000f270f270f274ab5,79000100000000000000140800000f270f270f274a
2026-10-04T12:59:18.756003+00:00,187050550278333,1,ok,4.181,244d3e030100020505,000205
2026-10-04T12:59:18.766028+00:00,187050554568041,2,ok,9.917,244d3e0402494e415616,494e4156
2026-10-04T12:59:18.776068+00:00,187050564609041,3,ok,9.919,244d3e030309010008,090100
2026-10-04T12:59:18.786052+00:00,187050574613375,4,ok,9.902,244d3e18044d373241000002010f4d414d4241463732325f323032324136,4d373241000002010f4d414d4241463732325f3230323241
2026-10-04T12:59:18.796212+00:00,187050584569958,101,ok,10.102,244d3e0b65f6033200cb000000008000e2,f6033200cb000000008000
2026-10-04T12:59:18.806133+00:00,187050594762666,106,ok,9.832,244d3e126a00000000000000000000efff000000000f2740,00000000000000000000efff000000000f27
2026-10-04T12:59:18.816189+00:00,187050604656708,107,ok,9.993,244d3e056b00000000016f,0000000001
2026-10-04T12:59:18.826102+00:00,187050614746000,108,ok,9.822,244d3e066c7700d8ff01003b,7700d8ff0100
2026-10-04T12:59:18.836189+00:00,187050624604250,109,ok,10.046,244d3e0a6d0000000000001a0000007d,0000000000001a000000
2026-10-04T12:59:18.846192+00:00,187050634722083,110,ok,9.929,244d3e076e97000000000000fe,97000000000000
2026-10-04T12:59:18.856216+00:00,187050644735458,118,ok,9.939,244d3e15760004000000000000000000000000000000000000a5c2,0004000000000000000000000000000000000000a5
2026-10-04T12:59:18.866479+00:00,187050654776541,120,ok,10.160,244d3efc78e803d007dc05640000ff00000000e803d007dc05640000ff00000000e803d007dc05640000ff00000000e803d007dc05640000ff00000000e803d007dc05640000ff00000000e803d007dc05640000ff00000000e803d007dc05640000ff00000000e803d007dc05640000ff00000000e803d007dc05640000ff00000000e803d007dc05640000ff00000000e803d007dc05640000ff00000000e803d007dc05640000ff00000000e803d007dc05640000ff00000000e803d007dc05640000ff00000000e803d007dc05640000ff00000000e803d007dc05640000ff00000000e803d007dc05640000ff00000000e803d007dc05640000ff0000000084,e803d007dc05640000ff00000000e803d007dc05640000ff00000000e803d007dc05640000ff00000000e803d007dc05640000ff00000000e803d007dc05640000ff00000000e803d007dc05640000ff00000000e803d007dc05640000ff00000000e803d007dc05640000ff00000000e803d007dc05640000ff00000000e803d007dc05640000ff00000000e803d007dc05640000ff00000000e803d007dc05640000ff00000000e803d007dc05640000ff00000000e803d007dc05640000ff00000000e803d007dc05640000ff00000000e803d007dc05640000ff00000000e803d007dc05640000ff00000000e803d007dc05640000ff00000000
2026-10-04T12:59:18.876230+00:00,187050665077083,151,ok,9.612,244d3e09970101010001010001009e,010101000101000100
2026-10-04T12:59:18.886325+00:00,187050674778958,166,ok,10.003,244d3e15a68d000100000000000000220800000f270f270f274a77,8d000100000000000000220800000f270f270f274a
2026-10-04T12:59:19.758164+00:00,187051552310333,1,ok,4.317,244d3e030100020505,000205
2026-10-04T12:59:19.768163+00:00,187051556685333,2,ok,9.943,244d3e0402494e415616,494e4156
2026-10-04T12:59:19.778294+00:00,187051566679583,3,ok,10.072,244d3e030309010008,090100
2026-10-04T12:59:19.788257+00:00,187051576875291,4,ok,9.847,244d3e18044d373241000002010f4d414d4241463732325f323032324136,4d373241000002010f4d414d4241463732325f3230323241
2026-10-04T12:59:19.798214+00:00,187051586781458,101,ok,9.897,244d3e0b65f7033200cb000000008000e3,f7033200cb000000008000
2026-10-04T12:59:19.808249+00:00,187051596744791,106,ok,9.969,244d3e126a00000000000000000000efff000000000f2740,00000000000000000000efff000000000f27
2026-10-04T12:59:19.818272+00:00,187051606772541,107,ok,9.966,244d3e056b00000000016f,0000000001
2026-10-04T12:59:19.828365+00:00,187051616782041,108,ok,10.046,244d3e066c7700d8ff01003b,7700d8ff0100
2026-10-04T12:59:19.838283+00:00,187051626925500,109,ok,9.823,244d3e0a6d0000000000001a0000007d,0000000000001a000000
2026-10-04T12:59:19.848380+00:00,187051636791416,110,ok,10.050,244d3e076e97000000000000fe,97000000000000
2026-10-04T12:59:19.858433+00:00,187051646931041,118,ok,9.959,244d3e15760004000000000000000000000000000000000000a5c2,0004000000000000000000000000000000000000a5
2026-10-04T12:59:19.868651+00:00,187051656969416,120,ok,10.145,244d3efc78e803d007dc05640000ff00000000e803d007dc05640000ff00000000e803d007dc05640000ff00000000e803d007dc05640000ff00000000e803d007dc05640000ff00000000e803d007dc05640000ff00000000e803d007dc05640000ff00000000e803d007dc05640000ff00000000e803d007dc05640000ff00000000e803d007dc05640000ff00000000e803d007dc05640000ff00000000e803d007dc05640000ff00000000e803d007dc05640000ff00000000e803d007dc05640000ff00000000e803d007dc05640000ff00000000e803d007dc05640000ff00000000e803d007dc05640000ff00000000e803d007dc05640000ff0000000084,e803d007dc05640000ff00000000e803d007dc05640000ff00000000e803d007dc05640000ff00000000e803d007dc05640000ff00000000e803d007dc05640000ff00000000e803d007dc05640000ff00000000e803d007dc05640000ff00000000e803d007dc05640000ff00000000e803d007dc05640000ff00000000e803d007dc05640000ff00000000e803d007dc05640000ff00000000e803d007dc05640000ff00000000e803d007dc05640000ff00000000e803d007dc05640000ff00000000e803d007dc05640000ff00000000e803d007dc05640000ff00000000e803d007dc05640000ff00000000e803d007dc05640000ff00000000
2026-10-04T12:59:19.878517+00:00,187051667225916,151,ok,9.751,244d3e09970101010001010001009e,010101000101000100
2026-10-04T12:59:19.888429+00:00,187051677063583,166,ok,9.832,244d3e15a665000100000000000000340800000f270f270f274a89,65000100000000000000340800000f270f270f274a
2026-10-04T12:59:20.762173+00:00,187052556766083,1,ok,3.871,244d3e030100020505,000205
2026-10-04T12:59:20.772200+00:00,187052560708250,2,ok,9.952,244d3e0402494e415616,494e4156
2026-10-04T12:59:20.782192+00:00,187052570773333,3,ok,9.885,244d3e030309010008,090100
2026-10-04T12:59:20.792227+00:00,187052580719958,4,ok,9.974,244d3e18044d373241000002010f4d414d4241463732325f323032324136,4d373241000002010f4d414d4241463732325f3230323241
2026-10-04T12:59:20.802224+00:00,187052590766666,101,ok,9.926,244d3e0b65fd033200cb000000008000e9,fd033200cb000000008000
2026-10-04T12:59:20.812261+00:00,187052600722666,106,ok,10.007,244d3e126a00000000000000000000efff000000000f2740,00000000000000000000efff000000000f27
2026-10-04T12:59:20.822275+00:00,187052610777541,107,ok,9.965,244d3e056b00000000016f,0000000001
2026-10-04T12:59:20.832293+00:00,187052620790083,108,ok,9.970,244d3e066c7700d8ff01003b,7700d8ff0100
2026-10-04T12:59:20.842393+00:00,187052630804541,109,ok,10.054,244d3e0a6d0000000000001a0000007d,0000000000001a000000
2026-10-04T12:59:20.852435+00:00,187052640944875,110,ok,9.938,244d3e076e97000000000000fe,97000000000000
2026-10-04T12:59:20.862558+00:00,187052651023625,118,ok,9.987,244d3e15760004000000000000000000000000000000000000a5c2,0004000000000000000000000000000000000000a5
2026-10-04T12:59:20.872965+00:00,187052661146166,120,ok,10.275,244d3efc78e803d007dc05640000ff00000000e803d007dc05640000ff00000000e803d007dc05640000ff00000000e803d007dc05640000ff00000000e803d007dc05640000ff00000000e803d007dc05640000ff00000000e803d007dc05640000ff00000000e803d007dc05640000ff00000000e803d007dc05640000ff00000000e803d007dc05640000ff00000000e803d007dc05640000ff00000000e803d007dc05640000ff00000000e803d007dc05640000ff00000000e803d007dc05640000ff00000000e803d007dc05640000ff00000000e803d007dc05640000ff00000000e803d007dc05640000ff00000000e803d007dc05640000ff0000000084,e803d007dc05640000ff00000000e803d007dc05640000ff00000000e803d007dc05640000ff00000000e803d007dc05640000ff00000000e803d007dc05640000ff00000000e803d007dc05640000ff00000000e803d007dc05640000ff00000000e803d007dc05640000ff00000000e803d007dc05640000ff00000000e803d007dc05640000ff00000000e803d007dc05640000ff00000000e803d007dc05640000ff00000000e803d007dc05640000ff00000000e803d007dc05640000ff00000000e803d007dc05640000ff00000000e803d007dc05640000ff00000000e803d007dc05640000ff00000000e803d007dc05640000ff00000000
2026-10-04T12:59:20.882711+00:00,187052671592500,151,ok,9.584,244d3e09970101010001010001009e,010101000101000100
2026-10-04T12:59:20.892977+00:00,187052681242875,166,ok,10.199,244d3e15a664000100000000000000450800000f270f270f274af9,64000100000000000000450800000f270f270f274a
2026-10-04T12:59:21.765881+00:00,187053561877791,1,ok,2.464,244d3e030100020505,000205
2026-10-04T12:59:21.776013+00:00,187053564453958,2,ok,10.014,244d3e0402494e415616,494e4156
2026-10-04T12:59:21.786008+00:00,187053574654625,3,ok,9.808,244d3e030309010008,090100
2026-10-04T12:59:21.795902+00:00,187053584661708,4,ok,9.704,244d3e18044d373241000002010f4d414d4241463732325f323032324136,4d373241000002010f4d414d4241463732325f3230323241
2026-10-04T12:59:21.806349+00:00,187053594477458,101,ok,10.331,244d3e0b65ef033200cb000000008000fb,ef033200cb000000008000
2026-10-04T12:59:21.816089+00:00,187053604968875,106,ok,9.574,244d3e126a00000000000000000000efff000000000f2740,00000000000000000000efff000000000f27
2026-10-04T12:59:21.825965+00:00,187053614707958,107,ok,9.718,244d3e056b00000000016f,0000000001
2026-10-04T12:59:21.836011+00:00,187053624544708,108,ok,9.929,244d3e066c7700d8ff01003b,7700d8ff0100
2026-10-04T12:59:21.846159+00:00,187053634578416,109,ok,10.035,244d3e0a6d0000000000001a0000007d,0000000000001a000000
2026-10-04T12:59:21.856093+00:00,187053644822500,110,ok,9.730,244d3e076e97000000000000fe,97000000000000
2026-10-04T12:59:21.866223+00:00,187053654672833,118,ok,10.006,244d3e15760004000000000000000000000000000000000000a5c2,0004000000000000000000000000000000000000a5
2026-10-04T12:59:21.876453+00:00,187053664947916,120,ok,9.961,244d3efc78e803d007dc05640000ff00000000e803d007dc05640000ff00000000e803d007dc05640000ff00000000e803d007dc05640000ff00000000e803d007dc05640000ff00000000e803d007dc05640000ff00000000e803d007dc05640000ff00000000e803d007dc05640000ff00000000e803d007dc05640000ff00000000e803d007dc05640000ff00000000e803d007dc05640000ff00000000e803d007dc05640000ff00000000e803d007dc05640000ff00000000e803d007dc05640000ff00000000e803d007dc05640000ff00000000e803d007dc05640000ff00000000e803d007dc05640000ff00000000e803d007dc05640000ff0000000084,e803d007dc05640000ff00000000e803d007dc05640000ff00000000e803d007dc05640000ff00000000e803d007dc05640000ff00000000e803d007dc05640000ff00000000e803d007dc05640000ff00000000e803d007dc05640000ff00000000e803d007dc05640000ff00000000e803d007dc05640000ff00000000e803d007dc05640000ff00000000e803d007dc05640000ff00000000e803d007dc05640000ff00000000e803d007dc05640000ff00000000e803d007dc05640000ff00000000e803d007dc05640000ff00000000e803d007dc05640000ff00000000e803d007dc05640000ff00000000e803d007dc05640000ff00000000
2026-10-04T12:59:21.886228+00:00,187053675110375,151,ok,9.574,244d3e09970101010001010001009e,010101000101000100
2026-10-04T12:59:21.896176+00:00,187053684869708,166,ok,9.766,244d3e15a664000100000000000000550800000f270f270f274ae9,64000100000000000000550800000f270f270f274a
2026-10-04T12:59:22.769494+00:00,187054565112041,1,ok,2.845,244d3e030100020505,000205
2026-10-04T12:59:22.779718+00:00,187054568054916,2,ok,10.116,244d3e0402494e415616,494e4156
2026-10-04T12:59:22.789617+00:00,187054578392958,3,ok,9.686,244d3e030309010008,090100
2026-10-04T12:59:22.799816+00:00,187054588227125,4,ok,10.050,244d3e18044d373241000002010f4d414d4241463732325f323032324136,4d373241000002010f4d414d4241463732325f3230323241
2026-10-04T12:59:22.809708+00:00,187054598408041,101,ok,9.760,244d3e0b65e9033200cb000000008000fd,e9033200cb000000008000
2026-10-04T12:59:22.819750+00:00,187054608328208,106,ok,9.874,244d3e126a00000000000000000000efff000000000f2740,00000000000000000000efff000000000f27
2026-10-04T12:59:22.830069+00:00,187054618375041,107,ok,10.151,244d3e056b00000000016f,0000000001
2026-10-04T12:59:22.840125+00:00,187054628695708,108,ok,9.883,244d3e066c7700d8ff01003b,7700d8ff0100
2026-10-04T12:59:22.850088+00:00,187054638762666,109,ok,9.786,244d3e0a6d0000000000001a0000007d,0000000000001a000000
2026-10-04T12:59:22.860070+00:00,187054648703041,110,ok,9.829,244d3e076e97000000000000fe,97000000000000
2026-10-04T12:59:22.870191+00:00,187054658673916,118,ok,9.980,244d3e15760004000000000000000000000000000000000000a5c2,0004000000000000000000000000000000000000a5
2026-10-04T12:59:22.880373+00:00,187054668795416,120,ok,10.041,244d3efc78e803d007dc05640000ff00000000e803d007dc05640000ff00000000e803d007dc05640000ff00000000e803d007dc05640000ff00000000e803d007dc05640000ff00000000e803d007dc05640000ff00000000e803d007dc05640000ff00000000e803d007dc05640000ff00000000e803d007dc05640000ff00000000e803d007dc05640000ff00000000e803d007dc05640000ff00000000e803d007dc05640000ff00000000e803d007dc05640000ff00000000e803d007dc05640000ff00000000e803d007dc05640000ff00000000e803d007dc05640000ff00000000e803d007dc05640000ff00000000e803d007dc05640000ff0000000084,e803d007dc05640000ff00000000e803d007dc05640000ff00000000e803d007dc05640000ff00000000e803d007dc05640000ff00000000e803d007dc05640000ff00000000e803d007dc05640000ff00000000e803d007dc05640000ff00000000e803d007dc05640000ff00000000e803d007dc05640000ff00000000e803d007dc05640000ff00000000e803d007dc05640000ff00000000e803d007dc05640000ff00000000e803d007dc05640000ff00000000e803d007dc05640000ff00000000e803d007dc05640000ff00000000e803d007dc05640000ff00000000e803d007dc05640000ff00000000e803d007dc05640000ff00000000
2026-10-04T12:59:22.890168+00:00,187054678980916,151,ok,9.650,244d3e09970101010001010001009e,010101000101000100
2026-10-04T12:59:22.900200+00:00,187054688754791,166,ok,9.909,244d3e15a678000100000000000000650800000f270f270f274ac5,78000100000000000000650800000f270f270f274a
2026-10-04T12:59:23.773596+00:00,187055566152666,1,ok,5.903,244d3e030100020505,000205
2026-10-04T12:59:23.783904+00:00,187055572205625,2,ok,10.163,244d3e0402494e415616,494e4156
2026-10-04T12:59:23.793901+00:00,187055582500708,3,ok,9.866,244d3e030309010008,090100
2026-10-04T12:59:23.804018+00:00,187055592492833,4,ok,9.982,244d3e18044d373241000002010f4d414d4241463732325f323032324136,4d373241000002010f4d414d4241463732325f3230323241
2026-10-04T12:59:23.813948+00:00,187055602666000,101,ok,9.746,244d3e0b65ed033200cb000000008000f9,ed033200cb000000008000
2026-10-04T12:59:23.824267+00:00,187055612535166,106,ok,10.197,244d3e126a00000000000000000000efff000000000f2740,00000000000000000000efff000000000f27
2026-10-04T12:59:23.834277+00:00,187055622840833,107,ok,9.898,244d3e056b00000000016f,0000000001
2026-10-04T12:59:23.844630+00:00,187055632869541,108,ok,10.224,244d3e066c7700d8ff01003b,7700d8ff0100
2026-10-04T12:59:23.854632+00:00,187055643214166,109,ok,9.884,244d3e0a6d0000000000001a0000007d,0000000000001a000000
2026-10-04T12:59:23.864778+00:00,187055653211583,110,ok,10.031,244d3e076e97000000000000fe,97000000000000
2026-10-04T12:59:23.874700+00:00,187055663386375,118,ok,9.778,244d3e15760004000000000000000000000000000000000000a5c2,0004000000000000000000000000000000000000a5
2026-10-04T12:59:23.884958+00:00,187055673291000,120,ok,10.131,244d3efc78e803d007dc05640000ff00000000e803d007dc05640000ff00000000e803d007dc05640000ff00000000e803d007dc05640000ff00000000e803d007dc05640000ff00000000e803d007dc05640000ff00000000e803d007dc05640000ff00000000e803d007dc05640000ff00000000e803d007dc05640000ff00000000e803d007dc05640000ff00000000e803d007dc05640000ff00000000e803d007dc05640000ff00000000e803d007dc05640000ff00000000e803d007dc05640000ff00000000e803d007dc05640000ff00000000e803d007dc05640000ff00000000e803d007dc05640000ff00000000e803d007dc05640000ff0000000084,e803d007dc05640000ff00000000e803d007dc05640000ff00000000e803d007dc05640000ff00000000e803d007dc05640000ff00000000e803d007dc05640000ff00000000e803d007dc05640000ff00000000e803d007dc05640000ff00000000e803d007dc05640000ff00000000e803d007dc05640000ff00000000e803d007dc05640000ff00000000e803d007dc05640000ff00000000e803d007dc05640000ff00000000e803d007dc05640000ff00000000e803d007dc05640000ff00000000e803d007dc05640000ff00000000e803d007dc05640000ff00000000e803d007dc05640000ff00000000e803d007dc05640000ff00000000
2026-10-04T12:59:23.894777+00:00,187055683573875,151,ok,9.665,244d3e09970101010001010001009e,010101000101000100
2026-10-04T12:59:23.904945+00:00,187055693384250,166,ok,10.021,244d3e15a678000100000000000000750800000f270f270f274ad5,78000100000000000000750800000f270f270f274a
2026-10-04T12:59:24.779921+00:00,187056571116916,1,ok,7.274,244d3e030100020505,000205
2026-10-04T12:59:24.789968+00:00,187056578476125,2,ok,9.960,244d3e0402494e415616,494e4156
2026-10-04T12:59:24.800307+00:00,187056588532583,3,ok,10.237,244d3e030309010008,090100
2026-10-04T12:59:24.810458+00:00,187056598887083,4,ok,10.031,244d3e18044d373241000002010f4d414d4241463732325f323032324136,4d373241000002010f4d414d4241463732325f3230323241
2026-10-04T12:59:24.820416+00:00,187056609146833,101,ok,9.731,244d3e0b65fb033200cb000000008000ef,fb033200cb000000008000
2026-10-04T12:59:24.830434+00:00,187056619029166,106,ok,9.868,244d3e126a00000000000000000000efff000000000f2740,00000000000000000000efff000000000f27
2026-10-04T12:59:24.840444+00:00,187056629054083,107,ok,9.858,244d3e056b00000000016f,0000000001
2026-10-04T12:59:24.850442+00:00,187056639021083,108,ok,9.885,244d3e066c7700d8ff01003b,7700d8ff0100
2026-10-04T12:59:24.860451+00:00,187056649035875,109,ok,9.882,244d3e0a6d0000000000001a0000007d,0000000000001a000000
2026-10-04T12:59:24.870548+00:00,187056659017750,110,ok,9.982,244d3e076e97000000000000fe,97000000000000
2026-10-04T12:59:24.880568+00:00,187056669140750,118,ok,9.892,244d3e15760004000000000000000000000000000000000000a5c2,0004000000000000000000000000000000000000a5
2026-10-04T12:59:24.890706+00:00,187056679181791,120,ok,9.993,244d3efc78e803d007dc05640000ff00000000e803d007dc05640000ff00000000e803d007dc05640000ff00000000e803d007dc05640000ff00000000e803d007dc05640000ff00000000e803d007dc05640000ff00000000e803d007dc05640000ff00000000e803d007dc05640000ff00000000e803d007dc05640000ff00000000e803d007dc05640000ff00000000e803d007dc05640000ff00000000e803d007dc05640000ff00000000e803d007dc05640000ff00000000e803d007dc05640000ff00000000e803d007dc05640000ff00000000e803d007dc05640000ff00000000e803d007dc05640000ff00000000e803d007dc05640000ff0000000084,e803d007dc05640000ff00000000e803d007dc05640000ff00000000e803d007dc05640000ff00000000e803d007dc05640000ff00000000e803d007dc05640000ff00000000e803d007dc05640000ff00000000e803d007dc05640000ff00000000e803d007dc05640000ff00000000e803d007dc05640000ff00000000e803d007dc05640000ff00000000e803d007dc05640000ff00000000e803d007dc05640000ff00000000e803d007dc05640000ff00000000e803d007dc05640000ff00000000e803d007dc05640000ff00000000e803d007dc05640000ff00000000e803d007dc05640000ff00000000e803d007dc05640000ff00000000
2026-10-04T12:59:24.900555+00:00,187056689314791,151,ok,9.706,244d3e09970101010001010001009e,010101000101000100
2026-10-04T12:59:24.910611+00:00,187056699144166,166,ok,9.931,244d3e15a678000100000000000000860800000f270f270f274a26,78000100000000000000860800000f270f270f274a
2026-10-04T12:59:25.783696+00:00,187057572439333,1,ok,9.721,244d3e030100020505,000205
2026-10-04T12:59:25.793686+00:00,187057582326000,2,ok,9.828,244d3e0402494e415616,494e4156
2026-10-04T12:59:25.803878+00:00,187057592271583,3,ok,10.066,244d3e030309010008,090100
2026-10-04T12:59:25.813788+00:00,187057602543875,4,ok,9.709,244d3e18044d373241000002010f4d414d4241463732325f323032324136,4d373241000002010f4d414d4241463732325f3230323241
2026-10-04T12:59:25.823744+00:00,187057612405791,101,ok,9.808,244d3e0b65ff033200cb000000008000eb,ff033200cb000000008000
2026-10-04T12:59:25.833773+00:00,187057622332625,106,ok,9.907,244d3e126a00000000000000000000efff000000000f2740,00000000000000000000efff000000000f27
2026-10-04T12:59:25.843864+00:00,187057632362958,107,ok,9.965,244d3e056b00000000016f,0000000001
2026-10-04T12:59:25.853836+00:00,187057642480250,108,ok,9.823,244d3e066c7700d8ff01003b,7700d8ff0100
2026-10-04T12:59:25.863929+00:00,187057652434000,109,ok,9.955,244d3e0a6d0000000000001a0000007d,0000000000001a000000
2026-10-04T12:59:25.873966+00:00,187057662559833,110,ok,9.871,244d3e076e97000000000000fe,97000000000000
2026-10-04T12:59:25.883898+00:00,187057672593416,118,ok,9.772,244d3e15760004000000000000000000000000000000000000a5c2,0004000000000000000000000000000000000000a5
2026-10-04T12:59:25.894180+00:00,187057682468458,120,ok,10.179,244d3efc78e803d007dc05640000ff00000000e803d007dc05640000ff00000000e803d007dc05640000ff00000000e803d007dc05640000ff00000000e803d007dc05640000ff00000000e803d007dc05640000ff00000000e803d007dc05640000ff00000000e803d007dc05640000ff00000000e803d007dc05640000ff00000000e803d007dc05640000ff00000000e803d007dc05640000ff00000000e803d007dc05640000ff00000000e803d007dc05640000ff00000000e803d007dc05640000ff00000000e803d007dc05640000ff00000000e803d007dc05640000ff00000000e803d007dc05640000ff00000000e803d007dc05640000ff0000000084,e803d007dc05640000ff00000000e803d007dc05640000ff00000000e803d007dc05640000ff00000000e803d007dc05640000ff00000000e803d007dc05640000ff00000000e803d007dc05640000ff00000000e803d007dc05640000ff00000000e803d007dc05640000ff00000000e803d007dc05640000ff00000000e803d007dc05640000ff00000000e803d007dc05640000ff00000000e803d007dc05640000ff00000000e803d007dc05640000ff00000000e803d007dc05640000ff00000000e803d007dc05640000ff00000000e803d007dc05640000ff00000000e803d007dc05640000ff00000000e803d007dc05640000ff00000000
2026-10-04T12:59:25.904009+00:00,187057692831125,151,ok,9.640,244d3e09970101010001010001009e,010101000101000100
2026-10-04T12:59:25.913952+00:00,187057702653458,166,ok,9.767,244d3e15a678000100000000000000960800000f270f270f274a36,78000100000000000000960800000f270f270f274a
2026-10-04T12:59:26.777559+00:00,187058575243500,1,ok,0.787,244d3e030100020505,000205
2026-10-04T12:59:26.787658+00:00,187058577404291,2,ok,8.723,244d3e0402494e415616,494e4156
2026-10-04T12:59:26.797616+00:00,187058586234166,3,ok,9.855,244d3e030309010008,090100
2026-10-04T12:59:26.807764+00:00,187058596165750,4,ok,10.068,244d3e18044d373241000002010f4d414d4241463732325f323032324136,4d373241000002010f4d414d4241463732325f3230323241
2026-10-04T12:59:26.817748+00:00,187058606359250,101,ok,9.858,244d3e0b65eb033200cb000000008000ff,eb033200cb000000008000
2026-10-04T12:59:26.827806+00:00,187058616348666,106,ok,9.925,244d3e126a00000000000000000000efff000000000f2740,00000000000000000000efff000000000f27
2026-10-04T12:59:26.837755+00:00,187058626413833,107,ok,9.812,244d3e056b00000000016f,0000000001
2026-10-04T12:59:26.847729+00:00,187058636318250,108,ok,9.883,244d3e066c7700d8ff01003b,7700d8ff0100
2026-10-04T12:59:26.857846+00:00,187058646278750,109,ok,10.040,244d3e0a6d0000000000002300000044,00000000000023000000
2026-10-04T12:59:26.867827+00:00,187058656407625,110,ok,9.891,244d3e076e97000000000000fe,97000000000000
2026-10-04T12:59:26.877836+00:00,187058666394416,118,ok,9.914,244d3e15760004000000000000000000000000000000000000a5c2,0004000000000000000000000000000000000000a5
2026-10-04T12:59:26.888254+00:00,187058676402000,120,ok,10.323,244d3efc78e803d007dc05640000ff00000000e803d007dc05640000ff00000000e803d007dc05640000ff00000000e803d007dc05640000ff00000000e803d007dc05640000ff00000000e803d007dc05640000ff00000000e803d007dc05640000ff00000000e803d007dc05640000ff00000000e803d007dc05640000ff00000000e803d007dc05640000ff00000000e803d007dc05640000ff00000000e803d007dc05640000ff00000000e803d007dc05640000ff00000000e803d007dc05640000ff00000000e803d007dc05640000ff00000000e803d007dc05640000ff00000000e803d007dc05640000ff00000000e803d007dc05640000ff0000000084,e803d007dc05640000ff00000000e803d007dc05640000ff00000000e803d007dc05640000ff00000000e803d007dc05640000ff00000000e803d007dc05640000ff00000000e803d007dc05640000ff00000000e803d007dc05640000ff00000000e803d007dc05640000ff00000000e803d007dc05640000ff00000000e803d007dc05640000ff00000000e803d007dc05640000ff00000000e803d007dc05640000ff00000000e803d007dc05640000ff00000000e803d007dc05640000ff00000000e803d007dc05640000ff00000000e803d007dc05640000ff00000000e803d007dc05640000ff00000000e803d007dc05640000ff00000000
2026-10-04T12:59:26.897886+00:00,187058686897583,151,ok,9.460,244d3e09970101010001010001009e,010101000101000100
2026-10-04T12:59:26.907919+00:00,187058696463625,166,ok,9.927,244d3e15a678000100000000000000a60800000f270f270f274a06,78000100000000000000a60800000f270f270f274a
2026-10-04T12:59:27.780640+00:00,187059578482916,1,ok,0.632,244d3e030100020505,000205
2026-10-04T12:59:27.790680+00:00,187059579181791,2,ok,9.974,244d3e0402494e415616,494e4156
2026-10-04T12:59:27.800708+00:00,187059589231333,3,ok,9.952,244d3e030309010008,090100
2026-10-04T12:59:27.810755+00:00,187059599258958,4,ok,9.971,244d3e18044d373241000002010f4d414d4241463732325f323032324136,4d373241000002010f4d414d4241463732325f3230323241
2026-10-04T12:59:27.820834+00:00,187059609310000,101,ok,9.993,244d3e0b65f6033200cb000000008000e2,f6033200cb000000008000
2026-10-04T12:59:27.830787+00:00,187059619471708,106,ok,9.790,244d3e126a00000000000000000000efff000000000f2740,00000000000000000000efff000000000f27
2026-10-04T12:59:27.840805+00:00,187059629337208,107,ok,9.941,244d3e056b00000000016f,0000000001
2026-10-04T12:59:27.850842+00:00,187059639362833,108,ok,9.953,244d3e066c7700d8ff01003b,7700d8ff0100
2026-10-04T12:59:27.860889+00:00,187059649388750,109,ok,9.972,244d3e0a6d0000000000001a0000007d,0000000000001a000000
2026-10-04T12:59:27.870895+00:00,187059659487250,110,ok,9.874,244d3e076e97000000000000fe,97000000000000
2026-10-04T12:59:27.880907+00:00,187059669475000,118,ok,9.907,244d3e15760004000000000000000000000000000000000000a5c2,0004000000000000000000000000000000000000a5
2026-10-04T12:59:27.891191+00:00,187059679470625,120,ok,10.191,244d3efc78e803d007dc05640000ff00000000e803d007dc05640000ff00000000e803d007dc05640000ff00000000e803d007dc05640000ff00000000e803d007dc05640000ff00000000e803d007dc05640000ff00000000e803d007dc05640000ff00000000e803d007dc05640000ff00000000e803d007dc05640000ff00000000e803d007dc05640000ff00000000e803d007dc05640000ff00000000e803d007dc05640000ff00000000e803d007dc05640000ff00000000e803d007dc05640000ff00000000e803d007dc05640000ff00000000e803d007dc05640000ff00000000e803d007dc05640000ff00000000e803d007dc05640000ff0000000084,e803d007dc05640000ff00000000e803d007dc05640000ff00000000e803d007dc05640000ff00000000e803d007dc05640000ff00000000e803d007dc05640000ff00000000e803d007dc05640000ff00000000e803d007dc05640000ff00000000e803d007dc05640000ff00000000e803d007dc05640000ff00000000e803d007dc05640000ff00000000e803d007dc05640000ff00000000e803d007dc05640000ff00000000e803d007dc05640000ff00000000e803d007dc05640000ff00000000e803d007dc05640000ff00000000e803d007dc05640000ff00000000e803d007dc05640000ff00000000e803d007dc05640000ff00000000
2026-10-04T12:59:27.900922+00:00,187059689762500,151,ok,9.635,244d3e09970101010001010001009e,010101000101000100
2026-10-04T12:59:27.911010+00:00,187059699467291,166,ok,10.016,244d3e15a665000100000000000000b60800000f270f270f274a0b,65000100000000000000b60800000f270f270f274a
2026-10-04T12:59:28.794145+00:00,187060583476708,1,ok,9.143,244d3e030100020505,000205
2026-10-04T12:59:28.804116+00:00,187060592747625,2,ok,9.844,244d3e0402494e415616,494e4156
2026-10-04T12:59:28.814121+00:00,187060602687750,3,ok,9.909,244d3e030309010008,090100
2026-10-04T12:59:28.824140+00:00,187060612677291,4,ok,9.940,244d3e18044d373241000002010f4d414d4241463732325f323032324136,4d373241000002010f4d414d4241463732325f3230323241
2026-10-04T12:59:28.834222+00:00,187060622693750,101,ok,10.004,244d3e0b65f9033200cb000000008000ed,f9033200cb000000008000
2026-10-04T12:59:28.844268+00:00,187060632788708,106,ok,9.952,244d3e126a00000000000000000000efff000000000f2740,00000000000000000000efff000000000f27
2026-10-04T12:59:28.854501+00:00,187060642852291,107,ok,10.123,244d3e056b00000000016f,0000000001
2026-10-04T12:59:28.864514+00:00,187060653067833,108,ok,9.923,244d3e066c7700d8ff01003b,7700d8ff0100
2026-10-04T12:59:28.874573+00:00,187060663058041,109,ok,9.991,244d3e0a6d0000000000001a0000007d,0000000000001a000000
2026-10-04T12:59:28.884570+00:00,187060673120583,110,ok,9.926,244d3e076e97000000000000fe,97000000000000
2026-10-04T12:59:28.894591+00:00,187060683125041,118,ok,9.943,244d3e15760004000000000000000000000000000000000000a5c2,0004000000000000000000000000000000000000a5
2026-10-04T12:59:28.904917+00:00,187060693133625,120,ok,10.255,244d3efc78e803d007dc05640000ff00000000e803d007dc05640000ff00000000e803d007dc05640000ff00000000e803d007dc05640000ff00000000e803d007dc05640000ff00000000e803d007dc05640000ff00000000e803d007dc05640000ff00000000e803d007dc05640000ff00000000e803d007dc05640000ff00000000e803d007dc05640000ff00000000e803d007dc05640000ff00000000e803d007dc05640000ff00000000e803d007dc05640000ff00000000e803d007dc05640000ff00000000e803d007dc05640000ff00000000e803d007dc05640000ff00000000e803d007dc05640000ff00000000e803d007dc05640000ff0000000084,e803d007dc05640000ff00000000e803d007dc05640000ff00000000e803d007dc05640000ff00000000e803d007dc05640000ff00000000e803d007dc05640000ff00000000e803d007dc05640000ff00000000e803d007dc05640000ff00000000e803d007dc05640000ff00000000e803d007dc05640000ff00000000e803d007dc05640000ff00000000e803d007dc05640000ff00000000e803d007dc05640000ff00000000e803d007dc05640000ff00000000e803d007dc05640000ff00000000e803d007dc05640000ff00000000e803d007dc05640000ff00000000e803d007dc05640000ff00000000e803d007dc05640000ff00000000
2026-10-04T12:59:28.914657+00:00,187060703572208,151,ok,9.560,244d3e09970101010001010001009e,010101000101000100
2026-10-04T12:59:28.924751+00:00,187060713250291,166,ok,9.973,244d3e15a679000100000000000000c60800000f270f270f274a67,79000100000000000000c60800000f270f270f274a
2026-10-04T12:59:29.797846+00:00,187061587759875,1,ok,8.560,244d3e030100020505,000205
2026-10-04T12:59:29.807813+00:00,187061596449875,2,ok,9.839,244d3e0402494e415616,494e4156
2026-10-04T12:59:29.817828+00:00,187061606382791,3,ok,9.921,244d3e030309010008,090100
2026-10-04T12:59:29.827934+00:00,187061616393500,4,ok,10.013,244d3e18044d373241000002010f4d414d4241463732325f323032324136,4d373241000002010f4d414d4241463732325f3230323241
2026-10-04T12:59:29.837943+00:00,187061626536875,101,ok,9.879,244d3e0b65fd033200cb000000008000e9,fd033200cb000000008000
2026-10-04T12:59:29.847998+00:00,187061636555625,106,ok,9.916,244d3e126a00000000000000000000efff000000000f2740,00000000000000000000efff000000000f27
2026-10-04T12:59:29.858001+00:00,187061646605083,107,ok,9.867,244d3e056b00000000016f,0000000001
2026-10-04T12:59:29.867999+00:00,187061656618750,108,ok,9.853,244d3e066c7700d8ff01003b,7700d8ff0100
2026-10-04T12:59:29.878061+00:00,187061666611333,109,ok,9.912,244d3e0a6d0000000000001a0000007d,0000000000001a000000
2026-10-04T12:59:29.888047+00:00,187061676684875,110,ok,9.838,244d3e076e97000000000000fe,97000000000000
2026-10-04T12:59:29.898024+00:00,187061686633541,118,ok,9.866,244d3e15760004000000000000000000000000000000000000a5c2,0004000000000000000000000000000000000000a5
2026-10-04T12:59:29.908435+00:00,187061696613000,120,ok,10.290,244d3efc78e803d007dc05640000ff00000000e803d007dc05640000ff00000000e803d007dc05640000ff00000000e803d007dc05640000ff00000000e803d007dc05640000ff00000000e803d007dc05640000ff00000000e803d007dc05640000ff00000000e803d007dc05640000ff00000000e803d007dc05640000ff00000000e803d007dc05640000ff00000000e803d007dc05640000ff00000000e803d007dc05640000ff00000000e803d007dc05640000ff00000000e803d007dc05640000ff00000000e803d007dc05640000ff00000000e803d007dc05640000ff00000000e803d007dc05640000ff00000000e803d007dc05640000ff0000000084,e803d007dc05640000ff00000000e803d007dc05640000ff00000000e803d007dc05640000ff00000000e803d007dc05640000ff00000000e803d007dc05640000ff00000000e803d007dc05640000ff00000000e803d007dc05640000ff00000000e803d007dc05640000ff00000000e803d007dc05640000ff00000000e803d007dc05640000ff00000000e803d007dc05640000ff00000000e803d007dc05640000ff00000000e803d007dc05640000ff00000000e803d007dc05640000ff00000000e803d007dc05640000ff00000000e803d007dc05640000ff00000000e803d007dc05640000ff00000000e803d007dc05640000ff00000000
2026-10-04T12:59:29.918151+00:00,187061707111208,151,ok,9.511,244d3e09970101010001010001009e,010101000101000100
2026-10-04T12:59:29.928224+00:00,187061716796458,166,ok,9.899,244d3e15a678000100000000000000d70800000f270f270f274a77,78000100000000000000d70800000f270f270f274a
2026-10-04T12:59:30.801542+00:00,187062592833375,1,ok,7.172,244d3e030100020505,000205
2026-10-04T12:59:30.811679+00:00,187062600187000,2,ok,9.959,244d3e0402494e415616,494e4156
2026-10-04T12:59:30.821683+00:00,187062610330916,3,ok,9.824,244d3e030309010008,090100
2026-10-04T12:59:30.831585+00:00,187062620312166,4,ok,9.749,244d3e18044d373241000002010f4d414d4241463732325f323032324136,4d373241000002010f4d414d4241463732325f3230323241
2026-10-04T12:59:30.841716+00:00,187062630169833,101,ok,10.020,244d3e0b6503043200cb00000000800010,03043200cb000000008000
2026-10-04T12:59:30.851685+00:00,187062640341541,106,ok,9.817,244d3e126a00000000000000000000efff000000000f2740,00000000000000000000efff000000000f27
2026-10-04T12:59:30.861709+00:00,187062650313833,107,ok,9.867,244d3e056b00000000016f,0000000001
2026-10-04T12:59:30.871973+00:00,187062660334958,108,ok,10.113,244d3e066c7700d8ff01003b,7700d8ff0100
2026-10-04T12:59:30.882165+00:00,187062670563458,109,ok,10.079,244d3e0a6d0000000000001a0000007d,0000000000001a000000
2026-10-04T12:59:30.892043+00:00,187062680761291,110,ok,9.757,244d3e076e97000000000000fe,97000000000000
2026-10-04T12:59:30.902131+00:00,187062690652666,118,ok,9.950,244d3e15760004000000000000000000000000000000000000a5c2,0004000000000000000000000000000000000000a5
2026-10-04T12:59:30.912435+00:00,187062700754791,120,ok,10.156,244d3efc78e803d007dc05640000ff00000000e803d007dc05640000ff00000000e803d007dc05640000ff00000000e803d007dc05640000ff00000000e803d007dc05640000ff00000000e803d007dc05640000ff00000000e803d007dc05640000ff00000000e803d007dc05640000ff00000000e803d007dc05640000ff00000000e803d007dc05640000ff00000000e803d007dc05640000ff00000000e803d007dc05640000ff00000000e803d007dc05640000ff00000000e803d007dc05640000ff00000000e803d007dc05640000ff00000000e803d007dc05640000ff00000000e803d007dc05640000ff00000000e803d007dc05640000ff0000000084,e803d007dc05640000ff00000000e803d007dc05640000ff00000000e803d007dc05640000ff00000000e803d007dc05640000ff00000000e803d007dc05640000ff00000000e803d007dc05640000ff00000000e803d007dc05640000ff00000000e803d007dc05640000ff00000000e803d007dc05640000ff00000000e803d007dc05640000ff00000000e803d007dc05640000ff00000000e803d007dc05640000ff00000000e803d007dc05640000ff00000000e803d007dc05640000ff00000000e803d007dc05640000ff00000000e803d007dc05640000ff00000000e803d007dc05640000ff00000000e803d007dc05640000ff00000000
2026-10-04T12:59:30.922239+00:00,187062711092916,151,ok,9.617,244d3e09970101010001010001009e,010101000101000100
2026-10-04T12:59:30.932196+00:00,187062720877458,166,ok,9.793,244d3e15a678000100000000000000e70800000f270f270f274a47,78000100000000000000e70800000f270f270f274a
2026-10-04T12:59:31.805487+00:00,187063595219208,1,ok,8.746,244d3e030100020505,000205
2026-10-04T12:59:31.815580+00:00,187063604090416,2,ok,9.964,244d3e0402494e415616,494e4156
2026-10-04T12:59:31.825656+00:00,187063614208791,3,ok,9.919,244d3e030309010008,090100
2026-10-04T12:59:31.835722+00:00,187063624309583,4,ok,9.875,244d3e18044d373241000002010f4d414d4241463732325f323032324136,4d373241000002010f4d414d4241463732325f3230323241
2026-10-04T12:59:31.845735+00:00,187063634408125,101,ok,9.795,244d3e0b65f1033200cb000000008000e5,f1033200cb000000008000
2026-10-04T12:59:31.855705+00:00,187063644424750,106,ok,9.755,244d3e126a00000000000000000000efff000000000f2740,00000000000000000000efff000000000f27
2026-10-04T12:59:31.865714+00:00,187063654335958,107,ok,9.852,244d3e056b00000000016f,0000000001
2026-10-04T12:59:31.875525+00:00,187063664340458,108,ok,9.661,244d3e066c7700d8ff01003b,7700d8ff0100
2026-10-04T12:59:31.885377+00:00,187063674125625,109,ok,9.730,244d3e0a6d0000000000001a0000007d,0000000000001a000000
2026-10-04T12:59:31.895790+00:00,187063683971125,110,ok,10.294,244d3e076e97000000000000fe,97000000000000
2026-10-04T12:59:31.905797+00:00,187063694404500,118,ok,9.867,244d3e15760004000000000000000000000000000000000000a5c2,0004000000000000000000000000000000000000a5
2026-10-04T12:59:31.915901+00:00,187063704439541,120,ok,9.941,244d3efc78e803d007dc05640000ff00000000e803d007dc05640000ff00000000e803d007dc05640000ff00000000e803d007dc05640000ff00000000e803d007dc05640000ff00000000e803d007dc05640000ff00000000e803d007dc05640000ff00000000e803d007dc05640000ff00000000e803d007dc05640000ff00000000e803d007dc05640000ff00000000e803d007dc05640000ff00000000e803d007dc05640000ff00000000e803d007dc05640000ff00000000e803d007dc05640000ff00000000e803d007dc05640000ff00000000e803d007dc05640000ff00000000e803d007dc05640000ff00000000e803d007dc05640000ff0000000084,e803d007dc05640000ff00000000e803d007dc05640000ff00000000e803d007dc05640000ff00000000e803d007dc05640000ff00000000e803d007dc05640000ff00000000e803d007dc05640000ff00000000e803d007dc05640000ff00000000e803d007dc05640000ff00000000e803d007dc05640000ff00000000e803d007dc05640000ff00000000e803d007dc05640000ff00000000e803d007dc05640000ff00000000e803d007dc05640000ff00000000e803d007dc05640000ff00000000e803d007dc05640000ff00000000e803d007dc05640000ff00000000e803d007dc05640000ff00000000e803d007dc05640000ff00000000
2026-10-04T12:59:31.925835+00:00,187063714490041,151,ok,9.819,244d3e09970101010001010001009e,010101000101000100
2026-10-04T12:59:31.935979+00:00,187063724422000,166,ok,10.029,244d3e15a678000100000000000000f70800000f270f270f274a57,78000100000000000000f70800000f270f270f274a
2026-10-04T12:59:32.809366+00:00,187064600233000,1,ok,7.575,244d3e030100020505,000205
2026-10-04T12:59:32.819213+00:00,187064608082833,2,ok,9.610,244d3e0402494e415616,494e4156
2026-10-04T12:59:32.829496+00:00,187064617794333,3,ok,10.167,244d3e030309010008,090100
2026-10-04T12:59:32.839389+00:00,187064628153333,4,ok,9.713,244d3e18044d373241000002010f4d414d4241463732325f323032324136,4d373241000002010f4d414d4241463732325f3230323241
2026-10-04T12:59:32.849484+00:00,187064638021458,101,ok,9.942,244d3e0b6501043200cb00000000800012,01043200cb000000008000
2026-10-04T12:59:32.859368+00:00,187064648085125,106,ok,9.758,244d3e126a00000000000000000000efff000000000f2740,00000000000000000000efff000000000f27
2026-10-04T12:59:32.869374+00:00,187064657995833,107,ok,9.853,244d3e056b00000000016f,0000000001
2026-10-04T12:59:32.879456+00:00,187064667993250,108,ok,9.939,244d3e066c7700d8ff01003b,7700d8ff0100
2026-10-04T12:59:32.889340+00:00,187064678096958,109,ok,9.721,244d3e0a6d0000000000001a0000007d,0000000000001a000000
2026-10-04T12:59:32.899469+00:00,187064687930625,110,ok,10.015,244d3e076e97000000000000fe,97000000000000
2026-10-04T12:59:32.909453+00:00,187064698086875,118,ok,9.845,244d3e15760004000000000000000000000000000000000000a5c2,0004000000000000000000000000000000000000a5
2026-10-04T12:59:32.919751+00:00,187064708088000,120,ok,10.142,244d3efc78e803d007dc05640000ff00000000e803d007dc05640000ff00000000e803d007dc05640000ff00000000e803d007dc05640000ff00000000e803d007dc05640000ff00000000e803d007dc05640000ff00000000e803d007dc05640000ff00000000e803d007dc05640000ff00000000e803d007dc05640000ff00000000e803d007dc05640000ff00000000e803d007dc05640000ff00000000e803d007dc05640000ff00000000e803d007dc05640000ff00000000e803d007dc05640000ff00000000e803d007dc05640000ff00000000e803d007dc05640000ff00000000e803d007dc05640000ff00000000e803d007dc05640000ff0000000084,e803d007dc05640000ff00000000e803d007dc05640000ff00000000e803d007dc05640000ff00000000e803d007dc05640000ff00000000e803d007dc05640000ff00000000e803d007dc05640000ff00000000e803d007dc05640000ff00000000e803d007dc05640000ff00000000e803d007dc05640000ff00000000e803d007dc05640000ff00000000e803d007dc05640000ff00000000e803d007dc05640000ff00000000e803d007dc05640000ff00000000e803d007dc05640000ff00000000e803d007dc05640000ff00000000e803d007dc05640000ff00000000e803d007dc05640000ff00000000e803d007dc05640000ff00000000
2026-10-04T12:59:32.929610+00:00,187064718379833,151,ok,9.706,244d3e09970101010001010001009e,010101000101000100
2026-10-04T12:59:32.939491+00:00,187064728244833,166,ok,9.725,244d3e15a678000100000000000000070900000f270f270f274aa6,78000100000000000000070900000f270f270f274a
2026-10-04T12:59:33.805247+00:00,187065601368708,1,ok,2.345,244d3e030100020505,000205
2026-10-04T12:59:33.815075+00:00,187065603917583,2,ok,9.637,244d3e0402494e415616,494e4156
2026-10-04T12:59:33.825394+00:00,187065613710125,3,ok,10.160,244d3e030309010008,090100
2026-10-04T12:59:33.835443+00:00,187065624036166,4,ok,9.883,244d3e18044d373241000002010f4d414d4241463732325f323032324136,4d373241000002010f4d414d4241463732325f3230323241
2026-10-04T12:59:33.845419+00:00,187065634055875,101,ok,9.842,244d3e0b65f1033200cb000000008000e5,f1033200cb000000008000
2026-10-04T12:59:33.855361+00:00,187065644029000,106,ok,9.815,244d3e126a00000000000000000000efff000000000f2740,00000000000000000000efff000000000f27
2026-10-04T12:59:33.865364+00:00,187065653914333,107,ok,9.933,244d3e056b00000000016f,0000000001
2026-10-04T12:59:33.875498+00:00,187065663938791,108,ok,10.038,244d3e066c7700d8ff01003b,7700d8ff0100
2026-10-04T12:59:33.885785+00:00,187065674132833,109,ok,10.133,244d3e0a6d0000000000001a0000007d,0000000000001a000000
2026-10-04T12:59:33.895780+00:00,187065684380125,110,ok,9.882,244d3e076e97000000000000fe,97000000000000
2026-10-04T12:59:33.905823+00:00,187065694383708,118,ok,9.922,244d3e15760004000000000000000000000000000000000000a5c2,0004000000000000000000000000000000000000a5
2026-10-04T12:59:33.916198+00:00,187065704428750,120,ok,10.252,244d3efc78e803d007dc05640000ff00000000e803d007dc05640000ff00000000e803d007dc05640000ff00000000e803d007dc05640000ff00000000e803d007dc05640000ff00000000e803d007dc05640000ff00000000e803d007dc05640000ff00000000e803d007dc05640000ff00000000e803d007dc05640000ff00000000e803d007dc05640000ff00000000e803d007dc05640000ff00000000e803d007dc05640000ff00000000e803d007dc05640000ff00000000e803d007dc05640000ff00000000e803d007dc05640000ff00000000e803d007dc05640000ff00000000e803d007dc05640000ff00000000e803d007dc05640000ff0000000084,e803d007dc05640000ff00000000e803d007dc05640000ff00000000e803d007dc05640000ff00000000e803d007dc05640000ff00000000e803d007dc05640000ff00000000e803d007dc05640000ff00000000e803d007dc05640000ff00000000e803d007dc05640000ff00000000e803d007dc05640000ff00000000e803d007dc05640000ff00000000e803d007dc05640000ff00000000e803d007dc05640000ff00000000e803d007dc05640000ff00000000e803d007dc05640000ff00000000e803d007dc05640000ff00000000e803d007dc05640000ff00000000e803d007dc05640000ff00000000e803d007dc05640000ff00000000
2026-10-04T12:59:33.926232+00:00,187065714820416,151,ok,9.890,244d3e09970101010001010001009e,010101000101000100
2026-10-04T12:59:33.936246+00:00,187065724852500,166,ok,9.864,244d3e15a665000100000000000000170900000f270f270f274aab,65000100000000000000170900000f270f270f274a
2026-10-04T12:59:34.810270+00:00,187066603480333,1,ok,5.264,244d3e030100020505,000205
2026-10-04T12:59:34.820290+00:00,187066608956583,2,ok,9.812,244d3e0402494e415616,494e4156
2026-10-04T12:59:34.830333+00:00,187066618936208,3,ok,9.879,244d3e030309010008,090100
2026-10-04T12:59:34.840345+00:00,187066628918625,4,ok,9.905,244d3e18044d373241000002010f4d414d4241463732325f323032324136,4d373241000002010f4d414d4241463732325f3230323241
2026-10-04T12:59:34.850293+00:00,187066639041500,101,ok,9.732,244d3e0b65f7033200cb000000008000e3,f7033200cb000000008000
2026-10-04T12:59:34.860410+00:00,187066648890291,106,ok,9.996,244d3e126a00000000000000000000efff000000000f2740,00000000000000000000efff000000000f27
2026-10-04T12:59:34.870340+00:00,187066659071208,107,ok,9.751,244d3e056b00000000016f,0000000001
2026-10-04T12:59:34.880393+00:00,187066668937916,108,ok,9.939,244d3e066c7700d8ff01003b,7700d8ff0100
2026-10-04T12:59:34.890344+00:00,187066679090708,109,ok,9.737,244d3e0a6d0000000000001a0000007d,0000000000001a000000
2026-10-04T12:59:34.900420+00:00,187066688919750,110,ok,9.984,244d3e076e97000000000000fe,97000000000000
2026-10-04T12:59:34.910416+00:00,187066699012458,118,ok,9.888,244d3e15760004000000000000000000000000000000000000a5c2,0004000000000000000000000000000000000000a5
2026-10-04T12:59:34.920787+00:00,187066708997583,120,ok,10.271,244d3efc78e803d007dc05640000ff00000000e803d007dc05640000ff00000000e803d007dc05640000ff00000000e803d007dc05640000ff00000000e803d007dc05640000ff00000000e803d007dc05640000ff00000000e803d007dc05640000ff00000000e803d007dc05640000ff00000000e803d007dc05640000ff00000000e803d007dc05640000ff00000000e803d007dc05640000ff00000000e803d007dc05640000ff00000000e803d007dc05640000ff00000000e803d007dc05640000ff00000000e803d007dc05640000ff00000000e803d007dc05640000ff00000000e803d007dc05640000ff00000000e803d007dc05640000ff0000000084,e803d007dc05640000ff00000000e803d007dc05640000ff00000000e803d007dc05640000ff00000000e803d007dc05640000ff00000000e803d007dc05640000ff00000000e803d007dc05640000ff00000000e803d007dc05640000ff00000000e803d007dc05640000ff00000000e803d007dc05640000ff00000000e803d007dc05640000ff00000000e803d007dc05640000ff00000000e803d007dc05640000ff00000000e803d007dc05640000ff00000000e803d007dc05640000ff00000000e803d007dc05640000ff00000000e803d007dc05640000ff00000000e803d007dc05640000ff00000000e803d007dc05640000ff00000000
2026-10-04T12:59:34.930417+00:00,187066719407291,151,ok,9.495,244d3e09970101010001010001009e,010101000101000100
2026-10-04T12:59:34.940529+00:00,187066728988208,166,ok,10.022,244d3e15a664000100000000000000270900000f270f270f274a9a,64000100000000000000270900000f270f270f274a
2026-10-04T12:59:35.813872+00:00,187067608477125,1,ok,3.879,244d3e030100020505,000205
2026-10-04T12:59:35.823933+00:00,187067612477458,2,ok,9.943,244d3e0402494e415616,494e4156
2026-10-04T12:59:35.833891+00:00,187067622510666,3,ok,9.866,244d3e030309010008,090100
2026-10-04T12:59:35.843939+00:00,187067632517250,4,ok,9.908,244d3e18044d373241000002010f4d414d4241463732325f323032324136,4d373241000002010f4d414d4241463732325f3230323241
2026-10-04T12:59:35.853990+00:00,187067642575500,101,ok,9.903,244d3e0b65fd033200cb000000008000e9,fd033200cb000000008000
2026-10-04T12:59:35.863976+00:00,187067652570166,106,ok,9.866,244d3e126a00000000000000000000efff000000000f2740,00000000000000000000efff000000000f27
2026-10-04T12:59:35.873981+00:00,187067662534041,107,ok,9.938,244d3e056b00000000016f,0000000001
2026-10-04T12:59:35.884048+00:00,187067672523583,108,ok,10.015,244d3e066c7700d8ff01003b,7700d8ff0100
2026-10-04T12:59:35.894094+00:00,187067682598333,109,ok,9.987,244d3e0a6d0000000000001200000075,00000000000012000000
2026-10-04T12:59:35.904095+00:00,187067692627708,110,ok,9.957,244d3e076e97000000000000fe,97000000000000
2026-10-04T12:59:35.914112+00:00,187067702644583,118,ok,9.957,244d3e15760004000000000000000000000000000000000000a5c2,0004000000000000000000000000000000000000a5
2026-10-04T12:59:35.924337+00:00,187067712671500,120,ok,10.158,244d3efc78e803d007dc05640000ff00000000e803d007dc05640000ff00000000e803d007dc05640000ff00000000e803d007dc05640000ff00000000e803d007dc05640000ff00000000e803d007dc05640000ff00000000e803d007dc05640000ff00000000e803d007dc05640000ff00000000e803d007dc05640000ff00000000e803d007dc05640000ff00000000e803d007dc05640000ff00000000e803d007dc05640000ff00000000e803d007dc05640000ff00000000e803d007dc05640000ff00000000e803d007dc05640000ff00000000e803d007dc05640000ff00000000e803d007dc05640000ff00000000e803d007dc05640000ff0000000084,e803d007dc05640000ff00000000e803d007dc05640000ff00000000e803d007dc05640000ff00000000e803d007dc05640000ff00000000e803d007dc05640000ff00000000e803d007dc05640000ff00000000e803d007dc05640000ff00000000e803d007dc05640000ff00000000e803d007dc05640000ff00000000e803d007dc05640000ff00000000e803d007dc05640000ff00000000e803d007dc05640000ff00000000e803d007dc05640000ff00000000e803d007dc05640000ff00000000e803d007dc05640000ff00000000e803d007dc05640000ff00000000e803d007dc05640000ff00000000e803d007dc05640000ff00000000
2026-10-04T12:59:35.934183+00:00,187067722885583,151,ok,9.786,244d3e09970101010001010001009e,010101000101000100
2026-10-04T12:59:35.944205+00:00,187067732742416,166,ok,9.953,244d3e15a664000100000000000000380900000f270f270f274a85,64000100000000000000380900000f270f270f274a
2026-10-04T12:59:36.817222+00:00,187068613562208,1,ok,2.146,244d3e030100020505,000205
2026-10-04T12:59:36.827308+00:00,187068615811833,2,ok,9.981,244d3e0402494e415616,494e4156
2026-10-04T12:59:36.837414+00:00,187068625919583,3,ok,9.975,244d3e030309010008,090100
2026-10-04T12:59:36.847426+00:00,187068636076500,4,ok,9.829,244d3e18044d373241000002010f4d414d4241463732325f323032324136,4d373241000002010f4d414d4241463732325f3230323241
2026-10-04T12:59:36.857500+00:00,187068646097458,101,ok,9.879,244d3e0b65ec033200cb000000008000f8,ec033200cb000000008000
2026-10-04T12:59:36.867465+00:00,187068656141625,106,ok,9.802,244d3e126a00000000000000000000efff000000000f2740,00000000000000000000efff000000000f27
2026-10-04T12:59:36.877455+00:00,187068666126875,107,ok,9.809,244d3e056b00000000016f,0000000001
2026-10-04T12:59:36.887496+00:00,187068676084500,108,ok,9.886,244d3e066c7700d8ff01003b,7700d8ff0100
2026-10-04T12:59:36.897460+00:00,187068686124791,109,ok,9.819,244d3e0a6d0000000000001a0000007d,0000000000001a000000
2026-10-04T12:59:36.907534+00:00,187068696066583,110,ok,9.949,244d3e076e97000000000000fe,97000000000000
2026-10-04T12:59:36.917831+00:00,187068706192333,118,ok,10.124,244d3e15760004000000000000000000000000000000000000a5c2,0004000000000000000000000000000000000000a5
2026-10-04T12:59:36.928073+00:00,187068716446541,120,ok,10.110,244d3efc78e803d007dc05640000ff00000000e803d007dc05640000ff00000000e803d007dc05640000ff00000000e803d007dc05640000ff00000000e803d007dc05640000ff00000000e803d007dc05640000ff00000000e803d007dc05640000ff00000000e803d007dc05640000ff00000000e803d007dc05640000ff00000000e803d007dc05640000ff00000000e803d007dc05640000ff00000000e803d007dc05640000ff00000000e803d007dc05640000ff00000000e803d007dc05640000ff00000000e803d007dc05640000ff00000000e803d007dc05640000ff00000000e803d007dc05640000ff00000000e803d007dc05640000ff0000000084,e803d007dc05640000ff00000000e803d007dc05640000ff00000000e803d007dc05640000ff00000000e803d007dc05640000ff00000000e803d007dc05640000ff00000000e803d007dc05640000ff00000000e803d007dc05640000ff00000000e803d007dc05640000ff00000000e803d007dc05640000ff00000000e803d007dc05640000ff00000000e803d007dc05640000ff00000000e803d007dc05640000ff00000000e803d007dc05640000ff00000000e803d007dc05640000ff00000000e803d007dc05640000ff00000000e803d007dc05640000ff00000000e803d007dc05640000ff00000000e803d007dc05640000ff00000000
2026-10-04T12:59:36.937628+00:00,187068726753958,151,ok,9.358,244d3e09970101010001010001009e,010101000101000100
2026-10-04T12:59:36.947634+00:00,187068736271583,166,ok,9.843,244d3e15a678000100000000000000480900000f270f270f274ae9,78000100000000000000480900000f270f270f274a
2026-10-04T12:59:37.830411+00:00,187069618673250,1,ok,10.223,244d3e030100020505,000205
2026-10-04T12:59:37.840437+00:00,187069629031666,2,ok,9.890,244d3e0402494e415616,494e4156
2026-10-04T12:59:37.850827+00:00,187069639059333,3,ok,10.247,244d3e030309010008,090100
2026-10-04T12:59:37.860749+00:00,187069649477500,4,ok,9.758,244d3e18044d373241000002010f4d414d4241463732325f323032324136,4d373241000002010f4d414d4241463732325f3230323241
2026-10-04T12:59:37.870898+00:00,187069659346041,101,ok,10.034,244d3e0b6502043200cb00000000800011,02043200cb000000008000
2026-10-04T12:59:37.880917+00:00,187069669563500,106,ok,9.832,244d3e126a00000000000000000000efff000000000f2740,00000000000000000000efff000000000f27
2026-10-04T12:59:37.890950+00:00,187069679592000,107,ok,9.840,244d3e056b00000000016f,0000000001
2026-10-04T12:59:37.900850+00:00,187069689610500,108,ok,9.726,244d3e066c7700d8ff01003b,7700d8ff0100
2026-10-04T12:59:37.910971+00:00,187069699454708,109,ok,9.994,244d3e0a6d0000000000001a0000007d,0000000000001a000000
2026-10-04T12:59:37.920937+00:00,187069709637791,110,ok,9.781,244d3e076e97000000000000fe,97000000000000
2026-10-04T12:59:37.930949+00:00,187069719578500,118,ok,9.859,244d3e15760004000000000000000000000000000000000000a5c2,0004000000000000000000000000000000000000a5
2026-10-04T12:59:37.941279+00:00,187069729529750,120,ok,10.234,244d3efc78e803d007dc05640000ff00000000e803d007dc05640000ff00000000e803d007dc05640000ff00000000e803d007dc05640000ff00000000e803d007dc05640000ff00000000e803d007dc05640000ff00000000e803d007dc05640000ff00000000e803d007dc05640000ff00000000e803d007dc05640000ff00000000e803d007dc05640000ff00000000e803d007dc05640000ff00000000e803d007dc05640000ff00000000e803d007dc05640000ff00000000e803d007dc05640000ff00000000e803d007dc05640000ff00000000e803d007dc05640000ff00000000e803d007dc05640000ff00000000e803d007dc05640000ff0000000084,e803d007dc05640000ff00000000e803d007dc05640000ff00000000e803d007dc05640000ff00000000e803d007dc05640000ff00000000e803d007dc05640000ff00000000e803d007dc05640000ff00000000e803d007dc05640000ff00000000e803d007dc05640000ff00000000e803d007dc05640000ff00000000e803d007dc05640000ff00000000e803d007dc05640000ff00000000e803d007dc05640000ff00000000e803d007dc05640000ff00000000e803d007dc05640000ff00000000e803d007dc05640000ff00000000e803d007dc05640000ff00000000e803d007dc05640000ff00000000e803d007dc05640000ff00000000
2026-10-04T12:59:37.950991+00:00,187069739959291,151,ok,9.512,244d3e09970101010001010001009e,010101000101000100
2026-10-04T12:59:37.961047+00:00,187069749628500,166,ok,9.902,244d3e15a678000100000000000000580900000f270f270f274af9,78000100000000000000580900000f270f270f274a
2026-10-04T12:59:38.825441+00:00,187070619384916,1,ok,4.545,244d3e030100020505,000205
2026-10-04T12:59:38.835367+00:00,187070624025708,2,ok,9.822,244d3e0402494e415616,494e4156
2026-10-04T12:59:38.845625+00:00,187070634010666,3,ok,10.103,244d3e030309010008,090100
2026-10-04T12:59:38.855813+00:00,187070644235875,4,ok,10.065,244d3e18044d373241000002010f4d414d4241463732325f323032324136,4d373241000002010f4d414d4241463732325f3230323241
2026-10-04T12:59:38.865725+00:00,187070654442583,101,ok,9.766,244d3e0b6504043200cb00000000800017,04043200cb000000008000
2026-10-04T12:59:38.875691+00:00,187070664375666,106,ok,9.803,244d3e126a00000000000000000000efff000000000f2740,00000000000000000000efff000000000f27
2026-10-04T12:59:38.885740+00:00,187070674330541,107,ok,9.894,244d3e056b00000000016f,0000000001
2026-10-04T12:59:38.895836+00:00,187070684358583,108,ok,9.962,244d3e066c7700d8ff01003b,7700d8ff0100
2026-10-04T12:59:38.905748+00:00,187070694488583,109,ok,9.749,244d3e0a6d0000000000001a0000007d,0000000000001a000000
2026-10-04T12:59:38.915992+00:00,187070704341041,110,ok,10.132,244d3e076e97000000000000fe,97000000000000
2026-10-04T12:59:38.925855+00:00,187070714705250,118,ok,9.633,244d3e15760004000000000000000000000000000000000000a5c2,0004000000000000000000000000000000000000a5
2026-10-04T12:59:38.936149+00:00,187070724489000,120,ok,10.145,244d3efc78e803d007dc05640000ff00000000e803d007dc05640000ff00000000e803d007dc05640000ff00000000e803d007dc05640000ff00000000e803d007dc05640000ff00000000e803d007dc05640000ff00000000e803d007dc05640000ff00000000e803d007dc05640000ff00000000e803d007dc05640000ff00000000e803d007dc05640000ff00000000e803d007dc05640000ff00000000e803d007dc05640000ff00000000e803d007dc05640000ff00000000e803d007dc05640000ff00000000e803d007dc05640000ff00000000e803d007dc05640000ff00000000e803d007dc05640000ff00000000e803d007dc05640000ff0000000084,e803d007dc05640000ff00000000e803d007dc05640000ff00000000e803d007dc05640000ff00000000e803d007dc05640000ff00000000e803d007dc05640000ff00000000e803d007dc05640000ff00000000e803d007dc05640000ff00000000e803d007dc05640000ff00000000e803d007dc05640000ff00000000e803d007dc05640000ff00000000e803d007dc05640000ff00000000e803d007dc05640000ff00000000e803d007dc05640000ff00000000e803d007dc05640000ff00000000e803d007dc05640000ff00000000e803d007dc05640000ff00000000e803d007dc05640000ff00000000e803d007dc05640000ff00000000
2026-10-04T12:59:38.945973+00:00,187070734838375,151,ok,9.614,244d3e09970101010001010001009e,010101000101000100
2026-10-04T12:59:38.955869+00:00,187070744646500,166,ok,9.710,244d3e15a678000100000000000000680900000f270f270f274ac9,78000100000000000000680900000f270f270f274a
2026-10-04T12:59:39.830235+00:00,187071620202833,1,ok,8.518,244d3e030100020505,000205
2026-10-04T12:59:39.840571+00:00,187071628890625,2,ok,10.167,244d3e0402494e415616,494e4156
2026-10-04T12:59:39.850521+00:00,187071639224291,3,ok,9.787,244d3e030309010008,090100
2026-10-04T12:59:39.861005+00:00,187071649129958,4,ok,10.349,244d3e18044d373241000002010f4d414d4241463732325f323032324136,4d373241000002010f4d414d4241463732325f3230323241
2026-10-04T12:59:39.870896+00:00,187071659642500,101,ok,9.742,244d3e0b6502043200cb00000000800011,02043200cb000000008000
2026-10-04T12:59:39.880949+00:00,187071669538916,106,ok,9.898,244d3e126a00000000000000000000efff000000000f2740,00000000000000000000efff000000000f27
2026-10-04T12:59:39.890950+00:00,187071679700666,107,ok,9.738,244d3e056b00000000016f,0000000001
2026-10-04T12:59:39.900973+00:00,187071689582958,108,ok,9.878,244d3e066c7700d8ff01003b,7700d8ff0100
2026-10-04T12:59:39.911029+00:00,187071699615125,109,ok,9.901,244d3e0a6d0000000000001a0000007d,0000000000001a000000
2026-10-04T12:59:39.921095+00:00,187071709679291,110,ok,9.904,244d3e076e97000000000000fe,97000000000000
2026-10-04T12:59:39.931034+00:00,187071719727000,118,ok,9.796,244d3e15760004000000000000000000000000000000000000a5c2,0004000000000000000000000000000000000000a5
2026-10-04T12:59:39.941232+00:00,187071729648583,120,ok,10.070,244d3efc78e803d007dc05640000ff00000000e803d007dc05640000ff00000000e803d007dc05640000ff00000000e803d007dc05640000ff00000000e803d007dc05640000ff00000000e803d007dc05640000ff00000000e803d007dc05640000ff00000000e803d007dc05640000ff00000000e803d007dc05640000ff00000000e803d007dc05640000ff00000000e803d007dc05640000ff00000000e803d007dc05640000ff00000000e803d007dc05640000ff00000000e803d007dc05640000ff00000000e803d007dc05640000ff00000000e803d007dc05640000ff00000000e803d007dc05640000ff00000000e803d007dc05640000ff0000000084,e803d007dc05640000ff00000000e803d007dc05640000ff00000000e803d007dc05640000ff00000000e803d007dc05640000ff00000000e803d007dc05640000ff00000000e803d007dc05640000ff00000000e803d007dc05640000ff00000000e803d007dc05640000ff00000000e803d007dc05640000ff00000000e803d007dc05640000ff00000000e803d007dc05640000ff00000000e803d007dc05640000ff00000000e803d007dc05640000ff00000000e803d007dc05640000ff00000000e803d007dc05640000ff00000000e803d007dc05640000ff00000000e803d007dc05640000ff00000000e803d007dc05640000ff00000000
2026-10-04T12:59:39.951081+00:00,187071739854333,151,ok,9.718,244d3e09970101010001010001009e,010101000101000100
2026-10-04T12:59:39.961203+00:00,187071749702916,166,ok,9.987,244d3e15a678000100000000000000780900000f270f270f274ad9,78000100000000000000780900000f270f270f274a
2026-10-04T12:59:40.833831+00:00,187072625168916,1,ok,7.154,244d3e030100020505,000205
2026-10-04T12:59:40.844069+00:00,187072632432458,2,ok,10.126,244d3e0402494e415616,494e4156
2026-10-04T12:59:40.853896+00:00,187072642683250,3,ok,9.704,244d3e030309010008,090100
2026-10-04T12:59:40.863995+00:00,187072652504666,4,ok,9.976,244d3e18044d373241000002010f4d414d4241463732325f323032324136,4d373241000002010f4d414d4241463732325f3230323241
2026-10-04T12:59:40.874164+00:00,187072662609041,101,ok,10.043,244d3e0b6502043200cb00000000800011,02043200cb000000008000
2026-10-04T12:59:40.883977+00:00,187072672801458,106,ok,9.669,244d3e126a00000000000000000000efff000000000f2740,00000000000000000000efff000000000f27
2026-10-04T12:59:40.893991+00:00,187072682595791,107,ok,9.879,244d3e056b00000000016f,0000000001
2026-10-04T12:59:40.904115+00:00,187072692649708,108,ok,9.951,244d3e066c7700d8ff01003b,7700d8ff0100
2026-10-04T12:59:40.914155+00:00,187072702813333,109,ok,9.831,244d3e0a6d0000000000001a0000007d,0000000000001a000000
2026-10-04T12:59:40.924251+00:00,187072712785708,110,ok,9.949,244d3e076e97000000000000fe,97000000000000
2026-10-04T12:59:40.934143+00:00,187072722935500,118,ok,9.699,244d3e15760004000000000000000000000000000000000000a5c2,0004000000000000000000000000000000000000a5
2026-10-04T12:59:40.944534+00:00,187072732759416,120,ok,10.264,244d3efc78e803d007dc05640000ff00000000e803d007dc05640000ff00000000e803d007dc05640000ff00000000e803d007dc05640000ff00000000e803d007dc05640000ff00000000e803d007dc05640000ff00000000e803d007dc05640000ff00000000e803d007dc05640000ff00000000e803d007dc05640000ff00000000e803d007dc05640000ff00000000e803d007dc05640000ff00000000e803d007dc05640000ff00000000e803d007dc05640000ff00000000e803d007dc05640000ff00000000e803d007dc05640000ff00000000e803d007dc05640000ff00000000e803d007dc05640000ff00000000e803d007dc05640000ff0000000084,e803d007dc05640000ff00000000e803d007dc05640000ff00000000e803d007dc05640000ff00000000e803d007dc05640000ff00000000e803d007dc05640000ff00000000e803d007dc05640000ff00000000e803d007dc05640000ff00000000e803d007dc05640000ff00000000e803d007dc05640000ff00000000e803d007dc05640000ff00000000e803d007dc05640000ff00000000e803d007dc05640000ff00000000e803d007dc05640000ff00000000e803d007dc05640000ff00000000e803d007dc05640000ff00000000e803d007dc05640000ff00000000e803d007dc05640000ff00000000e803d007dc05640000ff00000000
2026-10-04T12:59:40.954169+00:00,187072743216375,151,ok,9.438,244d3e09970101010001010001009e,010101000101000100
2026-10-04T12:59:40.964225+00:00,187072752843416,166,ok,9.870,244d3e15a664000100000000000000890900000f270f270f274a34,64000100000000000000890900000f270f270f274a
2026-10-04T12:59:41.838489+00:00,187073630049541,1,ok,6.933,244d3e030100020505,000205
2026-10-04T12:59:41.848805+00:00,187073637115625,2,ok,10.181,244d3e0402494e415616,494e4156
2026-10-04T12:59:41.858774+00:00,187073647435458,3,ok,9.832,244d3e030309010008,090100
2026-10-04T12:59:41.868995+00:00,187073657381833,4,ok,10.094,244d3e18044d373241000002010f4d414d4241463732325f323032324136,4d373241000002010f4d414d4241463732325f3230323241
2026-10-04T12:59:41.879234+00:00,187073667690041,101,ok,10.034,244d3e0b65ec033200cb000000008000f8,ec033200cb000000008000
2026-10-04T12:59:41.889120+00:00,187073677900083,106,ok,9.717,244d3e126a00000000000000000000efff000000000f2740,00000000000000000000efff000000000f27
2026-10-04T12:59:41.899163+00:00,187073687698791,107,ok,9.959,244d3e056b00000000016f,0000000001
2026-10-04T12:59:41.909268+00:00,187073697760708,108,ok,9.995,244d3e066c7700d8ff01003b,7700d8ff0100
2026-10-04T12:59:41.919529+00:00,187073707905083,109,ok,10.036,244d3e0a6d0000000000001a0000007d,0000000000001a000000
2026-10-04T12:59:41.929370+00:00,187073718380541,110,ok,9.476,244d3e076e97000000000000fe,97000000000000
2026-10-04T12:59:41.939423+00:00,187073728056541,118,ok,9.854,244d3e15760004000000000000000000000000000000000000a5c2,0004000000000000000000000000000000000000a5
2026-10-04T12:59:41.949711+00:00,187073738091916,120,ok,10.077,244d3efc78e803d007dc05640000ff00000000e803d007dc05640000ff00000000e803d007dc05640000ff00000000e803d007dc05640000ff00000000e803d007dc05640000ff00000000e803d007dc05640000ff00000000e803d007dc05640000ff00000000e803d007dc05640000ff00000000e803d007dc05640000ff00000000e803d007dc05640000ff00000000e803d007dc05640000ff00000000e803d007dc05640000ff00000000e803d007dc05640000ff00000000e803d007dc05640000ff00000000e803d007dc05640000ff00000000e803d007dc05640000ff00000000e803d007dc05640000ff00000000e803d007dc05640000ff0000000084,e803d007dc05640000ff00000000e803d007dc05640000ff00000000e803d007dc05640000ff00000000e803d007dc05640000ff00000000e803d007dc05640000ff00000000e803d007dc05640000ff00000000e803d007dc05640000ff00000000e803d007dc05640000ff00000000e803d007dc05640000ff00000000e803d007dc05640000ff00000000e803d007dc05640000ff00000000e803d007dc05640000ff00000000e803d007dc05640000ff00000000e803d007dc05640000ff00000000e803d007dc05640000ff00000000e803d007dc05640000ff00000000e803d007dc05640000ff00000000e803d007dc05640000ff00000000
2026-10-04T12:59:41.959402+00:00,187073748340416,151,ok,9.530,244d3e09970101010001010001009e,010101000101000100
2026-10-04T12:59:41.969398+00:00,187073757976541,166,ok,9.913,244d3e15a665000100000000000000990900000f270f270f274a25,65000100000000000000990900000f270f270f274a
2026-10-04T12:59:42.842996+00:00,187074635134166,1,ok,6.358,244d3e030100020505,000205
2026-10-04T12:59:42.852839+00:00,187074641602541,2,ok,9.727,244d3e0402494e415616,494e4156
2026-10-04T12:59:42.862798+00:00,187074651493208,3,ok,9.802,244d3e030309010008,090100
2026-10-04T12:59:42.872893+00:00,187074661390041,4,ok,9.995,244d3e18044d373241000002010f4d414d4241463732325f323032324136,4d373241000002010f4d414d4241463732325f3230323241
2026-10-04T12:59:42.882887+00:00,187074671544000,101,ok,9.834,244d3e0b65fb033200cb000000008000ef,fb033200cb000000008000
2026-10-04T12:59:42.892871+00:00,187074681544666,106,ok,9.810,244d3e126a00000000000000000000efff000000000f2740,00000000000000000000efff000000000f27
2026-10-04T12:59:42.902879+00:00,187074691485958,107,ok,9.888,244d3e056b00000000016f,0000000001
2026-10-04T12:59:42.912891+00:00,187074701503416,108,ok,9.882,244d3e066c7700d8ff01003b,7700d8ff0100
2026-10-04T12:59:42.923281+00:00,187074711511000,109,ok,10.263,244d3e0a6d0000000000001a0000007d,0000000000001a000000
2026-10-04T12:59:42.933213+00:00,187074721926583,110,ok,9.783,244d3e076e97000000000000fe,97000000000000
2026-10-04T12:59:42.943268+00:00,187074731800500,118,ok,9.964,244d3e15760004000000000000000000000000000000000000a5c2,0004000000000000000000000000000000000000a5
2026-10-04T12:59:42.953478+00:00,187074741870250,120,ok,10.103,244d3efc78e803d007dc05640000ff00000000e803d007dc05640000ff00000000e803d007dc05640000ff00000000e803d007dc05640000ff00000000e803d007dc05640000ff00000000e803d007dc05640000ff00000000e803d007dc05640000ff00000000e803d007dc05640000ff00000000e803d007dc05640000ff00000000e803d007dc05640000ff00000000e803d007dc05640000ff00000000e803d007dc05640000ff00000000e803d007dc05640000ff00000000e803d007dc05640000ff00000000e803d007dc05640000ff00000000e803d007dc05640000ff00000000e803d007dc05640000ff00000000e803d007dc05640000ff0000000084,e803d007dc05640000ff00000000e803d007dc05640000ff00000000e803d007dc05640000ff00000000e803d007dc05640000ff00000000e803d007dc05640000ff00000000e803d007dc05640000ff00000000e803d007dc05640000ff00000000e803d007dc05640000ff00000000e803d007dc05640000ff00000000e803d007dc05640000ff00000000e803d007dc05640000ff00000000e803d007dc05640000ff00000000e803d007dc05640000ff00000000e803d007dc05640000ff00000000e803d007dc05640000ff00000000e803d007dc05640000ff00000000e803d007dc05640000ff00000000e803d007dc05640000ff00000000
2026-10-04T12:59:42.963363+00:00,187074752104500,151,ok,9.754,244d3e09970101010001010001009e,010101000101000100
2026-10-04T12:59:42.973340+00:00,187074762038000,166,ok,9.800,244d3e15a664000100000000000000a90900000f270f270f274a14,64000100000000000000a90900000f270f270f274a
2026-10-04T12:59:43.846257+00:00,187075636435208,1,ok,8.309,244d3e030100020505,000205
2026-10-04T12:59:43.856538+00:00,187075644952666,2,ok,10.077,244d3e0402494e415616,494e4156
2026-10-04T12:59:43.866558+00:00,187075655202041,3,ok,9.848,244d3e030309010008,090100
2026-10-04T12:59:43.876489+00:00,187075665200333,4,ok,9.784,244d3e18044d373241000002010f4d414d4241463732325f323032324136,4d373241000002010f4d414d4241463732325f3230323241
2026-10-04T12:59:43.886792+00:00,187075675155083,101,ok,10.132,244d3e0b65ea033200cb000000008000fe,ea033200cb000000008000
2026-10-04T12:59:43.896925+00:00,187075685380500,106,ok,10.039,244d3e126a00000000000000000000efff000000000f2740,00000000000000000000efff000000000f27
2026-10-04T12:59:43.906853+00:00,187075695578000,107,ok,9.772,244d3e056b00000000016f,0000000001
2026-10-04T12:59:43.916997+00:00,187075705457500,108,ok,10.028,244d3e066c7700d8ff01003b,7700d8ff0100
2026-10-04T12:59:43.926993+00:00,187075715678166,109,ok,9.802,244d3e0a6d0000000000001a0000007d,0000000000001a000000
2026-10-04T12:59:43.937007+00:00,187075725640916,110,ok,9.859,244d3e076e97000000000000fe,97000000000000
2026-10-04T12:59:43.947065+00:00,187075735656208,118,ok,9.902,244d3e15760004000000000000000000000000000000000000a5c2,0004000000000000000000000000000000000000a5
2026-10-04T12:59:43.957257+00:00,187075745696958,120,ok,10.056,244d3efc78e803d007dc05640000ff00000000e803d007dc05640000ff00000000e803d007dc05640000ff00000000e803d007dc05640000ff00000000e803d007dc05640000ff00000000e803d007dc05640000ff00000000e803d007dc05640000ff00000000e803d007dc05640000ff00000000e803d007dc05640000ff00000000e803d007dc05640000ff00000000e803d007dc05640000ff00000000e803d007dc05640000ff00000000e803d007dc05640000ff00000000e803d007dc05640000ff00000000e803d007dc05640000ff00000000e803d007dc05640000ff00000000e803d007dc05640000ff00000000e803d007dc05640000ff0000000084,e803d007dc05640000ff00000000e803d007dc05640000ff00000000e803d007dc05640000ff00000000e803d007dc05640000ff00000000e803d007dc05640000ff00000000e803d007dc05640000ff00000000e803d007dc05640000ff00000000e803d007dc05640000ff00000000e803d007dc05640000ff00000000e803d007dc05640000ff00000000e803d007dc05640000ff00000000e803d007dc05640000ff00000000e803d007dc05640000ff00000000e803d007dc05640000ff00000000e803d007dc05640000ff00000000e803d007dc05640000ff00000000e803d007dc05640000ff00000000e803d007dc05640000ff00000000
2026-10-04T12:59:43.967112+00:00,187075755902583,151,ok,9.698,244d3e09970101010001010001009e,010101000101000100
2026-10-04T12:59:43.977221+00:00,187075766060333,166,ok,9.652,244d3e15a665000100000000000000b90900000f270f270f274a05,65000100000000000000b90900000f270f270f274a
2026-10-04T12:59:44.850480+00:00,187076641052708,1,ok,7.921,244d3e030100020505,000205
2026-10-04T12:59:44.860524+00:00,187076649113125,2,ok,9.909,244d3e0402494e415616,494e4156
2026-10-04T12:59:44.870499+00:00,187076659165625,3,ok,9.825,244d3e030309010008,090100
2026-10-04T12:59:44.880598+00:00,187076669119125,4,ok,9.975,244d3e18044d373241000002010f4d414d4241463732325f323032324136,4d373241000002010f4d414d4241463732325f3230323241
2026-10-04T12:59:44.890650+00:00,187076679264375,101,ok,9.877,244d3e0b65e9033200cb000000008000fd,e9033200cb000000008000
2026-10-04T12:59:44.900482+00:00,187076689308500,106,ok,9.661,244d3e126a00000000000000000000efff000000000f2740,00000000000000000000efff000000000f27
2026-10-04T12:59:44.910646+00:00,187076699181458,107,ok,9.959,244d3e056b00000000016f,0000000001
2026-10-04T12:59:44.920554+00:00,187076709311375,108,ok,9.743,244d3e066c7700d8ff01003b,7700d8ff0100
2026-10-04T12:59:44.930610+00:00,187076719156750,109,ok,9.950,244d3e0a6d0000000000001a0000007d,0000000000001a000000
2026-10-04T12:59:44.940711+00:00,187076729244291,110,ok,9.963,244d3e076e97000000000000fe,97000000000000
2026-10-04T12:59:44.950763+00:00,187076739415875,118,ok,9.838,244d3e15760004000000000000000000000000000000000000a5c2,0004000000000000000000000000000000000000a5
2026-10-04T12:59:44.960897+00:00,187076749426083,120,ok,9.968,244d3efc78e803d007dc05640000ff00000000e803d007dc05640000ff00000000e803d007dc05640000ff00000000e803d007dc05640000ff00000000e803d007dc05640000ff00000000e803d007dc05640000ff00000000e803d007dc05640000ff00000000e803d007dc05640000ff00000000e803d007dc05640000ff00000000e803d007dc05640000ff00000000e803d007dc05640000ff00000000e803d007dc05640000ff00000000e803d007dc05640000ff00000000e803d007dc05640000ff00000000e803d007dc05640000ff00000000e803d007dc05640000ff00000000e803d007dc05640000ff00000000e803d007dc05640000ff0000000084,e803d007dc05640000ff00000000e803d007dc05640000ff00000000e803d007dc05640000ff00000000e803d007dc05640000ff00000000e803d007dc05640000ff00000000e803d007dc05640000ff00000000e803d007dc05640000ff00000000e803d007dc05640000ff00000000e803d007dc05640000ff00000000e803d007dc05640000ff00000000e803d007dc05640000ff00000000e803d007dc05640000ff00000000e803d007dc05640000ff00000000e803d007dc05640000ff00000000e803d007dc05640000ff00000000e803d007dc05640000ff00000000e803d007dc05640000ff00000000e803d007dc05640000ff00000000
2026-10-04T12:59:44.970822+00:00,187076759557000,151,ok,9.755,244d3e09970101010001010001009e,010101000101000100
2026-10-04T12:59:44.980783+00:00,187076769511083,166,ok,9.766,244d3e15a678000100000000000000c90900000f270f270f274a68,78000100000000000000c90900000f270f270f274a
2026-10-04T12:59:45.854468+00:00,187077644653958,1,ok,8.313,244d3e030100020505,000205
2026-10-04T12:59:45.864556+00:00,187077653082458,2,ok,9.967,244d3e0402494e415616,494e4156
2026-10-04T12:59:45.874529+00:00,187077663245500,3,ok,9.780,244d3e030309010008,090100
2026-10-04T12:59:45.884520+00:00,187077673199750,4,ok,9.819,244d3e18044d373241000002010f4d414d4241463732325f323032324136,4d373241000002010f4d414d4241463732325f3230323241
2026-10-04T12:59:45.894589+00:00,187077683160875,101,ok,9.924,244d3e0b65f9033200cb000000008000ed,f9033200cb000000008000
2026-10-04T12:59:45.904696+00:00,187077693256041,106,ok,9.926,244d3e126a00000000000000000000efff000000000f2740,00000000000000000000efff000000000f27
2026-10-04T12:59:45.914695+00:00,187077703392375,107,ok,9.794,244d3e056b00000000016f,0000000001
2026-10-04T12:59:45.924759+00:00,187077713396500,108,ok,9.847,244d3e066c7700d8ff01003b,7700d8ff0100
2026-10-04T12:59:45.934685+00:00,187077723522958,109,ok,9.656,244d3e0a6d0000000000001a0000007d,0000000000001a000000
2026-10-04T12:59:45.944583+00:00,187077733356083,110,ok,9.728,244d3e076e97000000000000fe,97000000000000
2026-10-04T12:59:45.954629+00:00,187077743180125,118,ok,9.948,244d3e15760004000000000000000000000000000000000000a5c2,0004000000000000000000000000000000000000a5
2026-10-04T12:59:45.964938+00:00,187077753244041,120,ok,10.189,244d3efc78e803d007dc05640000ff00000000e803d007dc05640000ff00000000e803d007dc05640000ff00000000e803d007dc05640000ff00000000e803d007dc05640000ff00000000e803d007dc05640000ff00000000e803d007dc05640000ff00000000e803d007dc05640000ff00000000e803d007dc05640000ff00000000e803d007dc05640000ff00000000e803d007dc05640000ff00000000e803d007dc05640000ff00000000e803d007dc05640000ff00000000e803d007dc05640000ff00000000e803d007dc05640000ff00000000e803d007dc05640000ff00000000e803d007dc05640000ff00000000e803d007dc05640000ff0000000084,e803d007dc05640000ff00000000e803d007dc05640000ff00000000e803d007dc05640000ff00000000e803d007dc05640000ff00000000e803d007dc05640000ff00000000e803d007dc05640000ff00000000e803d007dc05640000ff00000000e803d007dc05640000ff00000000e803d007dc05640000ff00000000e803d007dc05640000ff00000000e803d007dc05640000ff00000000e803d007dc05640000ff00000000e803d007dc05640000ff00000000e803d007dc05640000ff00000000e803d007dc05640000ff00000000e803d007dc05640000ff00000000e803d007dc05640000ff00000000e803d007dc05640000ff00000000
2026-10-04T12:59:45.974839+00:00,187077763625708,151,ok,9.703,244d3e09970101010001010001009e,010101000101000100
2026-10-04T12:59:45.985088+00:00,187077773539833,166,ok,10.049,244d3e15a679000100000000000000da0900000f270f270f274a7a,79000100000000000000da0900000f270f270f274a
2026-10-04T12:59:46.859428+00:00,187078649356583,1,ok,8.566,244d3e030100020505,000205
2026-10-04T12:59:46.869344+00:00,187078658103708,2,ok,9.739,244d3e0402494e415616,494e4156
2026-10-04T12:59:46.879433+00:00,187078667990791,3,ok,9.938,244d3e030309010008,090100
2026-10-04T12:59:46.889399+00:00,187078678101833,4,ok,9.794,244d3e18044d373241000002010f4d414d4241463732325f323032324136,4d373241000002010f4d414d4241463732325f3230323241
2026-10-04T12:59:46.899454+00:00,187078688008125,101,ok,9.944,244d3e0b65eb033200cb000000008000ff,eb033200cb000000008000
2026-10-04T12:59:46.909495+00:00,187078698090166,106,ok,9.906,244d3e126a00000000000000000000efff000000000f2740,00000000000000000000efff000000000f27
2026-10-04T12:59:46.919494+00:00,187078708143208,107,ok,9.848,244d3e056b00000000016f,0000000001
2026-10-04T12:59:46.929528+00:00,187078718137916,108,ok,9.887,244d3e066c7700d8ff01003b,7700d8ff0100
2026-10-04T12:59:46.939579+00:00,187078728192208,109,ok,9.882,244d3e0a6d0000000000001a0000007d,0000000000001a000000
2026-10-04T12:59:46.949671+00:00,187078738234333,110,ok,9.929,244d3e076e97000000000000fe,97000000000000
2026-10-04T12:59:46.959649+00:00,187078748348833,118,ok,9.796,244d3e15760004000000000000000000000000000000000000a5c2,0004000000000000000000000000000000000000a5
2026-10-04T12:59:46.969826+00:00,187078758314083,120,ok,10.012,244d3efc78e803d007dc05640000ff00000000e803d007dc05640000ff00000000e803d007dc05640000ff00000000e803d007dc05640000ff00000000e803d007dc05640000ff00000000e803d007dc05640000ff00000000e803d007dc05640000ff00000000e803d007dc05640000ff00000000e803d007dc05640000ff00000000e803d007dc05640000ff00000000e803d007dc05640000ff00000000e803d007dc05640000ff00000000e803d007dc05640000ff00000000e803d007dc05640000ff00000000e803d007dc05640000ff00000000e803d007dc05640000ff00000000e803d007dc05640000ff00000000e803d007dc05640000ff0000000084,e803d007dc05640000ff00000000e803d007dc05640000ff00000000e803d007dc05640000ff00000000e803d007dc05640000ff00000000e803d007dc05640000ff00000000e803d007dc05640000ff00000000e803d007dc05640000ff00000000e803d007dc05640000ff00000000e803d007dc05640000ff00000000e803d007dc05640000ff00000000e803d007dc05640000ff00000000e803d007dc05640000ff00000000e803d007dc05640000ff00000000e803d007dc05640000ff00000000e803d007dc05640000ff00000000e803d007dc05640000ff00000000e803d007dc05640000ff00000000e803d007dc05640000ff00000000
2026-10-04T12:59:46.979821+00:00,187078768458708,151,ok,9.856,244d3e09970101010001010001009e,010101000101000100
2026-10-04T12:59:46.989727+00:00,187078778486916,166,ok,9.733,244d3e15a664000100000000000000ea0900000f270f270f274a57,64000100000000000000ea0900000f270f270f274a
2026-10-04T12:59:47.853905+00:00,187079649765583,1,ok,2.641,244d3e030100020505,000205
2026-10-04T12:59:47.863941+00:00,187079652534833,2,ok,9.909,244d3e0402494e415616,494e4156
2026-10-04T12:59:47.873982+00:00,187079662573333,3,ok,9.912,244d3e030309010008,090100
2026-10-04T12:59:47.884037+00:00,187079672593000,4,ok,9.945,244d3e18044d373241000002010f4d414d4241463732325f323032324136,4d373241000002010f4d414d4241463732325f3230323241
2026-10-04T12:59:47.894065+00:00,187079682648416,101,ok,9.918,244d3e0b65f3033200cb000000008000e7,f3033200cb000000008000
2026-10-04T12:59:47.904125+00:00,187079692686875,106,ok,9.937,244d3e126a00000000000000000000efff000000000f2740,00000000000000000000efff000000000f27
2026-10-04T12:59:47.914398+00:00,187079702805958,107,ok,10.090,244d3e056b00000000016f,0000000001
2026-10-04T12:59:47.924470+00:00,187079713127208,108,ok,9.842,244d3e066c7700d8ff01003b,7700d8ff0100
2026-10-04T12:59:47.934393+00:00,187079723100833,109,ok,9.794,244d3e0a6d0000000000001a0000007d,0000000000001a000000
2026-10-04T12:59:47.944494+00:00,187079733018000,110,ok,9.975,244d3e076e97000000000000fe,97000000000000
2026-10-04T12:59:47.954430+00:00,187079743148833,118,ok,9.784,244d3e15760004000000000000000000000000000000000000a5c2,0004000000000000000000000000000000000000a5
2026-10-04T12:59:47.964771+00:00,187079753059875,120,ok,10.211,244d3efc78e803d007dc05640000ff00000000e803d007dc05640000ff00000000e803d007dc05640000ff00000000e803d007dc05640000ff00000000e803d007dc05640000ff00000000e803d007dc05640000ff00000000e803d007dc05640000ff00000000e803d007dc05640000ff00000000e803d007dc05640000ff00000000e803d007dc05640000ff00000000e803d007dc05640000ff00000000e803d007dc05640000ff00000000e803d007dc05640000ff00000000e803d007dc05640000ff00000000e803d007dc05640000ff00000000e803d007dc05640000ff00000000e803d007dc05640000ff00000000e803d007dc05640000ff0000000084,e803d007dc05640000ff00000000e803d007dc05640000ff00000000e803d007dc05640000ff00000000e803d007dc05640000ff00000000e803d007dc05640000ff00000000e803d007dc05640000ff00000000e803d007dc05640000ff00000000e803d007dc05640000ff00000000e803d007dc05640000ff00000000e803d007dc05640000ff00000000e803d007dc05640000ff00000000e803d007dc05640000ff00000000e803d007dc05640000ff00000000e803d007dc05640000ff00000000e803d007dc05640000ff00000000e803d007dc05640000ff00000000e803d007dc05640000ff00000000e803d007dc05640000ff00000000
2026-10-04T12:59:47.974579+00:00,187079763466625,151,ok,9.608,244d3e09970101010001010001009e,010101000101000100
2026-10-04T12:59:47.984566+00:00,187079773269458,166,ok,9.797,244d3e15a664000100000000000000fa0900000f270f270f274a47,64000100000000000000fa0900000f270f270f274a
2026-10-04T12:59:48.858456+00:00,187080654153291,1,ok,2.802,244d3e030100020505,000205
2026-10-04T12:59:48.868552+00:00,187080657087833,2,ok,9.965,244d3e0402494e415616,494e4156
2026-10-04T12:59:48.878597+00:00,187080667213833,3,ok,9.881,244d3e030309010008,090100
2026-10-04T12:59:48.888593+00:00,187080677285583,4,ok,9.812,244d3e18044d373241000002010f4d414d4241463732325f323032324136,4d373241000002010f4d414d4241463732325f3230323241
2026-10-04T12:59:48.898652+00:00,187080687225041,101,ok,9.926,244d3e0b65f8033200cb000000008000ec,f8033200cb000000008000
2026-10-04T12:59:48.908853+00:00,187080697311291,106,ok,10.041,244d3e126a00000000000000000000efff000000000f2740,00000000000000000000efff000000000f27
2026-10-04T12:59:48.918750+00:00,187080707717291,107,ok,9.523,244d3e056b00000000016f,0000000001
2026-10-04T12:59:48.928790+00:00,187080717446875,108,ok,9.819,244d3e066c7700d8ff01003b,7700d8ff0100
2026-10-04T12:59:48.938763+00:00,187080727438708,109,ok,9.822,244d3e0a6d0000000000001a0000007d,0000000000001a000000
2026-10-04T12:59:48.948769+00:00,187080737433291,110,ok,9.835,244d3e076e97000000000000fe,97000000000000
2026-10-04T12:59:48.958878+00:00,187080747433291,118,ok,9.935,244d3e15760004000000000000000000000000000000000000a5c2,0004000000000000000000000000000000000000a5
2026-10-04T12:59:48.969105+00:00,187080757626875,120,ok,9.964,244d3efc78e803d007dc05640000ff00000000e803d007dc05640000ff00000000e803d007dc05640000ff00000000e803d007dc05640000ff00000000e803d007dc05640000ff00000000e803d007dc05640000ff00000000e803d007dc05640000ff00000000e803d007dc05640000ff00000000e803d007dc05640000ff00000000e803d007dc05640000ff00000000e803d007dc05640000ff00000000e803d007dc05640000ff00000000e803d007dc05640000ff00000000e803d007dc05640000ff00000000e803d007dc05640000ff00000000e803d007dc05640000ff00000000e803d007dc05640000ff00000000e803d007dc05640000ff0000000084,e803d007dc05640000ff00000000e803d007dc05640000ff00000000e803d007dc05640000ff00000000e803d007dc05640000ff00000000e803d007dc05640000ff00000000e803d007dc05640000ff00000000e803d007dc05640000ff00000000e803d007dc05640000ff00000000e803d007dc05640000ff00000000e803d007dc05640000ff00000000e803d007dc05640000ff00000000e803d007dc05640000ff00000000e803d007dc05640000ff00000000e803d007dc05640000ff00000000e803d007dc05640000ff00000000e803d007dc05640000ff00000000e803d007dc05640000ff00000000e803d007dc05640000ff00000000
2026-10-04T12:59:48.978939+00:00,187080767947958,151,ok,9.485,244d3e09970101010001010001009e,010101000101000100
2026-10-04T12:59:48.988913+00:00,187080777642083,166,ok,9.763,244d3e15a6650001000000000000000a0a00000f270f270f274ab5,650001000000000000000a0a00000f270f270f274a
2026-10-04T12:59:49.862158+00:00,187081657588708,1,ok,3.077,244d3e030100020505,000205
2026-10-04T12:59:49.872275+00:00,187081660767750,2,ok,10.011,244d3e0402494e415616,494e4156
2026-10-04T12:59:49.882605+00:00,187081670921708,3,ok,10.187,244d3e030309010008,090100
2026-10-04T12:59:49.892565+00:00,187081681262125,4,ok,9.810,244d3e18044d373241000002010f4d414d4241463732325f323032324136,4d373241000002010f4d414d4241463732325f3230323241
2026-10-04T12:59:49.902622+00:00,187081691181000,101,ok,9.945,244d3e0b65fe033200cb000000008000ea,fe033200cb000000008000
2026-10-04T12:59:49.912699+00:00,187081701254333,106,ok,9.926,244d3e126a00000000000000000000efff000000000f2740,00000000000000000000efff000000000f27
2026-10-04T12:59:49.922690+00:00,187081711375583,107,ok,9.817,244d3e056b00000000016f,0000000001
2026-10-04T12:59:49.932653+00:00,187081721355791,108,ok,9.800,244d3e066c7700d8ff01003b,7700d8ff0100
2026-10-04T12:59:49.942779+00:00,187081731308500,109,ok,9.972,244d3e0a6d0000000000002300000044,00000000000023000000
2026-10-04T12:59:49.952794+00:00,187081741441833,110,ok,9.855,244d3e076e97000000000000fe,97000000000000
2026-10-04T12:59:49.963023+00:00,187081751458583,118,ok,10.067,244d3e15760004000000000000000000000000000000000000a5c2,0004000000000000000000000000000000000000a5
2026-10-04T12:59:49.973419+00:00,187081761689750,120,ok,10.229,244d3efc78e803d007dc05640000ff00000000e803d007dc05640000ff00000000e803d007dc05640000ff00000000e803d007dc05640000ff00000000e803d007dc05640000ff00000000e803d007dc05640000ff00000000e803d007dc05640000ff00000000e803d007dc05640000ff00000000e803d007dc05640000ff00000000e803d007dc05640000ff00000000e803d007dc05640000ff00000000e803d007dc05640000ff00000000e803d007dc05640000ff00000000e803d007dc05640000ff00000000e803d007dc05640000ff00000000e803d007dc05640000ff00000000e803d007dc05640000ff00000000e803d007dc05640000ff0000000084,e803d007dc05640000ff00000000e803d007dc05640000ff00000000e803d007dc05640000ff00000000e803d007dc05640000ff00000000e803d007dc05640000ff00000000e803d007dc05640000ff00000000e803d007dc05640000ff00000000e803d007dc05640000ff00000000e803d007dc05640000ff00000000e803d007dc05640000ff00000000e803d007dc05640000ff00000000e803d007dc05640000ff00000000e803d007dc05640000ff00000000e803d007dc05640000ff00000000e803d007dc05640000ff00000000e803d007dc05640000ff00000000e803d007dc05640000ff00000000e803d007dc05640000ff00000000
2026-10-04T12:59:49.983123+00:00,187081772162500,151,ok,9.460,244d3e09970101010001010001009e,010101000101000100
2026-10-04T12:59:49.993137+00:00,187081781754500,166,ok,9.889,244d3e15a6640001000000000000001a0a00000f270f270f274aa4,640001000000000000001a0a00000f270f270f274a
2026-10-04T12:59:50.868190+00:00,187082658972958,1,ok,7.717,244d3e030100020505,000205
2026-10-04T12:59:50.878125+00:00,187082666882666,2,ok,9.748,244d3e0402494e415616,494e4156
2026-10-04T12:59:50.888116+00:00,187082676761500,3,ok,9.853,244d3e030309010008,090100
2026-10-04T12:59:50.898172+00:00,187082686779041,4,ok,9.892,244d3e18044d373241000002010f4d414d4241463732325f323032324136,4d373241000002010f4d414d4241463732325f3230323241
2026-10-04T12:59:50.908232+00:00,187082696845916,101,ok,9.889,244d3e0b65ec033200cb000000008000f8,ec033200cb000000008000
2026-10-04T12:59:50.918141+00:00,187082706908125,106,ok,9.739,244d3e126a00000000000000000000efff000000000f2740,00000000000000000000efff000000000f27
2026-10-04T12:59:50.928382+00:00,187082716782458,107,ok,10.102,244d3e056b00000000016f,0000000001
2026-10-04T12:59:50.938470+00:00,187082727048916,108,ok,9.928,244d3e066c7700d8ff01003b,7700d8ff0100
2026-10-04T12:59:50.948630+00:00,187082737105041,109,ok,10.026,244d3e0a6d0000000000001a0000007d,0000000000001a000000
2026-10-04T12:59:50.958574+00:00,187082747319541,110,ok,9.757,244d3e076e97000000000000fe,97000000000000
2026-10-04T12:59:50.968614+00:00,187082757241041,118,ok,9.874,244d3e15760004000000000000000000000000000000000000a5c2,0004000000000000000000000000000000000000a5
2026-10-04T12:59:50.978886+00:00,187082767286458,120,ok,10.105,244d3efc78e803d007dc05640000ff00000000e803d007dc05640000ff00000000e803d007dc05640000ff00000000e803d007dc05640000ff00000000e803d007dc05640000ff00000000e803d007dc05640000ff00000000e803d007dc05640000ff00000000e803d007dc05640000ff00000000e803d007dc05640000ff00000000e803d007dc05640000ff00000000e803d007dc05640000ff00000000e803d007dc05640000ff00000000e803d007dc05640000ff00000000e803d007dc05640000ff00000000e803d007dc05640000ff00000000e803d007dc05640000ff00000000e803d007dc05640000ff00000000e803d007dc05640000ff0000000084,e803d007dc05640000ff00000000e803d007dc05640000ff00000000e803d007dc05640000ff00000000e803d007dc05640000ff00000000e803d007dc05640000ff00000000e803d007dc05640000ff00000000e803d007dc05640000ff00000000e803d007dc05640000ff00000000e803d007dc05640000ff00000000e803d007dc05640000ff00000000e803d007dc05640000ff00000000e803d007dc05640000ff00000000e803d007dc05640000ff00000000e803d007dc05640000ff00000000e803d007dc05640000ff00000000e803d007dc05640000ff00000000e803d007dc05640000ff00000000e803d007dc05640000ff00000000
2026-10-04T12:59:50.988672+00:00,187082777549166,151,ok,9.622,244d3e09970101010001010001009e,010101000101000100
2026-10-04T12:59:50.998617+00:00,187082787363083,166,ok,9.761,244d3e15a6790001000000000000002b0a00000f270f270f274a88,790001000000000000002b0a00000f270f270f274a
2026-10-04T12:59:51.871677+00:00,187083663032583,1,ok,7.153,244d3e030100020505,000205
2026-10-04T12:59:51.881892+00:00,187083670295750,2,ok,10.097,244d3e0402494e415616,494e4156
2026-10-04T12:59:51.891776+00:00,187083680609583,3,ok,9.674,244d3e030309010008,090100
2026-10-04T12:59:51.901816+00:00,187083690422833,4,ok,9.898,244d3e18044d373241000002010f4d414d4241463732325f323032324136,4d373241000002010f4d414d4241463732325f3230323241
2026-10-04T12:59:51.911868+00:00,187083700463750,101,ok,9.908,244d3e0b650c043200cb0000000080001f,0c043200cb000000008000
2026-10-04T12:59:51.921843+00:00,187083710541208,106,ok,9.808,244d3e126a00000000000000000000efff000000000f2740,00000000000000000000efff000000000f27
2026-10-04T12:59:51.931811+00:00,187083720482291,107,ok,9.839,244d3e056b00000000016f,0000000001
2026-10-04T12:59:51.941892+00:00,187083730426333,108,ok,9.971,244d3e066c7700d8ff01003b,7700d8ff0100
2026-10-04T12:59:51.951873+00:00,187083740573333,109,ok,9.808,244d3e0a6d0000000000001a0000007d,0000000000001a000000
2026-10-04T12:59:51.961893+00:00,187083750498375,110,ok,9.904,244d3e076e97000000000000fe,97000000000000
2026-10-04T12:59:51.971968+00:00,187083760522708,118,ok,9.953,244d3e15760004000000000000000000000000000000000000a5c2,0004000000000000000000000000000000000000a5
2026-10-04T12:59:51.982519+00:00,187083770602375,120,ok,10.423,244d3efc78e803d007dc05640000ff00000000e803d007dc05640000ff00000000e803d007dc05640000ff00000000e803d007dc05640000ff00000000e803d007dc05640000ff00000000e803d007dc05640000ff00000000e803d007dc05640000ff00000000e803d007dc05640000ff00000000e803d007dc05640000ff00000000e803d007dc05640000ff00000000e803d007dc05640000ff00000000e803d007dc05640000ff00000000e803d007dc05640000ff00000000e803d007dc05640000ff00000000e803d007dc05640000ff00000000e803d007dc05640000ff00000000e803d007dc05640000ff00000000e803d007dc05640000ff0000000084,e803d007dc05640000ff00000000e803d007dc05640000ff00000000e803d007dc05640000ff00000000e803d007dc05640000ff00000000e803d007dc05640000ff00000000e803d007dc05640000ff00000000e803d007dc05640000ff00000000e803d007dc05640000ff00000000e803d007dc05640000ff00000000e803d007dc05640000ff00000000e803d007dc05640000ff00000000e803d007dc05640000ff00000000e803d007dc05640000ff00000000e803d007dc05640000ff00000000e803d007dc05640000ff00000000e803d007dc05640000ff00000000e803d007dc05640000ff00000000e803d007dc05640000ff00000000
2026-10-04T12:59:51.992280+00:00,187083781224125,151,ok,9.567,244d3e09970101010001010001009e,010101000101000100
2026-10-04T12:59:52.002349+00:00,187083790892666,166,ok,9.962,244d3e15a6780001000000000000003b0a00000f270f270f274a99,780001000000000000003b0a00000f270f270f274a
2026-10-04T12:59:52.875469+00:00,187084667375375,1,ok,6.593,244d3e030100020505,000205
2026-10-04T12:59:52.885558+00:00,187084674236083,2,ok,9.824,244d3e0402494e415616,494e4156
2026-10-04T12:59:52.895514+00:00,187084684267833,3,ok,9.751,244d3e030309010008,090100
2026-10-04T12:59:52.905545+00:00,187084694202416,4,ok,9.846,244d3e18044d373241000002010f4d414d4241463732325f323032324136,4d373241000002010f4d414d4241463732325f3230323241
2026-10-04T12:59:52.915579+00:00,187084704230125,101,ok,9.854,244d3e0b650a043200cb00000000800019,0a043200cb000000008000
2026-10-04T12:59:52.925526+00:00,187084714264541,106,ok,9.770,244d3e126a00000000000000000000efff000000000f2740,00000000000000000000efff000000000f27
2026-10-04T12:59:52.936364+00:00,187084724213875,107,ok,10.660,244d3e056b00000000016f,0000000001
2026-10-04T12:59:52.945927+00:00,187084734977625,108,ok,9.459,244d3e066c7700d8ff01003b,7700d8ff0100
2026-10-04T12:59:52.955849+00:00,187084744559625,109,ok,9.800,244d3e0a6d0000000000002300000044,00000000000023000000
2026-10-04T12:59:52.965807+00:00,187084754475458,110,ok,9.842,244d3e076e97000000000000fe,97000000000000
2026-10-04T12:59:52.975865+00:00,187084764445875,118,ok,9.923,244d3e15760004000000000000000000000000000000000000a5c2,0004000000000000000000000000000000000000a5
2026-10-04T12:59:52.986304+00:00,187084774572666,120,ok,10.237,244d3efc78e803d007dc05640000ff00000000e803d007dc05640000ff00000000e803d007dc05640000ff00000000e803d007dc05640000ff00000000e803d007dc05640000ff00000000e803d007dc05640000ff00000000e803d007dc05640000ff00000000e803d007dc05640000ff00000000e803d007dc05640000ff00000000e803d007dc05640000ff00000000e803d007dc05640000ff00000000e803d007dc05640000ff00000000e803d007dc05640000ff00000000e803d007dc05640000ff00000000e803d007dc05640000ff00000000e803d007dc05640000ff00000000e803d007dc05640000ff00000000e803d007dc05640000ff0000000084,e803d007dc05640000ff00000000e803d007dc05640000ff00000000e803d007dc05640000ff00000000e803d007dc05640000ff00000000e803d007dc05640000ff00000000e803d007dc05640000ff00000000e803d007dc05640000ff00000000e803d007dc05640000ff00000000e803d007dc05640000ff00000000e803d007dc05640000ff00000000e803d007dc05640000ff00000000e803d007dc05640000ff00000000e803d007dc05640000ff00000000e803d007dc05640000ff00000000e803d007dc05640000ff00000000e803d007dc05640000ff00000000e803d007dc05640000ff00000000e803d007dc05640000ff00000000
2026-10-04T12:59:52.996061+00:00,187084785010541,151,ok,9.530,244d3e09970101010001010001009e,010101000101000100
2026-10-04T12:59:53.006052+00:00,187084794833250,166,ok,9.724,244d3e15a6780001000000000000004b0a00000f270f270f274ae9,780001000000000000004b0a00000f270f270f274a
2026-10-04T12:59:53.879164+00:00,187085667481041,1,ok,10.190,244d3e030100020505,000205
2026-10-04T12:59:53.889130+00:00,187085677836750,2,ok,9.804,244d3e0402494e415616,494e4156
2026-10-04T12:59:53.899177+00:00,187085687776166,3,ok,9.909,244d3e030309010008,090100
2026-10-04T12:59:53.910161+00:00,187085697838666,4,ok,10.836,244d3e18044d373241000002010f4d414d4241463732325f323032324136,4d373241000002010f4d414d4241463732325f3230323241
2026-10-04T12:59:53.919185+00:00,187085708779416,101,ok,8.917,244d3e0b65f6033200cb000000008000e2,f6033200cb000000008000
2026-10-04T12:59:53.929597+00:00,187085717847125,106,ok,10.257,244d3e126a00000000000000000000efff000000000f2740,00000000000000000000efff000000000f27
2026-10-04T12:59:53.939515+00:00,187085728301708,107,ok,9.725,244d3e056b00000000016f,0000000001
2026-10-04T12:59:53.949549+00:00,187085738144458,108,ok,9.915,244d3e066c7700d8ff01003b,7700d8ff0100
2026-10-04T12:59:53.959614+00:00,187085748196083,109,ok,9.925,244d3e0a6d0000000000001a0000007d,0000000000001a000000
2026-10-04T12:59:53.969574+00:00,187085758277791,110,ok,9.808,244d3e076e97000000000000fe,97000000000000
2026-10-04T12:59:53.979576+00:00,187085768207125,118,ok,9.884,244d3e15760004000000000000000000000000000000000000a5c2,0004000000000000000000000000000000000000a5
2026-10-04T12:59:53.989914+00:00,187085778178458,120,ok,10.246,244d3efc78e803d007dc05640000ff00000000e803d007dc05640000ff00000000e803d007dc05640000ff00000000e803d007dc05640000ff00000000e803d007dc05640000ff00000000e803d007dc05640000ff00000000e803d007dc05640000ff00000000e803d007dc05640000ff00000000e803d007dc05640000ff00000000e803d007dc05640000ff00000000e803d007dc05640000ff00000000e803d007dc05640000ff00000000e803d007dc05640000ff00000000e803d007dc05640000ff00000000e803d007dc05640000ff00000000e803d007dc05640000ff00000000e803d007dc05640000ff00000000e803d007dc05640000ff0000000084,e803d007dc05640000ff00000000e803d007dc05640000ff00000000e803d007dc05640000ff00000000e803d007dc05640000ff00000000e803d007dc05640000ff00000000e803d007dc05640000ff00000000e803d007dc05640000ff00000000e803d007dc05640000ff00000000e803d007dc05640000ff00000000e803d007dc05640000ff00000000e803d007dc05640000ff00000000e803d007dc05640000ff00000000e803d007dc05640000ff00000000e803d007dc05640000ff00000000e803d007dc05640000ff00000000e803d007dc05640000ff00000000e803d007dc05640000ff00000000e803d007dc05640000ff00000000
2026-10-04T12:59:53.999667+00:00,187085788641250,151,ok,9.537,244d3e09970101010001010001009e,010101000101000100
2026-10-04T12:59:54.010008+00:00,187085798304583,166,ok,10.213,244d3e15a6640001000000000000005b0a00000f270f270f274ae5,640001000000000000005b0a00000f270f270f274a
2026-10-04T12:59:54.874863+00:00,187086672483875,1,ok,0.888,244d3e030100020505,000205
2026-10-04T12:59:54.884888+00:00,187086673504291,2,ok,9.897,244d3e0402494e415616,494e4156
2026-10-04T12:59:54.894928+00:00,187086683511375,3,ok,9.929,244d3e030309010008,090100
2026-10-04T12:59:54.904971+00:00,187086693566583,4,ok,9.917,244d3e18044d373241000002010f4d414d4241463732325f323032324136,4d373241000002010f4d414d4241463732325f3230323241
2026-10-04T12:59:54.915088+00:00,187086703617333,101,ok,9.979,244d3e0b6502043200cb00000000800011,02043200cb000000008000
2026-10-04T12:59:54.925142+00:00,187086713804416,106,ok,9.848,244d3e126a00000000000000000000efff000000000f2740,00000000000000000000efff000000000f27
2026-10-04T12:59:54.935073+00:00,187086723828083,107,ok,9.757,244d3e056b00000000016f,0000000001
2026-10-04T12:59:54.945111+00:00,187086733692416,108,ok,9.931,244d3e066c7700d8ff01003b,7700d8ff0100
2026-10-04T12:59:54.955145+00:00,187086743764791,109,ok,9.890,244d3e0a6d0000000000001a0000007d,0000000000001a000000
2026-10-04T12:59:54.965126+00:00,187086753821458,110,ok,9.816,244d3e076e97000000000000fe,97000000000000
2026-10-04T12:59:54.975177+00:00,187086763800375,118,ok,9.887,244d3e15760004000000000000000000000000000000000000a5c2,0004000000000000000000000000000000000000a5
2026-10-04T12:59:54.985438+00:00,187086773864750,120,ok,10.085,244d3efc78e803d007dc05640000ff00000000e803d007dc05640000ff00000000e803d007dc05640000ff00000000e803d007dc05640000ff00000000e803d007dc05640000ff00000000e803d007dc05640000ff00000000e803d007dc05640000ff00000000e803d007dc05640000ff00000000e803d007dc05640000ff00000000e803d007dc05640000ff00000000e803d007dc05640000ff00000000e803d007dc05640000ff00000000e803d007dc05640000ff00000000e803d007dc05640000ff00000000e803d007dc05640000ff00000000e803d007dc05640000ff00000000e803d007dc05640000ff00000000e803d007dc05640000ff0000000084,e803d007dc05640000ff00000000e803d007dc05640000ff00000000e803d007dc05640000ff00000000e803d007dc05640000ff00000000e803d007dc05640000ff00000000e803d007dc05640000ff00000000e803d007dc05640000ff00000000e803d007dc05640000ff00000000e803d007dc05640000ff00000000e803d007dc05640000ff00000000e803d007dc05640000ff00000000e803d007dc05640000ff00000000e803d007dc05640000ff00000000e803d007dc05640000ff00000000e803d007dc05640000ff00000000e803d007dc05640000ff00000000e803d007dc05640000ff00000000e803d007dc05640000ff00000000
2026-10-04T12:59:54.995128+00:00,187086784135166,151,ok,9.506,244d3e09970101010001010001009e,010101000101000100
2026-10-04T12:59:55.005159+00:00,187086793744500,166,ok,9.928,244d3e15a6780001000000000000006c0a00000f270f270f274ace,780001000000000000006c0a00000f270f270f274a
2026-10-04T12:59:55.879436+00:00,187087674832875,1,ok,3.117,244d3e030100020505,000205
2026-10-04T12:59:55.889506+00:00,187087678051333,2,ok,9.968,244d3e0402494e415616,494e4156
2026-10-04T12:59:55.899460+00:00,187087688142416,3,ok,9.838,244d3e030309010008,090100
2026-10-04T12:59:55.909645+00:00,187087698054250,4,ok,10.100,244d3e18044d373241000002010f4d414d4241463732325f323032324136,4d373241000002010f4d414d4241463732325f3230323241
2026-10-04T12:59:55.919549+00:00,187087708326333,101,ok,9.739,244d3e0b6500043200cb00000000800013,00043200cb000000008000
2026-10-04T12:59:55.929579+00:00,187087718174416,106,ok,9.921,244d3e126a00000000000000000000efff000000000f2740,00000000000000000000efff000000000f27
2026-10-04T12:59:55.939705+00:00,187087728219583,107,ok,9.993,244d3e056b00000000016f,0000000001
2026-10-04T12:59:55.949826+00:00,187087738456791,108,ok,9.886,244d3e066c7700d8ff01003b,7700d8ff0100
2026-10-04T12:59:55.959602+00:00,187087748458583,109,ok,9.662,244d3e0a6d0000000000001a0000007d,0000000000001a000000
2026-10-04T12:59:55.969627+00:00,187087758212750,110,ok,9.933,244d3e076e97000000000000fe,97000000000000
2026-10-04T12:59:55.979796+00:00,187087768234250,118,ok,10.071,244d3e15760004000000000000000000000000000000000000a5c2,0004000000000000000000000000000000000000a5
2026-10-04T12:59:55.990105+00:00,187087778479041,120,ok,10.144,244d3efc78e803d007dc05640000ff00000000e803d007dc05640000ff00000000e803d007dc05640000ff00000000e803d007dc05640000ff00000000e803d007dc05640000ff00000000e803d007dc05640000ff00000000e803d007dc05640000ff00000000e803d007dc05640000ff00000000e803d007dc05640000ff00000000e803d007dc05640000ff00000000e803d007dc05640000ff00000000e803d007dc05640000ff00000000e803d007dc05640000ff00000000e803d007dc05640000ff00000000e803d007dc05640000ff00000000e803d007dc05640000ff00000000e803d007dc05640000ff00000000e803d007dc05640000ff0000000084,e803d007dc05640000ff00000000e803d007dc05640000ff00000000e803d007dc05640000ff00000000e803d007dc05640000ff00000000e803d007dc05640000ff00000000e803d007dc05640000ff00000000e803d007dc05640000ff00000000e803d007dc05640000ff00000000e803d007dc05640000ff00000000e803d007dc05640000ff00000000e803d007dc05640000ff00000000e803d007dc05640000ff00000000e803d007dc05640000ff00000000e803d007dc05640000ff00000000e803d007dc05640000ff00000000e803d007dc05640000ff00000000e803d007dc05640000ff00000000e803d007dc05640000ff00000000
2026-10-04T12:59:55.999752+00:00,187087788739666,151,ok,9.527,244d3e09970101010001010001009e,010101000101000100
2026-10-04T12:59:56.010201+00:00,187087798412375,166,ok,10.295,244d3e15a6780001000000000000007e0a00000f270f270f274adc,780001000000000000007e0a00000f270f270f274a
2026-10-04T12:59:56.885531+00:00,187088679884083,1,ok,4.164,244d3e030100020505,000205
2026-10-04T12:59:56.895627+00:00,187088684138625,2,ok,10.005,244d3e0402494e415616,494e4156
2026-10-04T12:59:56.905702+00:00,187088694265166,3,ok,9.950,244d3e030309010008,090100
2026-10-04T12:59:56.915979+00:00,187088704383958,4,ok,10.112,244d3e18044d373241000002010f4d414d4241463732325f323032324136,4d373241000002010f4d414d4241463732325f3230323241
2026-10-04T12:59:56.926029+00:00,187088714610041,101,ok,9.938,244d3e0b65f0033200cb000000008000e4,f0033200cb000000008000
2026-10-04T12:59:56.936065+00:00,187088724778583,106,ok,9.805,244d3e126a00000000000000000000efff000000000f2740,00000000000000000000efff000000000f27
2026-10-04T12:59:56.946299+00:00,187088734696750,107,ok,10.121,244d3e056b00000000016f,0000000001
2026-10-04T12:59:56.956346+00:00,187088744915583,108,ok,9.947,244d3e066c7700d8ff01003b,7700d8ff0100
2026-10-04T12:59:56.966605+00:00,187088754988250,109,ok,10.125,244d3e0a6d0000000000002300000044,00000000000023000000
2026-10-04T12:59:56.976766+00:00,187088765275541,110,ok,10.004,244d3e076e97000000000000fe,97000000000000
2026-10-04T12:59:56.986754+00:00,187088775439875,118,ok,9.830,244d3e15760004000000000000000000000000000000000000a5c2,0004000000000000000000000000000000000000a5
2026-10-04T12:59:56.997042+00:00,187088785409041,120,ok,10.144,244d3efc78e803d007dc05640000ff00000000e803d007dc05640000ff00000000e803d007dc05640000ff00000000e803d007dc05640000ff00000000e803d007dc05640000ff00000000e803d007dc05640000ff00000000e803d007dc05640000ff00000000e803d007dc05640000ff00000000e803d007dc05640000ff00000000e803d007dc05640000ff00000000e803d007dc05640000ff00000000e803d007dc05640000ff00000000e803d007dc05640000ff00000000e803d007dc05640000ff00000000e803d007dc05640000ff00000000e803d007dc05640000ff00000000e803d007dc05640000ff00000000e803d007dc05640000ff0000000084,e803d007dc05640000ff00000000e803d007dc05640000ff00000000e803d007dc05640000ff00000000e803d007dc05640000ff00000000e803d007dc05640000ff00000000e803d007dc05640000ff00000000e803d007dc05640000ff00000000e803d007dc05640000ff00000000e803d007dc05640000ff00000000e803d007dc05640000ff00000000e803d007dc05640000ff00000000e803d007dc05640000ff00000000e803d007dc05640000ff00000000e803d007dc05640000ff00000000e803d007dc05640000ff00000000e803d007dc05640000ff00000000e803d007dc05640000ff00000000e803d007dc05640000ff00000000
2026-10-04T12:59:57.006889+00:00,187088795761500,151,ok,9.641,244d3e09970101010001010001009e,010101000101000100
2026-10-04T12:59:57.016795+00:00,187088805552458,166,ok,9.760,244d3e15a6780001000000000000008e0a00000f270f270f274a2c,780001000000000000008e0a00000f270f270f274a
2026-10-04T12:59:57.892697+00:00,187089681703000,1,ok,9.508,244d3e030100020505,000205
2026-10-04T12:59:57.902694+00:00,187089691376541,2,ok,9.832,244d3e0402494e415616,494e4156
2026-10-04T12:59:57.912702+00:00,187089701360208,3,ok,9.856,244d3e030309010008,090100
2026-10-04T12:59:57.922680+00:00,187089711360875,4,ok,9.839,244d3e18044d373241000002010f4d414d4241463732325f323032324136,4d373241000002010f4d414d4241463732325f3230323241
2026-10-04T12:59:57.932901+00:00,187089721307291,101,ok,10.105,244d3e0b65f5033200cb000000008000e1,f5033200cb000000008000
2026-10-04T12:59:57.942862+00:00,187089731576375,106,ok,9.794,244d3e126a00000000000000000000efff000000000f2740,00000000000000000000efff000000000f27
2026-10-04T12:59:57.952759+00:00,187089741557250,107,ok,9.718,244d3e056b00000000016f,0000000001
2026-10-04T12:59:57.963158+00:00,187089751423125,108,ok,10.247,244d3e066c7700d8ff01003b,7700d8ff0100
2026-10-04T12:59:57.973370+00:00,187089761817791,109,ok,10.066,244d3e0a6d0000000000002300000044,00000000000023000000
2026-10-04T12:59:57.983136+00:00,187089772054541,110,ok,9.598,244d3e076e97000000000000fe,97000000000000
2026-10-04T12:59:57.993245+00:00,187089781782708,118,ok,9.974,244d3e15760004000000000000000000000000000000000000a5c2,0004000000000000000000000000000000000000a5
2026-10-04T12:59:58.003385+00:00,187089791922958,120,ok,9.980,244d3efc78e803d007dc05640000ff00000000e803d007dc05640000ff00000000e803d007dc05640000ff00000000e803d007dc05640000ff00000000e803d007dc05640000ff00000000e803d007dc05640000ff00000000e803d007dc05640000ff00000000e803d007dc05640000ff00000000e803d007dc05640000ff00000000e803d007dc05640000ff00000000e803d007dc05640000ff00000000e803d007dc05640000ff00000000e803d007dc05640000ff00000000e803d007dc05640000ff00000000e803d007dc05640000ff00000000e803d007dc05640000ff00000000e803d007dc05640000ff00000000e803d007dc05640000ff0000000084,e803d007dc05640000ff00000000e803d007dc05640000ff00000000e803d007dc05640000ff00000000e803d007dc05640000ff00000000e803d007dc05640000ff00000000e803d007dc05640000ff00000000e803d007dc05640000ff00000000e803d007dc05640000ff00000000e803d007dc05640000ff00000000e803d007dc05640000ff00000000e803d007dc05640000ff00000000e803d007dc05640000ff00000000e803d007dc05640000ff00000000e803d007dc05640000ff00000000e803d007dc05640000ff00000000e803d007dc05640000ff00000000e803d007dc05640000ff00000000e803d007dc05640000ff00000000
2026-10-04T12:59:58.013236+00:00,187089802052708,151,ok,9.701,244d3e09970101010001010001009e,010101000101000100
2026-10-04T12:59:58.023250+00:00,187089811868208,166,ok,9.899,244d3e15a6780001000000000000009e0a00000f270f270f274a3c,780001000000000000009e0a00000f270f270f274a
2026-10-04T12:59:58.898507+00:00,187090686760833,1,ok,10.261,244d3e030100020505,000205
2026-10-04T12:59:58.908646+00:00,187090697177583,2,ok,9.987,244d3e0402494e415616,494e4156
2026-10-04T12:59:58.918483+00:00,187090707290333,3,ok,9.713,244d3e030309010008,090100
2026-10-04T12:59:58.928879+00:00,187090717121666,4,ok,10.275,244d3e18044d373241000002010f4d414d4241463732325f323032324136,4d373241000002010f4d414d4241463732325f3230323241
2026-10-04T12:59:58.938923+00:00,187090727557666,101,ok,9.878,244d3e0b65f4033200cb000000008000e0,f4033200cb000000008000
2026-10-04T12:59:58.948896+00:00,187090737664958,106,ok,9.749,244d3e126a00000000000000000000efff000000000f2740,00000000000000000000efff000000000f27
2026-10-04T12:59:58.959223+00:00,187090747554708,107,ok,10.185,244d3e056b00000000016f,0000000001
2026-10-04T12:59:58.969217+00:00,187090757889750,108,ok,9.847,244d3e066c7700d8ff01003b,7700d8ff0100
2026-10-04T12:59:58.979329+00:00,187090767864166,109,ok,9.979,244d3e0a6d0000000000002300000044,00000000000023000000
2026-10-04T12:59:58.989654+00:00,187090778020416,110,ok,10.150,244d3e076e97000000000000fe,97000000000000
2026-10-04T12:59:58.999582+00:00,187090788340458,118,ok,9.754,244d3e15760004000000000000000000000000000000000000a5c2,0004000000000000000000000000000000000000a5
2026-10-04T12:59:59.009900+00:00,187090798238708,120,ok,10.174,244d3efc78e803d007dc05640000ff00000000e803d007dc05640000ff00000000e803d007dc05640000ff00000000e803d007dc05640000ff00000000e803d007dc05640000ff00000000e803d007dc05640000ff00000000e803d007dc05640000ff00000000e803d007dc05640000ff00000000e803d007dc05640000ff00000000e803d007dc05640000ff00000000e803d007dc05640000ff00000000e803d007dc05640000ff00000000e803d007dc05640000ff00000000e803d007dc05640000ff00000000e803d007dc05640000ff00000000e803d007dc05640000ff00000000e803d007dc05640000ff00000000e803d007dc05640000ff0000000084,e803d007dc05640000ff00000000e803d007dc05640000ff00000000e803d007dc05640000ff00000000e803d007dc05640000ff00000000e803d007dc05640000ff00000000e803d007dc05640000ff00000000e803d007dc05640000ff00000000e803d007dc05640000ff00000000e803d007dc05640000ff00000000e803d007dc05640000ff00000000e803d007dc05640000ff00000000e803d007dc05640000ff00000000e803d007dc05640000ff00000000e803d007dc05640000ff00000000e803d007dc05640000ff00000000e803d007dc05640000ff00000000e803d007dc05640000ff00000000e803d007dc05640000ff00000000
2026-10-04T12:59:59.019730+00:00,187090808619666,151,ok,9.622,244d3e09970101010001010001009e,010101000101000100
2026-10-04T12:59:59.029626+00:00,187090818433541,166,ok,9.710,244d3e15a678000100000000000000ae0a00000f270f270f274a0c,78000100000000000000ae0a00000f270f270f274a
2026-10-04T12:59:59.902423+00:00,187091691420791,1,ok,9.517,244d3e030100020505,000205
2026-10-04T12:59:59.912507+00:00,187091701042875,2,ok,9.977,244d3e0402494e415616,494e4156
2026-10-04T12:59:59.922467+00:00,187091711150625,3,ok,9.837,244d3e030309010008,090100
2026-10-04T12:59:59.932525+00:00,187091721107416,4,ok,9.938,244d3e18044d373241000002010f4d414d4241463732325f323032324136,4d373241000002010f4d414d4241463732325f3230323241
2026-10-04T12:59:59.942483+00:00,187091731172375,101,ok,9.834,244d3e0b65f1033200cb000000008000e5,f1033200cb000000008000
2026-10-04T12:59:59.952539+00:00,187091741103708,106,ok,9.957,244d3e126a00000000000000000000efff000000000f2740,00000000000000000000efff000000000f27
2026-10-04T12:59:59.962547+00:00,187091751166791,107,ok,9.901,244d3e056b00000000016f,0000000001
2026-10-04T12:59:59.973162+00:00,187091761384833,108,ok,10.299,244d3e066c7700d8ff01003b,7700d8ff0100
2026-10-04T12:59:59.982582+00:00,187091771803166,109,ok,9.301,244d3e0a6d0000000000002300000044,00000000000023000000
2026-10-04T12:59:59.992618+00:00,187091781213708,110,ok,9.928,244d3e076e97000000000000fe,97000000000000
2026-10-04T13:00:00.002615+00:00,187091791233791,118,ok,9.904,244d3e15760004000000000000000000000000000000000000a5c2,0004000000000000000000000000000000000000a5
2026-10-04T13:00:00.012801+00:00,187091801238041,120,ok,10.089,244d3efc78e803d007dc05640000ff00000000e803d007dc05640000ff00000000e803d007dc05640000ff00000000e803d007dc05640000ff00000000e803d007dc05640000ff00000000e803d007dc05640000ff00000000e803d007dc05640000ff00000000e803d007dc05640000ff00000000e803d007dc05640000ff00000000e803d007dc05640000ff00000000e803d007dc05640000ff00000000e803d007dc05640000ff00000000e803d007dc05640000ff00000000e803d007dc05640000ff00000000e803d007dc05640000ff00000000e803d007dc05640000ff00000000e803d007dc05640000ff00000000e803d007dc05640000ff0000000084,e803d007dc05640000ff00000000e803d007dc05640000ff00000000e803d007dc05640000ff00000000e803d007dc05640000ff00000000e803d007dc05640000ff00000000e803d007dc05640000ff00000000e803d007dc05640000ff00000000e803d007dc05640000ff00000000e803d007dc05640000ff00000000e803d007dc05640000ff00000000e803d007dc05640000ff00000000e803d007dc05640000ff00000000e803d007dc05640000ff00000000e803d007dc05640000ff00000000e803d007dc05640000ff00000000e803d007dc05640000ff00000000e803d007dc05640000ff00000000e803d007dc05640000ff00000000
2026-10-04T13:00:00.022689+00:00,187091811413291,151,ok,9.797,244d3e09970101010001010001009e,010101000101000100
2026-10-04T13:00:00.032805+00:00,187091821322833,166,ok,10.000,244d3e15a679000100000000000000be0a00000f270f270f274a1d,79000100000000000000be0a00000f270f270f274a
2026-10-04T13:00:00.905135+00:00,187092694986291,1,ok,8.671,244d3e030100020505,000205
2026-10-04T13:00:00.915207+00:00,187092703749666,2,ok,9.982,244d3e0402494e415616,494e4156
2026-10-04T13:00:00.925314+00:00,187092713834458,3,ok,9.998,244d3e030309010008,090100
2026-10-04T13:00:00.935234+00:00,187092724011958,4,ok,9.748,244d3e18044d373241000002010f4d414d4241463732325f323032324136,4d373241000002010f4d414d4241463732325f3230323241
2026-10-04T13:00:00.945516+00:00,187092733855125,101,ok,10.183,244d3e0b65fb033200cb000000008000ef,fb033200cb000000008000
2026-10-04T13:00:00.955267+00:00,187092744227000,106,ok,9.567,244d3e126a00000000000000000000efff000000000f2740,00000000000000000000efff000000000f27
2026-10-04T13:00:00.965288+00:00,187092753873583,107,ok,9.938,244d3e056b00000000016f,0000000001
2026-10-04T13:00:00.975313+00:00,187092763900625,108,ok,9.938,244d3e066c7600d8ff01003a,7600d8ff0100
2026-10-04T13:00:00.985350+00:00,187092773924166,109,ok,9.950,244d3e0a6d0000000000002300000044,00000000000023000000
2026-10-04T13:00:00.995731+00:00,187092783968833,110,ok,10.285,244d3e076e97000000000000fe,97000000000000
2026-10-04T13:00:01.005682+00:00,187092794362416,118,ok,9.846,244d3e15760004000000000000000000000000000000000000a5c2,0004000000000000000000000000000000000000a5
2026-10-04T13:00:01.015998+00:00,187092804286458,120,ok,10.236,244d3efc78e803d007dc05640000ff00000000e803d007dc05640000ff00000000e803d007dc05640000ff00000000e803d007dc05640000ff00000000e803d007dc05640000ff00000000e803d007dc05640000ff00000000e803d007dc05640000ff00000000e803d007dc05640000ff00000000e803d007dc05640000ff00000000e803d007dc05640000ff00000000e803d007dc05640000ff00000000e803d007dc05640000ff00000000e803d007dc05640000ff00000000e803d007dc05640000ff00000000e803d007dc05640000ff00000000e803d007dc05640000ff00000000e803d007dc05640000ff00000000e803d007dc05640000ff0000000084,e803d007dc05640000ff00000000e803d007dc05640000ff00000000e803d007dc05640000ff00000000e803d007dc05640000ff00000000e803d007dc05640000ff00000000e803d007dc05640000ff00000000e803d007dc05640000ff00000000e803d007dc05640000ff00000000e803d007dc05640000ff00000000e803d007dc05640000ff00000000e803d007dc05640000ff00000000e803d007dc05640000ff00000000e803d007dc05640000ff00000000e803d007dc05640000ff00000000e803d007dc05640000ff00000000e803d007dc05640000ff00000000e803d007dc05640000ff00000000e803d007dc05640000ff00000000
2026-10-04T13:00:01.026136+00:00,187092814660750,151,ok,9.995,244d3e09970101010001010001009e,010101000101000100
2026-10-04T13:00:01.036124+00:00,187092824804916,166,ok,9.841,244d3e15a68c000100000000000000cf0a00000f270f270f274a99,8c000100000000000000cf0a00000f270f270f274a
2026-10-04T13:00:01.898855+00:00,187093696836291,1,ok,0.540,244d3e030100020505,000205
2026-10-04T13:00:01.909268+00:00,187093697512250,2,ok,10.269,244d3e0402494e415616,494e4156
2026-10-04T13:00:01.918946+00:00,187093707932916,3,ok,9.537,244d3e030309010008,090100
2026-10-04T13:00:01.929001+00:00,187093717632375,4,ok,9.890,244d3e18044d373241000002010f4d414d4241463732325f323032324136,4d373241000002010f4d414d4241463732325f3230323241
2026-10-04T13:00:01.939098+00:00,187093727682916,101,ok,9.938,244d3e0b65fb033200cb000000008000ef,fb033200cb000000008000
2026-10-04T13:00:01.949145+00:00,187093737778750,106,ok,9.885,244d3e126a00000000000000000000efff000000000f2740,00000000000000000000efff000000000f27
2026-10-04T13:00:01.959031+00:00,187093747852750,107,ok,9.702,244d3e056b00000000016f,0000000001
2026-10-04T13:00:01.969287+00:00,187093757662083,108,ok,10.146,244d3e066c7700d8ff01003b,7700d8ff0100
2026-10-04T13:00:01.979064+00:00,187093767951750,109,ok,9.622,244d3e0a6d0000000000002300000044,00000000000023000000
2026-10-04T13:00:01.989127+00:00,187093777786333,110,ok,9.862,244d3e076e97000000000000fe,97000000000000
2026-10-04T13:00:01.999454+00:00,187093787800875,118,ok,10.177,244d3e15760004000000000000000000000000000000000000a5c2,0004000000000000000000000000000000000000a5
2026-10-04T13:00:02.009391+00:00,187093798116250,120,ok,9.803,244d3efc78e803d007dc05640000ff00000000e803d007dc05640000ff00000000e803d007dc05640000ff00000000e803d007dc05640000ff00000000e803d007dc05640000ff00000000e803d007dc05640000ff00000000e803d007dc05640000ff00000000e803d007dc05640000ff00000000e803d007dc05640000ff00000000e803d007dc05640000ff00000000e803d007dc05640000ff00000000e803d007dc05640000ff00000000e803d007dc05640000ff00000000e803d007dc05640000ff00000000e803d007dc05640000ff00000000e803d007dc05640000ff00000000e803d007dc05640000ff00000000e803d007dc05640000ff0000000084,e803d007dc05640000ff00000000e803d007dc05640000ff00000000e803d007dc05640000ff00000000e803d007dc05640000ff00000000e803d007dc05640000ff00000000e803d007dc05640000ff00000000e803d007dc05640000ff00000000e803d007dc05640000ff00000000e803d007dc05640000ff00000000e803d007dc05640000ff00000000e803d007dc05640000ff00000000e803d007dc05640000ff00000000e803d007dc05640000ff00000000e803d007dc05640000ff00000000e803d007dc05640000ff00000000e803d007dc05640000ff00000000e803d007dc05640000ff00000000e803d007dc05640000ff00000000
2026-10-04T13:00:02.019466+00:00,187093807997958,151,ok,9.991,244d3e09970101010001010001009e,010101000101000100
2026-10-04T13:00:02.029472+00:00,187093818183708,166,ok,9.813,244d3e15a678000100000000000000df0a00000f270f270f274a7d,78000100000000000000df0a00000f270f270f274a
2026-10-04T13:00:02.905388+00:00,187094701944791,1,ok,1.967,244d3e030100020505,000205
2026-10-04T13:00:02.914699+00:00,187094704034083,2,ok,9.193,244d3e0402494e415616,494e4156
2026-10-04T13:00:02.924726+00:00,187094713335833,3,ok,9.915,244d3e030309010008,090100
2026-10-04T13:00:02.934826+00:00,187094723393375,4,ok,9.955,244d3e18044d373241000002010f4d414d4241463732325f323032324136,4d373241000002010f4d414d4241463732325f3230323241
2026-10-04T13:00:02.945146+00:00,187094733513041,101,ok,10.156,244d3e0b65f7033200cb000000008000e3,f7033200cb000000008000
2026-10-04T13:00:02.955162+00:00,187094743810791,106,ok,9.876,244d3e126a00000000000000000000efff000000000f2740,00000000000000000000efff000000000f27
2026-10-04T13:00:02.965185+00:00,187094753847041,107,ok,9.861,244d3e056b00000000016f,0000000001
2026-10-04T13:00:02.975113+00:00,187094763878583,108,ok,9.761,244d3e066c7700d8ff01003b,7700d8ff0100
2026-10-04T13:00:02.985159+00:00,187094773745833,109,ok,9.939,244d3e0a6d0000000000002300000044,00000000000023000000
2026-10-04T13:00:02.995242+00:00,187094783806833,110,ok,9.950,244d3e076e97000000000000fe,97000000000000
2026-10-04T13:00:03.005198+00:00,187094793911291,118,ok,9.814,244d3e15760004000000000000000000000000000000000000a5c2,0004000000000000000000000000000000000000a5
2026-10-04T13:00:03.015414+00:00,187094803839791,120,ok,10.102,244d3efc78e803d007dc05640000ff00000000e803d007dc05640000ff00000000e803d007dc05640000ff00000000e803d007dc05640000ff00000000e803d007dc05640000ff00000000e803d007dc05640000ff00000000e803d007dc05640000ff00000000e803d007dc05640000ff00000000e803d007dc05640000ff00000000e803d007dc05640000ff00000000e803d007dc05640000ff00000000e803d007dc05640000ff00000000e803d007dc05640000ff00000000e803d007dc05640000ff00000000e803d007dc05640000ff00000000e803d007dc05640000ff00000000e803d007dc05640000ff00000000e803d007dc05640000ff0000000084,e803d007dc05640000ff00000000e803d007dc05640000ff00000000e803d007dc05640000ff00000000e803d007dc05640000ff00000000e803d007dc05640000ff00000000e803d007dc05640000ff00000000e803d007dc05640000ff00000000e803d007dc05640000ff00000000e803d007dc05640000ff00000000e803d007dc05640000ff00000000e803d007dc05640000ff00000000e803d007dc05640000ff00000000e803d007dc05640000ff00000000e803d007dc05640000ff00000000e803d007dc05640000ff00000000e803d007dc05640000ff00000000e803d007dc05640000ff00000000e803d007dc05640000ff00000000
2026-10-04T13:00:03.025294+00:00,187094814068083,151,ok,9.751,244d3e09970101010001010001009e,010101000101000100
2026-10-04T13:00:03.035303+00:00,187094823967958,166,ok,9.861,244d3e15a678000100000000000000ef0a00000f270f270f274a4d,78000100000000000000ef0a00000f270f270f274a
2026-10-04T13:00:03.908315+00:00,187095703334416,1,ok,3.508,244d3e030100020505,000205
2026-10-04T13:00:03.918382+00:00,187095706936708,2,ok,9.973,244d3e0402494e415616,494e4156
2026-10-04T13:00:03.928450+00:00,187095717024791,3,ok,9.953,244d3e030309010008,090100
2026-10-04T13:00:03.938423+00:00,187095727102583,4,ok,9.849,244d3e18044d373241000002010f4d414d4241463732325f323032324136,4d373241000002010f4d414d4241463732325f3230323241
2026-10-04T13:00:03.948540+00:00,187095737060541,101,ok,10.001,244d3e0b65fc033200cb000000008000e8,fc033200cb000000008000
2026-10-04T13:00:03.958511+00:00,187095747224208,106,ok,9.813,244d3e126a00000000000000000000efff000000000f2740,00000000000000000000efff000000000f27
2026-10-04T13:00:03.968621+00:00,187095757151708,107,ok,9.989,244d3e056b00000000016f,0000000001
2026-10-04T13:00:03.978597+00:00,187095767327833,108,ok,9.793,244d3e066c7700d8ff01003b,7700d8ff0100
2026-10-04T13:00:03.988592+00:00,187095777270625,109,ok,9.839,244d3e0a6d0000000000002300000044,00000000000023000000
2026-10-04T13:00:03.998647+00:00,187095787327791,110,ok,9.845,244d3e076e97000000000000fe,97000000000000
2026-10-04T13:00:04.008623+00:00,187095797314541,118,ok,9.835,244d3e15760004000000000000000000000000000000000000a5c2,0004000000000000000000000000000000000000a5
2026-10-04T13:00:04.018905+00:00,187095807276041,120,ok,10.150,244d3efc78e803d007dc05640000ff00000000e803d007dc05640000ff00000000e803d007dc05640000ff00000000e803d007dc05640000ff00000000e803d007dc05640000ff00000000e803d007dc05640000ff00000000e803d007dc05640000ff00000000e803d007dc05640000ff00000000e803d007dc05640000ff00000000e803d007dc05640000ff00000000e803d007dc05640000ff00000000e803d007dc05640000ff00000000e803d007dc05640000ff00000000e803d007dc05640000ff00000000e803d007dc05640000ff00000000e803d007dc05640000ff00000000e803d007dc05640000ff00000000e803d007dc05640000ff0000000084,e803d007dc05640000ff00000000e803d007dc05640000ff00000000e803d007dc05640000ff00000000e803d007dc05640000ff00000000e803d007dc05640000ff00000000e803d007dc05640000ff00000000e803d007dc05640000ff00000000e803d007dc05640000ff00000000e803d007dc05640000ff00000000e803d007dc05640000ff00000000e803d007dc05640000ff00000000e803d007dc05640000ff00000000e803d007dc05640000ff00000000e803d007dc05640000ff00000000e803d007dc05640000ff00000000e803d007dc05640000ff00000000e803d007dc05640000ff00000000e803d007dc05640000ff00000000
2026-10-04T13:00:04.028683+00:00,187095817685208,151,ok,9.523,244d3e09970101010001010001009e,010101000101000100
2026-10-04T13:00:04.039119+00:00,187095827344750,166,ok,10.299,244d3e15a678000100000000000000ff0a00000f270f270f274a5d,78000100000000000000ff0a00000f270f270f274a
2026-10-04T13:00:04.912651+00:00,187096708358041,1,ok,2.822,244d3e030100020505,000205
2026-10-04T13:00:04.922743+00:00,187096711313166,2,ok,9.956,244d3e0402494e415616,494e4156
2026-10-04T13:00:04.932737+00:00,187096721431750,3,ok,9.833,244d3e030309010008,090100
2026-10-04T13:00:04.942728+00:00,187096731403458,4,ok,9.856,244d3e18044d373241000002010f4d414d4241463732325f323032324136,4d373241000002010f4d414d4241463732325f3230323241
2026-10-04T13:00:04.952943+00:00,187096741373833,101,ok,10.092,244d3e0b65f6033200cb000000008000e2,f6033200cb000000008000
2026-10-04T13:00:04.962860+00:00,187096751664750,106,ok,9.721,244d3e126a00000000000000000000efff000000000f2740,00000000000000000000efff000000000f27
2026-10-04T13:00:04.972778+00:00,187096761545208,107,ok,9.763,244d3e056b00000000016f,0000000001
2026-10-04T13:00:04.982807+00:00,187096771481458,108,ok,9.856,244d3e066c7600d8ff01003a,7600d8ff0100
2026-10-04T13:00:04.992837+00:00,187096781451000,109,ok,9.917,244d3e0a6d0000000000002b0000004c,0000000000002b000000
2026-10-04T13:00:05.002996+00:00,187096791491166,110,ok,10.033,244d3e076e97000000000000fe,97000000000000
2026-10-04T13:00:05.013068+00:00,187096801681708,118,ok,9.917,244d3e15760004000000000000000000000000000000000000a5c2,0004000000000000000000000000000000000000a5
2026-10-04T13:00:05.023206+00:00,187096811720291,120,ok,10.015,244d3efc78e803d007dc05640000ff00000000e803d007dc05640000ff00000000e803d007dc05640000ff00000000e803d007dc05640000ff00000000e803d007dc05640000ff00000000e803d007dc05640000ff00000000e803d007dc05640000ff00000000e803d007dc05640000ff00000000e803d007dc05640000ff00000000e803d007dc05640000ff00000000e803d007dc05640000ff00000000e803d007dc05640000ff00000000e803d007dc05640000ff00000000e803d007dc05640000ff00000000e803d007dc05640000ff00000000e803d007dc05640000ff00000000e803d007dc05640000ff00000000e803d007dc05640000ff0000000084,e803d007dc05640000ff00000000e803d007dc05640000ff00000000e803d007dc05640000ff00000000e803d007dc05640000ff00000000e803d007dc05640000ff00000000e803d007dc05640000ff00000000e803d007dc05640000ff00000000e803d007dc05640000ff00000000e803d007dc05640000ff00000000e803d007dc05640000ff00000000e803d007dc05640000ff00000000e803d007dc05640000ff00000000e803d007dc05640000ff00000000e803d007dc05640000ff00000000e803d007dc05640000ff00000000e803d007dc05640000ff00000000e803d007dc05640000ff00000000e803d007dc05640000ff00000000
2026-10-04T13:00:05.032978+00:00,187096821879416,151,ok,9.626,244d3e09970101010001010001009e,010101000101000100
2026-10-04T13:00:05.043051+00:00,187096831625833,166,ok,9.953,244d3e15a6780001000000000000000f0b00000f270f270f274aac,780001000000000000000f0b00000f270f270f274a
2026-10-04T13:00:05.916092+00:00,187097712659125,1,ok,1.962,244d3e030100020505,000205
2026-10-04T13:00:05.926110+00:00,187097714769458,2,ok,9.868,244d3e0402494e415616,494e4156
2026-10-04T13:00:05.936330+00:00,187097724770750,3,ok,10.083,244d3e030309010008,090100
2026-10-04T13:00:05.946280+00:00,187097735045541,4,ok,9.755,244d3e18044d373241000002010f4d414d4241463732325f323032324136,4d373241000002010f4d414d4241463732325f3230323241
2026-10-04T13:00:05.956546+00:00,187097745018583,101,ok,10.050,244d3e0b65f3033200cb000000008000e7,f3033200cb000000008000
2026-10-04T13:00:05.966549+00:00,187097755270583,106,ok,9.810,244d3e126a00000000000000000000efff000000000f2740,00000000000000000000efff000000000f27
2026-10-04T13:00:05.976593+00:00,187097765225291,107,ok,9.876,244d3e056b00000000016f,0000000001
2026-10-04T13:00:05.986537+00:00,187097775450625,108,ok,9.617,244d3e066c7600d8ff020039,7600d8ff0200
2026-10-04T13:00:05.997052+00:00,187097785209958,109,ok,10.361,244d3e0a6d0000000000002b0000004c,0000000000002b000000
2026-10-04T13:00:06.006653+00:00,187097795854000,110,ok,9.325,244d3e076e97000000000000fe,97000000000000
2026-10-04T13:00:06.016625+00:00,187097805360458,118,ok,9.793,244d3e15760004000000000000000000000000000000000000a5c2,0004000000000000000000000000000000000000a5
2026-10-04T13:00:06.026815+00:00,187097815301000,120,ok,10.046,244d3efc78e803d007dc05640000ff00000000e803d007dc05640000ff00000000e803d007dc05640000ff00000000e803d007dc05640000ff00000000e803d007dc05640000ff00000000e803d007dc05640000ff00000000e803d007dc05640000ff00000000e803d007dc05640000ff00000000e803d007dc05640000ff00000000e803d007dc05640000ff00000000e803d007dc05640000ff00000000e803d007dc05640000ff00000000e803d007dc05640000ff00000000e803d007dc05640000ff00000000e803d007dc05640000ff00000000e803d007dc05640000ff00000000e803d007dc05640000ff00000000e803d007dc05640000ff0000000084,e803d007dc05640000ff00000000e803d007dc05640000ff00000000e803d007dc05640000ff00000000e803d007dc05640000ff00000000e803d007dc05640000ff00000000e803d007dc05640000ff00000000e803d007dc05640000ff00000000e803d007dc05640000ff00000000e803d007dc05640000ff00000000e803d007dc05640000ff00000000e803d007dc05640000ff00000000e803d007dc05640000ff00000000e803d007dc05640000ff00000000e803d007dc05640000ff00000000e803d007dc05640000ff00000000e803d007dc05640000ff00000000e803d007dc05640000ff00000000e803d007dc05640000ff00000000
2026-10-04T13:00:06.036696+00:00,187097825489625,151,ok,9.734,244d3e09970101010001010001009e,010101000101000100
2026-10-04T13:00:06.046689+00:00,187097835456375,166,ok,9.764,244d3e15a678000100000000000000200b00000f270f270f274a83,78000100000000000000200b00000f270f270f274a
2026-10-04T13:00:06.921820+00:00,187098715965416,1,ok,4.385,244d3e030100020505,000205
2026-10-04T13:00:06.931860+00:00,187098720460958,2,ok,9.934,244d3e0402494e415616,494e4156
2026-10-04T13:00:06.941914+00:00,187098730493083,3,ok,9.952,244d3e030309010008,090100
2026-10-04T13:00:06.951995+00:00,187098740572083,4,ok,9.954,244d3e18044d373241000002010f4d414d4241463732325f323032324136,4d373241000002010f4d414d4241463732325f3230323241
2026-10-04T13:00:06.962036+00:00,187098750683250,101,ok,9.885,244d3e0b650e043200cb0000000080001d,0e043200cb000000008000
2026-10-04T13:00:06.972184+00:00,187098760688208,106,ok,10.024,244d3e126a00000000000000000000efff000000000f2740,00000000000000000000efff000000000f27
2026-10-04T13:00:06.982407+00:00,187098770888375,107,ok,10.043,244d3e056b00000000016f,0000000001
2026-10-04T13:00:06.992383+00:00,187098781139250,108,ok,9.771,244d3e066c7600d8ff020039,7600d8ff0200
2026-10-04T13:00:07.002329+00:00,187098791095625,109,ok,9.767,244d3e0a6d0000000000002b0000004c,0000000000002b000000
2026-10-04T13:00:07.012520+00:00,187098800974250,110,ok,10.070,244d3e076e97000000000000fe,97000000000000
2026-10-04T13:00:07.022433+00:00,187098811244500,118,ok,9.720,244d3e15760004000000000000000000000000000000000000a5c2,0004000000000000000000000000000000000000a5
2026-10-04T13:00:07.032699+00:00,187098821108541,120,ok,10.118,244d3efc78e803d007dc05640000ff00000000e803d007dc05640000ff00000000e803d007dc05640000ff00000000e803d007dc05640000ff00000000e803d007dc05640000ff00000000e803d007dc05640000ff00000000e803d007dc05640000ff00000000e803d007dc05640000ff00000000e803d007dc05640000ff00000000e803d007dc05640000ff00000000e803d007dc05640000ff00000000e803d007dc05640000ff00000000e803d007dc05640000ff00000000e803d007dc05640000ff00000000e803d007dc05640000ff00000000e803d007dc05640000ff00000000e803d007dc05640000ff00000000e803d007dc05640000ff0000000084,e803d007dc05640000ff00000000e803d007dc05640000ff00000000e803d007dc05640000ff00000000e803d007dc05640000ff00000000e803d007dc05640000ff00000000e803d007dc05640000ff00000000e803d007dc05640000ff00000000e803d007dc05640000ff00000000e803d007dc05640000ff00000000e803d007dc05640000ff00000000e803d007dc05640000ff00000000e803d007dc05640000ff00000000e803d007dc05640000ff00000000e803d007dc05640000ff00000000e803d007dc05640000ff00000000e803d007dc05640000ff00000000e803d007dc05640000ff00000000e803d007dc05640000ff00000000
2026-10-04T13:00:07.042764+00:00,187098831438416,151,ok,9.749,244d3e09970101010001010001009e,010101000101000100
2026-10-04T13:00:07.052541+00:00,187098841486041,166,ok,9.582,244d3e15a68d000100000000000000300b00000f270f270f274a66,8d000100000000000000300b00000f270f270f274a
2026-10-04T13:00:07.924638+00:00,187099721029708,1,ok,2.140,244d3e030100020505,000205
2026-10-04T13:00:07.934722+00:00,187099723295458,2,ok,9.956,244d3e0402494e415616,494e4156
2026-10-04T13:00:07.944785+00:00,187099733415000,3,ok,9.902,244d3e030309010008,090100
2026-10-04T13:00:07.954666+00:00,187099743526333,4,ok,9.676,244d3e18044d373241000002010f4d414d4241463732325f323032324136,4d373241000002010f4d414d4241463732325f3230323241
2026-10-04T13:00:07.964768+00:00,187099753288625,101,ok,10.012,244d3e0b650a043200cb00000000800019,0a043200cb000000008000
2026-10-04T13:00:07.974757+00:00,187099763449208,106,ok,9.843,244d3e126a00000000000000000000efff000000000f2740,00000000000000000000efff000000000f27
2026-10-04T13:00:07.984742+00:00,187099773410541,107,ok,9.867,244d3e056b00000000016f,0000000001
2026-10-04T13:00:07.994780+00:00,187099783360125,108,ok,9.954,244d3e066c7600d8ff020039,7600d8ff0200
2026-10-04T13:00:08.005446+00:00,187099793428541,109,ok,10.552,244d3e0a6d0000000000002300000044,00000000000023000000
2026-10-04T13:00:08.015131+00:00,187099804107958,110,ok,9.560,244d3e076e97000000000000fe,97000000000000
2026-10-04T13:00:08.025113+00:00,187099813757000,118,ok,9.895,244d3e15760004000000000000000000000000000000000000a5c2,0004000000000000000000000000000000000000a5
2026-10-04T13:00:08.035432+00:00,187099823761333,120,ok,10.204,244d3efc78e803d007dc05640000ff00000000e803d007dc05640000ff00000000e803d007dc05640000ff00000000e803d007dc05640000ff00000000e803d007dc05640000ff00000000e803d007dc05640000ff00000000e803d007dc05640000ff00000000e803d007dc05640000ff00000000e803d007dc05640000ff00000000e803d007dc05640000ff00000000e803d007dc05640000ff00000000e803d007dc05640000ff00000000e803d007dc05640000ff00000000e803d007dc05640000ff00000000e803d007dc05640000ff00000000e803d007dc05640000ff00000000e803d007dc05640000ff00000000e803d007dc05640000ff0000000084,e803d007dc05640000ff00000000e803d007dc05640000ff00000000e803d007dc05640000ff00000000e803d007dc05640000ff00000000e803d007dc05640000ff00000000e803d007dc05640000ff00000000e803d007dc05640000ff00000000e803d007dc05640000ff00000000e803d007dc05640000ff00000000e803d007dc05640000ff00000000e803d007dc05640000ff00000000e803d007dc05640000ff00000000e803d007dc05640000ff00000000e803d007dc05640000ff00000000e803d007dc05640000ff00000000e803d007dc05640000ff00000000e803d007dc05640000ff00000000e803d007dc05640000ff00000000
2026-10-04T13:00:08.045232+00:00,187099834168708,151,ok,9.597,244d3e09970101010001010001009e,010101000101000100
2026-10-04T13:00:08.055182+00:00,187099843849000,166,ok,9.870,244d3e15a68d000100000000000000400b00000f270f270f274a16,8d000100000000000000400b00000f270f270f274a
2026-10-04T13:00:08.927779+00:00,187100722677916,1,ok,3.637,244d3e030100020505,000205
2026-10-04T13:00:08.937778+00:00,187100726427916,2,ok,9.880,244d3e0402494e415616,494e4156
2026-10-04T13:00:08.947735+00:00,187100736470166,3,ok,9.802,244d3e030309010008,090100
2026-10-04T13:00:08.957880+00:00,187100746377916,4,ok,10.029,244d3e18044d373241000002010f4d414d4241463732325f323032324136,4d373241000002010f4d414d4241463732325f3230323241
2026-10-04T13:00:08.967947+00:00,187100756581375,101,ok,9.900,244d3e0b65ee033200cb000000008000fa,ee033200cb000000008000
2026-10-04T13:00:08.977863+00:00,187100766597208,106,ok,9.796,244d3e126a00000000000000000000efff000000000f2740,00000000000000000000efff000000000f27
2026-10-04T13:00:08.987820+00:00,187100776559083,107,ok,9.798,244d3e056b00000000016f,0000000001
2026-10-04T13:00:08.997843+00:00,187100786457666,108,ok,9.923,244d3e066c7600d8ff020039,7600d8ff0200
2026-10-04T13:00:09.007937+00:00,187100796477583,109,ok,9.994,244d3e0a6d0000000000002300000044,00000000000023000000
2026-10-04T13:00:09.017894+00:00,187100806634333,110,ok,9.798,244d3e076e97000000000000fe,97000000000000
2026-10-04T13:00:09.028002+00:00,187100816531708,118,ok,10.007,244d3e15760004000000000000000000000000000000000000a5c2,0004000000000000000000000000000000000000a5
2026-10-04T13:00:09.038469+00:00,187100826662875,120,ok,10.341,244d3efc78e803d007dc05640000ff00000000e803d007dc05640000ff00000000e803d007dc05640000ff00000000e803d007dc05640000ff00000000e803d007dc05640000ff00000000e803d007dc05640000ff00000000e803d007dc05640000ff00000000e803d007dc05640000ff00000000e803d007dc05640000ff00000000e803d007dc05640000ff00000000e803d007dc05640000ff00000000e803d007dc05640000ff00000000e803d007dc05640000ff00000000e803d007dc05640000ff00000000e803d007dc05640000ff00000000e803d007dc05640000ff00000000e803d007dc05640000ff00000000e803d007dc05640000ff0000000084,e803d007dc05640000ff00000000e803d007dc05640000ff00000000e803d007dc05640000ff00000000e803d007dc05640000ff00000000e803d007dc05640000ff00000000e803d007dc05640000ff00000000e803d007dc05640000ff00000000e803d007dc05640000ff00000000e803d007dc05640000ff00000000e803d007dc05640000ff00000000e803d007dc05640000ff00000000e803d007dc05640000ff00000000e803d007dc05640000ff00000000e803d007dc05640000ff00000000e803d007dc05640000ff00000000e803d007dc05640000ff00000000e803d007dc05640000ff00000000e803d007dc05640000ff00000000
2026-10-04T13:00:09.048283+00:00,187100837156083,151,ok,9.663,244d3e09970101010001010001009e,010101000101000100
2026-10-04T13:00:09.058307+00:00,187100846930666,166,ok,9.915,244d3e15a679000100000000000000500b00000f270f270f274af2,79000100000000000000500b00000f270f270f274a
2026-10-04T13:00:09.930824+00:00,187101724113708,1,ok,5.251,244d3e030100020505,000205
2026-10-04T13:00:09.940814+00:00,187101729472833,2,ok,9.876,244d3e0402494e415616,494e4156
2026-10-04T13:00:09.950879+00:00,187101739516500,3,ok,9.899,244d3e030309010008,090100
2026-10-04T13:00:09.960946+00:00,187101749552666,4,ok,9.925,244d3e18044d373241000002010f4d414d4241463732325f323032324136,4d373241000002010f4d414d4241463732325f3230323241
2026-10-04T13:00:09.971134+00:00,187101759685458,101,ok,9.989,244d3e0b6506043200cb00000000800015,06043200cb000000008000
2026-10-04T13:00:09.980953+00:00,187101769791875,106,ok,9.697,244d3e126a00000000000000000000efff000000000f2740,00000000000000000000efff000000000f27
2026-10-04T13:00:09.991030+00:00,187101779618875,107,ok,9.941,244d3e056b00000000016f,0000000001
2026-10-04T13:00:10.000956+00:00,187101789693416,108,ok,9.802,244d3e066c7700d8ff020038,7700d8ff0200
2026-10-04T13:00:10.011047+00:00,187101799579791,109,ok,10.004,244d3e0a6d0000000000002300000044,00000000000023000000
2026-10-04T13:00:10.021015+00:00,187101809710541,110,ok,9.842,244d3e076e97000000000000fe,97000000000000
2026-10-04T13:00:10.031130+00:00,187101819688375,118,ok,9.975,244d3e15760004000000000000000000000000000000000000a5c2,0004000000000000000000000000000000000000a5
2026-10-04T13:00:10.041450+00:00,187101829845458,120,ok,10.135,244d3efc78e803d007dc05640000ff00000000e803d007dc05640000ff00000000e803d007dc05640000ff00000000e803d007dc05640000ff00000000e803d007dc05640000ff00000000e803d007dc05640000ff00000000e803d007dc05640000ff00000000e803d007dc05640000ff00000000e803d007dc05640000ff00000000e803d007dc05640000ff00000000e803d007dc05640000ff00000000e803d007dc05640000ff00000000e803d007dc05640000ff00000000e803d007dc05640000ff00000000e803d007dc05640000ff00000000e803d007dc05640000ff00000000e803d007dc05640000ff00000000e803d007dc05640000ff0000000084,e803d007dc05640000ff00000000e803d007dc05640000ff00000000e803d007dc05640000ff00000000e803d007dc05640000ff00000000e803d007dc05640000ff00000000e803d007dc05640000ff00000000e803d007dc05640000ff00000000e803d007dc05640000ff00000000e803d007dc05640000ff00000000e803d007dc05640000ff00000000e803d007dc05640000ff00000000e803d007dc05640000ff00000000e803d007dc05640000ff00000000e803d007dc05640000ff00000000e803d007dc05640000ff00000000e803d007dc05640000ff00000000e803d007dc05640000ff00000000e803d007dc05640000ff00000000
2026-10-04T13:00:10.051395+00:00,187101840260791,151,ok,9.668,244d3e09970101010001010001009e,010101000101000100
2026-10-04T13:00:10.061436+00:00,187101850094833,166,ok,9.878,244d3e15a679000100000000000000600b00000f270f270f274ac2,79000100000000000000600b00000f270f270f274a
2026-10-04T13:00:10.933952+00:00,187102725593208,1,ok,6.894,244d3e030100020505,000205
2026-10-04T13:00:10.944059+00:00,187102732637833,2,ok,9.945,244d3e0402494e415616,494e4156
2026-10-04T13:00:10.954014+00:00,187102742809041,3,ok,9.741,244d3e030309010008,090100
2026-10-04T13:00:10.964010+00:00,187102752693291,4,ok,9.853,244d3e18044d373241000002010f4d414d4241463732325f323032324136,4d373241000002010f4d414d4241463732325f3230323241
2026-10-04T13:00:10.974127+00:00,187102762678125,101,ok,9.978,244d3e0b65e9033200cb000000008000fd,e9033200cb000000008000
2026-10-04T13:00:10.984154+00:00,187102772934708,106,ok,9.751,244d3e126a00000000000000000000efff000000000f2740,00000000000000000000efff000000000f27
2026-10-04T13:00:10.994031+00:00,187102782900750,107,ok,9.665,244d3e056b00000000016f,0000000001
2026-10-04T13:00:11.004042+00:00,187102792730291,108,ok,9.850,244d3e066c7600d8ff020039,7600d8ff0200
2026-10-04T13:00:11.014217+00:00,187102802818333,109,ok,9.928,244d3e0a6d0000000000002300000044,00000000000023000000
2026-10-04T13:00:11.024151+00:00,187102812976833,110,ok,9.707,244d3e076e97000000000000fe,97000000000000
2026-10-04T13:00:11.034155+00:00,187102822853500,118,ok,9.838,244d3e15760004000000000000000000000000000000000000a5c2,0004000000000000000000000000000000000000a5
2026-10-04T13:00:11.044378+00:00,187102832849416,120,ok,10.066,244d3efc78e803d007dc05640000ff00000000e803d007dc05640000ff00000000e803d007dc05640000ff00000000e803d007dc05640000ff00000000e803d007dc05640000ff00000000e803d007dc05640000ff00000000e803d007dc05640000ff00000000e803d007dc05640000ff00000000e803d007dc05640000ff00000000e803d007dc05640000ff00000000e803d007dc05640000ff00000000e803d007dc05640000ff00000000e803d007dc05640000ff00000000e803d007dc05640000ff00000000e803d007dc05640000ff00000000e803d007dc05640000ff00000000e803d007dc05640000ff00000000e803d007dc05640000ff0000000084,e803d007dc05640000ff00000000e803d007dc05640000ff00000000e803d007dc05640000ff00000000e803d007dc05640000ff00000000e803d007dc05640000ff00000000e803d007dc05640000ff00000000e803d007dc05640000ff00000000e803d007dc05640000ff00000000e803d007dc05640000ff00000000e803d007dc05640000ff00000000e803d007dc05640000ff00000000e803d007dc05640000ff00000000e803d007dc05640000ff00000000e803d007dc05640000ff00000000e803d007dc05640000ff00000000e803d007dc05640000ff00000000e803d007dc05640000ff00000000e803d007dc05640000ff00000000
2026-10-04T13:00:11.054145+00:00,187102843142833,151,ok,9.541,244d3e09970101010001010001009e,010101000101000100
2026-10-04T13:00:11.064203+00:00,187102852810791,166,ok,9.929,244d3e15a679000100000000000000710b00000f270f270f274ad3,79000100000000000000710b00000f270f270f274a
2026-10-04T13:00:11.936997+00:00,187103730691333,1,ok,4.847,244d3e030100020505,000205
2026-10-04T13:00:11.947136+00:00,187103735653666,2,ok,10.014,244d3e0402494e415616,494e4156
2026-10-04T13:00:11.956994+00:00,187103745881166,3,ok,9.652,244d3e030309010008,090100
2026-10-04T13:00:11.967234+00:00,187103755652875,4,ok,10.122,244d3e18044d373241000002010f4d414d4241463732325f323032324136,4d373241000002010f4d414d4241463732325f3230323241
2026-10-04T13:00:11.977188+00:00,187103765917750,101,ok,9.803,244d3e0b65f5033200cb000000008000e1,f5033200cb000000008000
2026-10-04T13:00:11.987117+00:00,187103775923166,106,ok,9.732,244d3e126a00000000000000000000efff000000000f2740,00000000000000000000efff000000000f27
2026-10-04T13:00:11.997402+00:00,187103785813541,107,ok,10.126,244d3e056b00000000016f,0000000001
2026-10-04T13:00:12.007622+00:00,187103796062666,108,ok,10.092,244d3e066c7700d8ff020038,7700d8ff0200
2026-10-04T13:00:12.017634+00:00,187103806377541,109,ok,9.788,244d3e0a6d0000000000002b0000004c,0000000000002b000000
2026-10-04T13:00:12.027535+00:00,187103816379041,110,ok,9.690,244d3e076e97000000000000fe,97000000000000
2026-10-04T13:00:12.037544+00:00,187103826199833,118,ok,9.885,244d3e15760004000000000000000000000000000000000000a5c2,0004000000000000000000000000000000000000a5
2026-10-04T13:00:12.047796+00:00,187103836210958,120,ok,10.123,244d3efc78e803d007dc05640000ff00000000e803d007dc05640000ff00000000e803d007dc05640000ff00000000e803d007dc05640000ff00000000e803d007dc05640000ff00000000e803d007dc05640000ff00000000e803d007dc05640000ff00000000e803d007dc05640000ff00000000e803d007dc05640000ff00000000e803d007dc05640000ff00000000e803d007dc05640000ff00000000e803d007dc05640000ff00000000e803d007dc05640000ff00000000e803d007dc05640000ff00000000e803d007dc05640000ff00000000e803d007dc05640000ff00000000e803d007dc05640000ff00000000e803d007dc05640000ff0000000084,e803d007dc05640000ff00000000e803d007dc05640000ff00000000e803d007dc05640000ff00000000e803d007dc05640000ff00000000e803d007dc05640000ff00000000e803d007dc05640000ff00000000e803d007dc05640000ff00000000e803d007dc05640000ff00000000e803d007dc05640000ff00000000e803d007dc05640000ff00000000e803d007dc05640000ff00000000e803d007dc05640000ff00000000e803d007dc05640000ff00000000e803d007dc05640000ff00000000e803d007dc05640000ff00000000e803d007dc05640000ff00000000e803d007dc05640000ff00000000e803d007dc05640000ff00000000
2026-10-04T13:00:12.057570+00:00,187103846474958,151,ok,9.636,244d3e09970101010001010001009e,010101000101000100
2026-10-04T13:00:12.067509+00:00,187103856191333,166,ok,9.862,244d3e15a678000100000000000000810b00000f270f270f274a22,78000100000000000000810b00000f270f270f274a
2026-10-04T13:00:12.941008+00:00,187104735650083,1,ok,3.898,244d3e030100020505,000205
2026-10-04T13:00:12.951131+00:00,187104739697125,2,ok,9.969,244d3e0402494e415616,494e4156
2026-10-04T13:00:12.961326+00:00,187104749900000,3,ok,9.965,244d3e030309010008,090100
2026-10-04T13:00:12.971333+00:00,187104760013416,4,ok,9.864,244d3e18044d373241000002010f4d414d4241463732325f323032324136,4d373241000002010f4d414d4241463732325f3230323241
2026-10-04T13:00:12.981569+00:00,187104769976750,101,ok,10.123,244d3e0b65ec033200cb000000008000f8,ec033200cb000000008000
2026-10-04T13:00:12.991739+00:00,187104780371625,106,ok,9.903,244d3e126a00000000000000000000efff000000000f2740,00000000000000000000efff000000000f27
2026-10-04T13:00:13.001806+00:00,187104790450000,107,ok,9.888,244d3e056b00000000016f,0000000001
2026-10-04T13:00:13.011806+00:00,187104800626000,108,ok,9.714,244d3e066c7700d8ff020038,7700d8ff0200
2026-10-04T13:00:13.022150+00:00,187104810515750,109,ok,10.173,244d3e0a6d0000000000002300000044,00000000000023000000
2026-10-04T13:00:13.032099+00:00,187104820854125,110,ok,9.784,244d3e076e97000000000000fe,97000000000000
2026-10-04T13:00:13.042257+00:00,187104830785208,118,ok,10.003,244d3e15760004000000000000000000000000000000000000a5c2,0004000000000000000000000000000000000000a5
2026-10-04T13:00:13.052810+00:00,187104841031125,120,ok,10.317,244d3efc78e803d007dc05640000ff00000000e803d007dc05640000ff00000000e803d007dc05640000ff00000000e803d007dc05640000ff00000000e803d007dc05640000ff00000000e803d007dc05640000ff00000000e803d007dc05640000ff00000000e803d007dc05640000ff00000000e803d007dc05640000ff00000000e803d007dc05640000ff00000000e803d007dc05640000ff00000000e803d007dc05640000ff00000000e803d007dc05640000ff00000000e803d007dc05640000ff00000000e803d007dc05640000ff00000000e803d007dc05640000ff00000000e803d007dc05640000ff00000000e803d007dc05640000ff0000000084,e803d007dc05640000ff00000000e803d007dc05640000ff00000000e803d007dc05640000ff00000000e803d007dc05640000ff00000000e803d007dc05640000ff00000000e803d007dc05640000ff00000000e803d007dc05640000ff00000000e803d007dc05640000ff00000000e803d007dc05640000ff00000000e803d007dc05640000ff00000000e803d007dc05640000ff00000000e803d007dc05640000ff00000000e803d007dc05640000ff00000000e803d007dc05640000ff00000000e803d007dc05640000ff00000000e803d007dc05640000ff00000000e803d007dc05640000ff00000000e803d007dc05640000ff00000000
2026-10-04T13:00:13.062486+00:00,187104851488708,151,ok,9.534,244d3e09970101010001010001009e,010101000101000100
2026-10-04T13:00:13.072441+00:00,187104861174708,166,ok,9.810,244d3e15a678000100000000000000910b00000f270f270f274a32,78000100000000000000910b00000f270f270f274a
2026-10-04T13:00:13.946467+00:00,187105740845333,1,ok,4.163,244d3e030100020505,000205
2026-10-04T13:00:13.956490+00:00,187105745147750,2,ok,9.885,244d3e0402494e415616,494e4156
2026-10-04T13:00:13.966510+00:00,187105755165583,3,ok,9.887,244d3e030309010008,090100
2026-10-04T13:00:13.976617+00:00,187105765194791,4,ok,9.962,244d3e18044d373241000002010f4d414d4241463732325f323032324136,4d373241000002010f4d414d4241463732325f3230323241
2026-10-04T13:00:13.986641+00:00,187105775331875,101,ok,9.847,244d3e0b65f1033200cb000000008000e5,f1033200cb000000008000
2026-10-04T13:00:13.996883+00:00,187105785336750,106,ok,10.088,244d3e126a00000000000000000000efff000000000f2740,00000000000000000000efff000000000f27
2026-10-04T13:00:14.007180+00:00,187105795553250,107,ok,10.162,244d3e056b00000000016f,0000000001
2026-10-04T13:00:14.017047+00:00,187105805937500,108,ok,9.645,244d3e066c7700d8ff020038,7700d8ff0200
2026-10-04T13:00:14.026998+00:00,187105815750500,109,ok,9.787,244d3e0a6d0000000000002b0000004c,0000000000002b000000
2026-10-04T13:00:14.036995+00:00,187105825672166,110,ok,9.867,244d3e076e97000000000000fe,97000000000000
2026-10-04T13:00:14.047089+00:00,187105835650791,118,ok,9.976,244d3e15760004000000000000000000000000000000000000a5c2,0004000000000000000000000000000000000000a5
2026-10-04T13:00:14.057288+00:00,187105845796791,120,ok,10.027,244d3efc78e803d007dc05640000ff00000000e803d007dc05640000ff00000000e803d007dc05640000ff00000000e803d007dc05640000ff00000000e803d007dc05640000ff00000000e803d007dc05640000ff00000000e803d007dc05640000ff00000000e803d007dc05640000ff00000000e803d007dc05640000ff00000000e803d007dc05640000ff00000000e803d007dc05640000ff00000000e803d007dc05640000ff00000000e803d007dc05640000ff00000000e803d007dc05640000ff00000000e803d007dc05640000ff00000000e803d007dc05640000ff00000000e803d007dc05640000ff00000000e803d007dc05640000ff0000000084,e803d007dc05640000ff00000000e803d007dc05640000ff00000000e803d007dc05640000ff00000000e803d007dc05640000ff00000000e803d007dc05640000ff00000000e803d007dc05640000ff00000000e803d007dc05640000ff00000000e803d007dc05640000ff00000000e803d007dc05640000ff00000000e803d007dc05640000ff00000000e803d007dc05640000ff00000000e803d007dc05640000ff00000000e803d007dc05640000ff00000000e803d007dc05640000ff00000000e803d007dc05640000ff00000000e803d007dc05640000ff00000000e803d007dc05640000ff00000000e803d007dc05640000ff00000000
2026-10-04T13:00:14.067026+00:00,187105856039083,151,ok,9.531,244d3e09970101010001010001009e,010101000101000100
2026-10-04T13:00:14.077143+00:00,187105865678375,166,ok,10.008,244d3e15a68c000100000000000000a10b00000f270f270f274af6,8c000100000000000000a10b00000f270f270f274a
2026-10-04T13:00:14.950522+00:00,187106742173416,1,ok,6.889,244d3e030100020505,000205
2026-10-04T13:00:14.960370+00:00,187106749234708,2,ok,9.677,244d3e0402494e415616,494e4156
2026-10-04T13:00:14.970275+00:00,187106759077083,3,ok,9.739,244d3e030309010008,090100
2026-10-04T13:00:14.980289+00:00,187106769062125,4,ok,9.768,244d3e18044d373241000002010f4d414d4241463732325f323032324136,4d373241000002010f4d414d4241463732325f3230323241
2026-10-04T13:00:14.990284+00:00,187106779027833,101,ok,9.797,244d3e0b65f1033200cb000000008000e5,f1033200cb000000008000
2026-10-04T13:00:15.000331+00:00,187106788993708,106,ok,9.879,244d3e126a00000000000000000000efff000000000f2740,00000000000000000000efff000000000f27
2026-10-04T13:00:15.010399+00:00,187106799069208,107,ok,9.868,244d3e056b00000000016f,0000000001
2026-10-04T13:00:15.020350+00:00,187106809117166,108,ok,9.774,244d3e066c7700d8ff020038,7700d8ff0200
2026-10-04T13:00:15.030303+00:00,187106819059333,109,ok,9.790,244d3e0a6d0000000000002300000044,00000000000023000000
2026-10-04T13:00:15.040404+00:00,187106828977333,110,ok,9.970,244d3e076e97000000000000fe,97000000000000
2026-10-04T13:00:15.050426+00:00,187106839072625,118,ok,9.898,244d3e15760004000000000000000000000000000000000000a5c2,0004000000000000000000000000000000000000a5
2026-10-04T13:00:15.060659+00:00,187106849101666,120,ok,10.100,244d3efc78e803d007dc05640000ff00000000e803d007dc05640000ff00000000e803d007dc05640000ff00000000e803d007dc05640000ff00000000e803d007dc05640000ff00000000e803d007dc05640000ff00000000e803d007dc05640000ff00000000e803d007dc05640000ff00000000e803d007dc05640000ff00000000e803d007dc05640000ff00000000e803d007dc05640000ff00000000e803d007dc05640000ff00000000e803d007dc05640000ff00000000e803d007dc05640000ff00000000e803d007dc05640000ff00000000e803d007dc05640000ff00000000e803d007dc05640000ff00000000e803d007dc05640000ff0000000084,e803d007dc05640000ff00000000e803d007dc05640000ff00000000e803d007dc05640000ff00000000e803d007dc05640000ff00000000e803d007dc05640000ff00000000e803d007dc05640000ff00000000e803d007dc05640000ff00000000e803d007dc05640000ff00000000e803d007dc05640000ff00000000e803d007dc05640000ff00000000e803d007dc05640000ff00000000e803d007dc05640000ff00000000e803d007dc05640000ff00000000e803d007dc05640000ff00000000e803d007dc05640000ff00000000e803d007dc05640000ff00000000e803d007dc05640000ff00000000e803d007dc05640000ff00000000
2026-10-04T13:00:15.070414+00:00,187106859450458,151,ok,9.509,244d3e09970101010001010001009e,010101000101000100
2026-10-04T13:00:15.080423+00:00,187106869105916,166,ok,9.864,244d3e15a68c000100000000000000b10b00000f270f270f274ae6,8c000100000000000000b10b00000f270f270f274a
2026-10-04T13:00:15.953533+00:00,187107744042208,1,ok,8.039,244d3e030100020505,000205
2026-10-04T13:00:15.963560+00:00,187107752226166,2,ok,9.878,244d3e0402494e415616,494e4156
2026-10-04T13:00:15.973630+00:00,187107762240375,3,ok,9.931,244d3e030309010008,090100
2026-10-04T13:00:15.983660+00:00,187107772331958,4,ok,9.870,244d3e18044d373241000002010f4d414d4241463732325f323032324136,4d373241000002010f4d414d4241463732325f3230323241
2026-10-04T13:00:15.993683+00:00,187107782362083,101,ok,9.863,244d3e0b65eb033200cb000000008000ff,eb033200cb000000008000
2026-10-04T13:00:16.003697+00:00,187107792401791,106,ok,9.836,244d3e126a00000000000000000000efff000000000f2740,00000000000000000000efff000000000f27
2026-10-04T13:00:16.013788+00:00,187107802362000,107,ok,9.971,244d3e056b00000000016f,0000000001
2026-10-04T13:00:16.024032+00:00,187107812460000,108,ok,10.115,244d3e066c7700d8ff020038,7700d8ff0200
2026-10-04T13:00:16.034124+00:00,187107822741583,109,ok,9.921,244d3e0a6d0000000000002b0000004c,0000000000002b000000
2026-10-04T13:00:16.044055+00:00,187107832851500,110,ok,9.744,244d3e076e97000000000000fe,97000000000000
2026-10-04T13:00:16.054151+00:00,187107842722291,118,ok,9.967,244d3e15760004000000000000000000000000000000000000a5c2,0004000000000000000000000000000000000000a5
2026-10-04T13:00:16.064240+00:00,187107853070916,120,ok,9.718,244d3efc78e803d007dc05640000ff00000000e803d007dc05640000ff00000000e803d007dc05640000ff00000000e803d007dc05640000ff00000000e803d007dc05640000ff00000000e803d007dc05640000ff00000000e803d007dc05640000ff00000000e803d007dc05640000ff00000000e803d007dc05640000ff00000000e803d007dc05640000ff00000000e803d007dc05640000ff00000000e803d007dc05640000ff00000000e803d007dc05640000ff00000000e803d007dc05640000ff00000000e803d007dc05640000ff00000000e803d007dc05640000ff00000000e803d007dc05640000ff00000000e803d007dc05640000ff0000000084,e803d007dc05640000ff00000000e803d007dc05640000ff00000000e803d007dc05640000ff00000000e803d007dc05640000ff00000000e803d007dc05640000ff00000000e803d007dc05640000ff00000000e803d007dc05640000ff00000000e803d007dc05640000ff00000000e803d007dc05640000ff00000000e803d007dc05640000ff00000000e803d007dc05640000ff00000000e803d007dc05640000ff00000000e803d007dc05640000ff00000000e803d007dc05640000ff00000000e803d007dc05640000ff00000000e803d007dc05640000ff00000000e803d007dc05640000ff00000000e803d007dc05640000ff00000000
2026-10-04T13:00:16.074093+00:00,187107862902625,151,ok,9.738,244d3e09970101010001010001009e,010101000101000100
2026-10-04T13:00:16.084133+00:00,187107872751000,166,ok,9.928,244d3e15a678000100000000000000c20b00000f270f270f274a61,78000100000000000000c20b00000f270f270f274a
2026-10-04T13:00:16.957062+00:00,187108745664583,1,ok,9.939,244d3e030100020505,000205
2026-10-04T13:00:16.967030+00:00,187108755771125,2,ok,9.803,244d3e0402494e415616,494e4156
2026-10-04T13:00:16.977083+00:00,187108765755375,3,ok,9.867,244d3e030309010008,090100
2026-10-04T13:00:16.987108+00:00,187108775827083,4,ok,9.823,244d3e18044d373241000002010f4d414d4241463732325f323032324136,4d373241000002010f4d414d4241463732325f3230323241
2026-10-04T13:00:16.997087+00:00,187108785843875,101,ok,9.785,244d3e0b6504043200cb00000000800017,04043200cb000000008000
2026-10-04T13:00:17.007154+00:00,187108795815541,106,ok,9.877,244d3e126a00000000000000000000efff000000000f2740,00000000000000000000efff000000000f27
2026-10-04T13:00:17.017006+00:00,187108805871541,107,ok,9.686,244d3e056b00000000016f,0000000001
2026-10-04T13:00:17.027064+00:00,187108815649666,108,ok,9.963,244d3e066c7700d8ff020038,7700d8ff0200
2026-10-04T13:00:17.037274+00:00,187108825724583,109,ok,10.091,244d3e0a6d0000000000002b0000004c,0000000000002b000000
2026-10-04T13:00:17.047223+00:00,187108836039916,110,ok,9.723,244d3e076e97000000000000fe,97000000000000
2026-10-04T13:00:17.057167+00:00,187108845989833,118,ok,9.724,244d3e15760004000000000000000000000000000000000000a5c2,0004000000000000000000000000000000000000a5
2026-10-04T13:00:17.067337+00:00,187108855875500,120,ok,10.013,244d3efc78e803d007dc05640000ff00000000e803d007dc05640000ff00000000e803d007dc05640000ff00000000e803d007dc05640000ff00000000e803d007dc05640000ff00000000e803d007dc05640000ff00000000e803d007dc05640000ff00000000e803d007dc05640000ff00000000e803d007dc05640000ff00000000e803d007dc05640000ff00000000e803d007dc05640000ff00000000e803d007dc05640000ff00000000e803d007dc05640000ff00000000e803d007dc05640000ff00000000e803d007dc05640000ff00000000e803d007dc05640000ff00000000e803d007dc05640000ff00000000e803d007dc05640000ff0000000084,e803d007dc05640000ff00000000e803d007dc05640000ff00000000e803d007dc05640000ff00000000e803d007dc05640000ff00000000e803d007dc05640000ff00000000e803d007dc05640000ff00000000e803d007dc05640000ff00000000e803d007dc05640000ff00000000e803d007dc05640000ff00000000e803d007dc05640000ff00000000e803d007dc05640000ff00000000e803d007dc05640000ff00000000e803d007dc05640000ff00000000e803d007dc05640000ff00000000e803d007dc05640000ff00000000e803d007dc05640000ff00000000e803d007dc05640000ff00000000e803d007dc05640000ff00000000
2026-10-04T13:00:17.077114+00:00,187108865997541,151,ok,9.671,244d3e09970101010001010001009e,010101000101000100
2026-10-04T13:00:17.087248+00:00,187108875736625,166,ok,10.062,244d3e15a678000100000000000000d20b00000f270f270f274a71,78000100000000000000d20b00000f270f270f274a
2026-10-04T13:00:17.951193+00:00,187109746351708,1,ok,3.383,244d3e030100020505,000205
2026-10-04T13:00:17.961646+00:00,187109749903625,2,ok,10.283,244d3e0402494e415616,494e4156
2026-10-04T13:00:17.971625+00:00,187109760389958,3,ok,9.778,244d3e030309010008,090100
2026-10-04T13:00:17.981956+00:00,187109770337000,4,ok,10.163,244d3e18044d373241000002010f4d414d4241463732325f323032324136,4d373241000002010f4d414d4241463732325f3230323241
2026-10-04T13:00:17.991878+00:00,187109780680750,101,ok,9.748,244d3e0b6503043200cb00000000800010,03043200cb000000008000
2026-10-04T13:00:18.002116+00:00,187109790564458,106,ok,10.097,244d3e126a00000000000000000000efff000000000f2740,00000000000000000000efff000000000f27
2026-10-04T13:00:18.012013+00:00,187109800848791,107,ok,9.715,244d3e056b00000000016f,0000000001
2026-10-04T13:00:18.022058+00:00,187109810666791,108,ok,9.937,244d3e066c7700d8ff020038,7700d8ff0200
2026-10-04T13:00:18.031939+00:00,187109820781250,109,ok,9.710,244d3e0a6d0000000000002b0000004c,0000000000002b000000
2026-10-04T13:00:18.042095+00:00,187109830596958,110,ok,10.043,244d3e076e97000000000000fe,97000000000000
2026-10-04T13:00:18.052211+00:00,187109840806625,118,ok,9.953,244d3e15760004000000000000000000000000000000000000a5c2,0004000000000000000000000000000000000000a5
2026-10-04T13:00:18.062243+00:00,187109850945708,120,ok,9.846,244d3efc78e803d007dc05640000ff00000000e803d007dc05640000ff00000000e803d007dc05640000ff00000000e803d007dc05640000ff00000000e803d007dc05640000ff00000000e803d007dc05640000ff00000000e803d007dc05640000ff00000000e803d007dc05640000ff00000000e803d007dc05640000ff00000000e803d007dc05640000ff00000000e803d007dc05640000ff00000000e803d007dc05640000ff00000000e803d007dc05640000ff00000000e803d007dc05640000ff00000000e803d007dc05640000ff00000000e803d007dc05640000ff00000000e803d007dc05640000ff00000000e803d007dc05640000ff0000000084,e803d007dc05640000ff00000000e803d007dc05640000ff00000000e803d007dc05640000ff00000000e803d007dc05640000ff00000000e803d007dc05640000ff00000000e803d007dc05640000ff00000000e803d007dc05640000ff00000000e803d007dc05640000ff00000000e803d007dc05640000ff00000000e803d007dc05640000ff00000000e803d007dc05640000ff00000000e803d007dc05640000ff00000000e803d007dc05640000ff00000000e803d007dc05640000ff00000000e803d007dc05640000ff00000000e803d007dc05640000ff00000000e803d007dc05640000ff00000000e803d007dc05640000ff00000000
2026-10-04T13:00:18.072111+00:00,187109860938291,151,ok,9.722,244d3e09970101010001010001009e,010101000101000100
2026-10-04T13:00:18.082085+00:00,187109870807458,166,ok,9.832,244d3e15a678000100000000000000e20b00000f270f270f274a41,78000100000000000000e20b00000f270f270f274a
2026-10-04T13:00:18.955868+00:00,187110748503916,1,ok,5.912,244d3e030100020505,000205
2026-10-04T13:00:18.965947+00:00,187110754548000,2,ok,9.943,244d3e0402494e415616,494e4156
2026-10-04T13:00:18.976203+00:00,187110764700541,3,ok,10.049,244d3e030309010008,090100
2026-10-04T13:00:18.986581+00:00,187110774909416,4,ok,10.216,244d3e18044d373241000002010f4d414d4241463732325f323032324136,4d373241000002010f4d414d4241463732325f3230323241
2026-10-04T13:00:18.996277+00:00,187110785300500,101,ok,9.524,244d3e0b65f6033200cb000000008000e2,f6033200cb000000008000
2026-10-04T13:00:19.006244+00:00,187110794956875,106,ok,9.837,244d3e126a00000000000000000000efff000000000f2740,00000000000000000000efff000000000f27
2026-10-04T13:00:19.016259+00:00,187110804921833,107,ok,9.883,244d3e056b00000000016f,0000000001
2026-10-04T13:00:19.026256+00:00,187110814976583,108,ok,9.831,244d3e066c7700d8ff020038,7700d8ff0200
2026-10-04T13:00:19.036257+00:00,187110824938291,109,ok,9.872,244d3e0a6d0000000000002300000044,00000000000023000000
2026-10-04T13:00:19.047151+00:00,187110834924083,110,ok,10.774,244d3e076e97000000000000fe,97000000000000
2026-10-04T13:00:19.056708+00:00,187110845882750,118,ok,9.371,244d3e15760004000000000000000000000000000000000000a5c2,0004000000000000000000000000000000000000a5
2026-10-04T13:00:19.067271+00:00,187110855435583,120,ok,10.383,244d3efc78e803d007dc05640000ff00000000e803d007dc05640000ff00000000e803d007dc05640000ff00000000e803d007dc05640000ff00000000e803d007dc05640000ff00000000e803d007dc05640000ff00000000e803d007dc05640000ff00000000e803d007dc05640000ff00000000e803d007dc05640000ff00000000e803d007dc05640000ff00000000e803d007dc05640000ff00000000e803d007dc05640000ff00000000e803d007dc05640000ff00000000e803d007dc05640000ff00000000e803d007dc05640000ff00000000e803d007dc05640000ff00000000e803d007dc05640000ff00000000e803d007dc05640000ff0000000084,e803d007dc05640000ff00000000e803d007dc05640000ff00000000e803d007dc05640000ff00000000e803d007dc05640000ff00000000e803d007dc05640000ff00000000e803d007dc05640000ff00000000e803d007dc05640000ff00000000e803d007dc05640000ff00000000e803d007dc05640000ff00000000e803d007dc05640000ff00000000e803d007dc05640000ff00000000e803d007dc05640000ff00000000e803d007dc05640000ff00000000e803d007dc05640000ff00000000e803d007dc05640000ff00000000e803d007dc05640000ff00000000e803d007dc05640000ff00000000e803d007dc05640000ff00000000
2026-10-04T13:00:19.076967+00:00,187110866005416,151,ok,9.514,244d3e09970101010001010001009e,010101000101000100
2026-10-04T13:00:19.086962+00:00,187110875625375,166,ok,9.891,244d3e15a678000100000000000000f20b00000f270f270f274a51,78000100000000000000f20b00000f270f270f274a
2026-10-04T13:00:19.959748+00:00,187111751473833,1,ok,6.828,244d3e030100020505,000205
2026-10-04T13:00:19.969857+00:00,187111758404166,2,ok,10.002,244d3e0402494e415616,494e4156
2026-10-04T13:00:19.979887+00:00,187111768565291,3,ok,9.871,244d3e030309010008,090100
2026-10-04T13:00:19.989936+00:00,187111778603833,4,ok,9.881,244d3e18044d373241000002010f4d414d4241463732325f323032324136,4d373241000002010f4d414d4241463732325f3230323241
2026-10-04T13:00:20.000222+00:00,187111788643291,101,ok,10.128,244d3e0b65fa033200cb000000008000ee,fa033200cb000000008000
2026-10-04T13:00:20.010332+00:00,187111798930083,106,ok,9.952,244d3e126a00000000000000000000efff000000000f2740,00000000000000000000efff000000000f27
2026-10-04T13:00:20.020288+00:00,187111809076583,107,ok,9.752,244d3e056b00000000016f,0000000001
2026-10-04T13:00:20.030258+00:00,187111819011333,108,ok,9.798,244d3e066c7700d8ff020038,7700d8ff0200
2026-10-04T13:00:20.040432+00:00,187111828958208,109,ok,10.018,244d3e0a6d0000000000002300000044,00000000000023000000
2026-10-04T13:00:20.050358+00:00,187111839182250,110,ok,9.660,244d3e076e97000000000000fe,97000000000000
2026-10-04T13:00:20.060260+00:00,187111849041958,118,ok,9.768,244d3e15760004000000000000000000000000000000000000a5c2,0004000000000000000000000000000000000000a5
2026-10-04T13:00:20.070589+00:00,187111858974000,120,ok,10.168,244d3efc78e803d007dc05640000ff00000000e803d007dc05640000ff00000000e803d007dc05640000ff00000000e803d007dc05640000ff00000000e803d007dc05640000ff00000000e803d007dc05640000ff00000000e803d007dc05640000ff00000000e803d007dc05640000ff00000000e803d007dc05640000ff00000000e803d007dc05640000ff00000000e803d007dc05640000ff00000000e803d007dc05640000ff00000000e803d007dc05640000ff00000000e803d007dc05640000ff00000000e803d007dc05640000ff00000000e803d007dc05640000ff00000000e803d007dc05640000ff00000000e803d007dc05640000ff0000000084,e803d007dc05640000ff00000000e803d007dc05640000ff00000000e803d007dc05640000ff00000000e803d007dc05640000ff00000000e803d007dc05640000ff00000000e803d007dc05640000ff00000000e803d007dc05640000ff00000000e803d007dc05640000ff00000000e803d007dc05640000ff00000000e803d007dc05640000ff00000000e803d007dc05640000ff00000000e803d007dc05640000ff00000000e803d007dc05640000ff00000000e803d007dc05640000ff00000000e803d007dc05640000ff00000000e803d007dc05640000ff00000000e803d007dc05640000ff00000000e803d007dc05640000ff00000000
2026-10-04T13:00:20.080082+00:00,187111869300708,151,ok,9.334,244d3e09970101010001010001009e,010101000101000100
2026-10-04T13:00:20.090100+00:00,187111878744958,166,ok,9.909,244d3e15a679000100000000000000020c00000f270f270f274aa7,79000100000000000000020c00000f270f270f274a
2026-10-04T13:00:20.963841+00:00,187112756581375,1,ok,5.807,244d3e030100020505,000205
2026-10-04T13:00:20.973872+00:00,187112762619958,2,ok,9.803,244d3e0402494e415616,494e4156
2026-10-04T13:00:20.983863+00:00,187112772591291,3,ok,9.822,244d3e030309010008,090100
2026-10-04T13:00:20.993880+00:00,187112782617583,4,ok,9.810,244d3e18044d373241000002010f4d414d4241463732325f323032324136,4d373241000002010f4d414d4241463732325f3230323241
2026-10-04T13:00:21.003868+00:00,187112792595166,101,ok,9.828,244d3e0b65ef033200cb000000008000fb,ef033200cb000000008000
2026-10-04T13:00:21.013900+00:00,187112802552416,106,ok,9.902,244d3e126a00000000000000000000efff000000000f2740,00000000000000000000efff000000000f27
2026-10-04T13:00:21.024089+00:00,187112812575333,107,ok,10.062,244d3e056b00000000016f,0000000001
2026-10-04T13:00:21.034058+00:00,187112822816208,108,ok,9.790,244d3e066c7700d8ff020038,7700d8ff0200
2026-10-04T13:00:21.043973+00:00,187112832801083,109,ok,9.726,244d3e0a6d0000000000002b0000004c,0000000000002b000000
2026-10-04T13:00:21.053961+00:00,187112842651250,110,ok,9.865,244d3e076e97000000000000fe,97000000000000
2026-10-04T13:00:21.064057+00:00,187112852608291,118,ok,10.000,244d3e15760004000000000000000000000000000000000000a5c2,0004000000000000000000000000000000000000a5
2026-10-04T13:00:21.074325+00:00,187112862797041,120,ok,10.029,244d3efc78e803d007dc05640000ff00000000e803d007dc05640000ff00000000e803d007dc05640000ff00000000e803d007dc05640000ff00000000e803d007dc05640000ff00000000e803d007dc05640000ff00000000e803d007dc05640000ff00000000e803d007dc05640000ff00000000e803d007dc05640000ff00000000e803d007dc05640000ff00000000e803d007dc05640000ff00000000e803d007dc05640000ff00000000e803d007dc05640000ff00000000e803d007dc05640000ff00000000e803d007dc05640000ff00000000e803d007dc05640000ff00000000e803d007dc05640000ff00000000e803d007dc05640000ff0000000084,e803d007dc05640000ff00000000e803d007dc05640000ff00000000e803d007dc05640000ff00000000e803d007dc05640000ff00000000e803d007dc05640000ff00000000e803d007dc05640000ff00000000e803d007dc05640000ff00000000e803d007dc05640000ff00000000e803d007dc05640000ff00000000e803d007dc05640000ff00000000e803d007dc05640000ff00000000e803d007dc05640000ff00000000e803d007dc05640000ff00000000e803d007dc05640000ff00000000e803d007dc05640000ff00000000e803d007dc05640000ff00000000e803d007dc05640000ff00000000e803d007dc05640000ff00000000
2026-10-04T13:00:21.084067+00:00,187112873036041,151,ok,9.586,244d3e09970101010001010001009e,010101000101000100
2026-10-04T13:00:21.094287+00:00,187112882747166,166,ok,10.090,244d3e15a68c000100000000000000130c00000f270f270f274a43,8c000100000000000000130c00000f270f270f274a
